Id-main,Ra(J2000) deg,Dec(J2000) deg,J,eJ,H,eH,Ks,eKs,Types
10870,296.17892,-14.82286,17.52,0.04,16.53,0.04,16.19,0.05,S
10784,296.21545,-14.83469,17.45,0.03,16.53,0.04,16.2,0.06,S
11004,296.27341,-14.80861,17.6,0.03,16.62,0.03,16.27,0.05,S
11029,296.28308,-14.80497,17.46,0.03,16.55,0.02,16.22,0.05,S
12050,296.25427,-14.81764,18.17,0.07,17.25,0.1,16.7,0.05,S
30528,296.19156,-14.89296,17.76,0.06,16.85,0.04,16.51,0.1,S
10326,296.25522,-14.82579,16.82,0.03,15.86,0.03,15.52,0.02,S
10293,296.29922,-14.8365,17.87,0.88,16.35,0.72,14.98,0.07,L
10310,296.19168,-14.82965,18.32,0.31,16.8,0.19,15.67,0.1,L
10371,296.28415,-14.81194,17.33,0.16,15.94,0.12,15.04,0.07,L
10501,296.23456,-14.7733,18,0.37,16.56,0.32,15.48,0.27,L
10968,296.20154,-14.81282,19.18,0.6,17.3,0.3,15.91,0.2,L
11391,296.18323,-14.76308,18.39,0.32,16.94,0.18,15.82,0.14,L
11401,296.27222,-14.76143,18.09,0.24,16.73,0.17,15.62,0.07,L
11403,296.22778,-14.76111,18.35,0.34,17.01,0.15,16.18,0.09,L
11991,296.27774,-14.82287,18.46,0.18,17.17,0.22,16.13,0.2,L
12070,296.24905,-14.81619,17.49,0.09,16.92,0.21,15.98,0.27,L
12660,296.25348,-14.76936,18.38,0.35,16.83,0.3,15.54,0.27,L
12711,296.24728,-14.76419,18.94,1.05,17.79,0.92,16.8,0.63,L
13390,296.24246,-14.82114,19.99,0.74,18.4,0.44,16.77,0.21,L
14105,296.17993,-14.75767,19.23,0.39,17.44,0.33,15.98,0.26,L
20438,296.27051,-14.73481,19.39,0.38,17.7,0.27,16.08,0.21,L
20608,296.18378,-14.68249,19.57,1.4,17.64,0.95,16.06,0.67,L
20614,296.2677,-14.68061,19.6,1.62,17.6,0.76,16.3,0.53,L
21316,296.17764,-14.6424,18.63,0.79,17.47,0.64,16.42,0.45,L
30767,296.26511,-14.96155,18.07,0.4,17.09,0.3,16.45,0.2,L
30924,296.21112,-14.91074,19.46,0.36,17.55,0.2,16.25,0.13,L
30961,296.30179,-14.90356,19.75,0.26,17.75,0.18,15.96,0.44,L
40030,296.18011,-14.75091,17.02,0.16,16.27,0.2,15.81,0.12,L
40275,296.22681,-14.75065,17.13,0.34,15.92,0.29,15.11,0.28,L
40327,296.23346,-14.74996,17.71,0.18,16.93,0.23,16.52,0.18,L
40419,296.24622,-14.86655,17.98,0.08,16.67,0.06,15.79,0.08,L
40493,296.26105,-14.73764,18.29,0.15,16.78,0.16,15.38,0.19,L
40538,296.2731,-14.75146,17.31,0.16,16.57,0.17,15.96,0.2,L
12557,296.18398,-14.78018,18.23,,17.51,,17.12,,O
11226,296.25229,-14.78475,17.49,,16.54,,16.08,,O
20331,296.20415,-14.63486,16.58,,15.91,,15.46,,O
10184,296.22364,-14.77473,16.44,,15.58,,15.13,,O
30133,296.21816,-14.88035,16.3,,15.53,,15.09,,O
20134,296.21322,-14.68097,16.35,,15.55,,15.07,,O
40139,296.20428,-14.74271,15.25,,14.32,,13.92,,O
10198,296.25088,-14.76786,15.5,,14.68,,14.19,,O
30292,296.18801,-14.87231,15.88,,15.19,,14.68,,O
10091,296.26702,-14.76311,15.46,,14.67,,14.18,,O
20004,296.21293,-14.73224,13.72,,12.97,,12.57,,O
10817,296.23639,-14.83054,17.7,,16.76,,16.04,,Unknown
12751,296.21027,-14.75973,17.89,,16.91,,16.29,,Unknown
11032,296.18048,-14.80431,18.2,,16.91,,15.94,,Unknown
10748,296.17438,-14.83893,18.58,,17.16,,16.11,,Unknown
12208,296.23352,-14.80653,17.87,,16.61,,15.62,,Unknown
21419,296.27563,-14.74923,19.93,,18.27,,16.57,,Unknown
13364,296.19489,-14.82267,18.1,,16.85,,15.86,,Unknown
20239,296.22632,-14.72554,18.04,,16.71,,15.66,,Unknown
20558,296.19647,-14.70265,18.21,,16.6,,15.31,,Unknown
20840,296.30347,-14.74166,18.7,,17.18,,15.98,,Unknown
12466,296.17462,-14.78854,18.42,,17.09,,16.03,,Unknown
40114,296.19916,-14.8616,20.21,,18.61,,16.99,,Unknown
11059,296.21259,-14.80142,18.38,,16.9,,15.79,,Unknown
11296,296.21729,-14.77647,18.37,,16.99,,15.78,,Unknown
30928,296.22229,-14.90997,18.95,,17.42,,16.28,,Unknown
13106,296.24048,-14.84939,19.1,,17.38,,15.96,,Unknown
11305,296.17957,-14.77527,18.02,,16.56,,15.45,,Unknown
30920,296.24246,-14.91158,18.95,,17.21,,15.86,,Unknown
11140,296.22876,-14.79337,18.75,,17.25,,15.93,,Unknown
20439,296.2464,-14.73473,19.15,,17.32,,15.77,,Unknown
10753,296.24295,-14.83836,18.4,,17.06,,15.88,,Unknown
40520,296.26687,-14.74039,18.41,,16.86,,15.51,,Unknown
31168,296.23883,-14.87026,19.49,,17.5,,15.82,,Unknown
21671,296.26569,-14.72024,19.78,,17.78,,16.16,,Unknown
11174,296.21774,-14.78943,19.12,,17.42,,15.9,,Unknown
20569,296.29114,-14.6977,19.24,,17.62,,16.03,,Unknown
12445,296.21661,-14.79057,20.26,,18.34,,16.43,,Unknown
21141,296.29965,-14.69757,18.16,,16.62,,15.42,,Unknown
21234,296.28125,-14.67393,20.16,,18.21,,16.25,,Unknown
12147,296.28897,-14.81087,19.93,,17.89,,16.24,,Unknown
11299,296.25732,-14.77645,19.06,,17.3,,15.73,,Unknown
13293,296.25696,-14.83051,20.3,,18.37,,16.42,,Unknown
21029,296.19858,-14.71837,19.11,,17.07,,15.55,,Unknown
40102,296.19682,-14.75119,19.69,,17.43,,15.69,,Unknown
12177,296.28424,-14.80892,20.5,,18.1,,16.1,,Unknown
10807,296.21631,-14.83196,20.37,,18,,15.89,,Unknown
40623,296.29793,-14.74687,20.4,,18.08,,16.11,,Unknown
30268,296.25891,-14.88796,16.73,,15.44,,14.45,,Unknown
20540,296.18011,-14.71067,17.88,,16.89,,16.39,,C
40590,296.28567,-14.73952,18.01,,17.04,,16.39,,C
20578,296.29065,-14.69641,17.8,,16.82,,16.14,,C
20542,296.17703,-14.71031,17.84,,16.76,,16.02,,C
30430,296.21802,-14.92573,17.67,,16.56,,15.86,,C
12400,296.17468,-14.79389,18,,16.75,,15.88,,C
30583,296.30014,-14.87872,18.37,,17.07,,15.88,,C
20375,296.18277,-14.74815,18.03,,16.62,,15.59,,C
20657,296.22934,-14.65254,17.98,,16.59,,15.56,,C
20588,296.29919,-14.69143,17.56,,16.22,,15.16,,C
40363,296.23649,-14.85697,19.18,,17.73,,16.32,,C
10032,296.22696,-14.80191,14.48,,13.66,,13.34,,s
10074,296.24005,-14.80796,14.74,,13.94,,13.66,,s
20022,296.20816,-14.72616,14.09,,13.21,,12.83,,s
40397,296.24301,-14.74652,14.1,,13.3,,12.99,,s
,296.22287,-14.71018,17.6,,16.76,,16.37,,Ce  
,296.22888,-14.72012,17.5,,16.56,,16.3,,Ce  
,296.22033,-14.72841,18.26,,17.25,,17.15,,Ce  
,296.12738,-14.73369,17.56,,16.81,,16.41,,Ce  
,296.31088,-14.73645,17.18,,16.31,,15.91,,Ce  
,296.28564,-14.74075,16.67,,15.62,,15.09,,Ce: 
,296.18609,-14.7787,16.72,,15.9,,15.54,,Ce  
,296.24578,-14.7865,17.58,,16.73,,16.46,,Ce: 
,296.23651,-14.79789,17.25,,16.52,,16.22,,Ce  
,296.22512,-14.86821,17.31,,16.58,,16.32,,Ce  
,296.21267,-14.87307,17.66,,16.8,,16.47,,Ce  
,295.98809,-13.95111,18.11,,17.36,,17.12,,dMe:
,295.96771,-13.98843,17.87,,17.09,,16.91,,dMe 
,295.95544,-14.21816,18.09,,17.36,,17.22,,dMe:
,295.95578,-14.27512,18.01,,17.29,,17.19,,Uncl
,296.117004,-14.632751,16.46,,15.59,,15.26,,C:  
,296.233887,-14.671288,17.14,,16.26,,16.01,,C   
,295.968842,-14.682981,16.82,,16.02,,15.68,,C   
,296.259827,-14.684196,17.31,,16.47,,16.21,,C   
,296.411377,-14.685686,17.47,,16.58,,16.11,,C:  
,296.156006,-14.687428,17.31,,16.25,,15.68,,Ce: 
,296.179413,-14.688039,17.24,,16.35,,16.08,,C   
,296.248596,-14.689795,17.26,,16.43,,16.11,,C   
,295.969452,-14.694445,17.32,,16.4,,16.13,,C   
,296.286774,-14.697333,17.18,,16.4,,16.17,,dK  
,296.33078,-14.707144,15.97,,15.27,,14.94,,dM: 
,296.350922,-14.720666,17.05,,16.13,,15.75,,C   
,296.375854,-14.73088,16.15,,15.33,,15.03,,C   
,296.436554,-14.743853,17.45,,16.68,,16.56,,C   
,296.234741,-14.750431,17.23,,16.46,,16.24,,Uncl
,296.485382,-14.756809,16.74,,15.93,,15.63,,C:  
,296.131714,-14.759347,17.37,,16.47,,16.18,,Ce  
,296.112915,-14.776258,17.35,,16.46,,15.92,,C   
,296.152313,-14.788395,17.14,,16.3,,15.98,,Ce  
,296.283356,-14.789384,17.47,,16.75,,16.45,,C   
,296.319458,-14.789786,16.99,,16.07,,15.58,,M:  
,296.374786,-14.798067,17.73,,16.79,,16.55,,C   
,296.170349,-14.798781,17.4,,16.44,,15.76,,Ce  
,296.073059,-14.801702,17.62,,16.74,,16.46,,C   
,296.160095,-14.802064,17.38,,16.61,,16.35,,C   
,296.338257,-14.808908,17.41,,16.5,,16.05,,C:  
,296.238953,-14.8196,17.84,,17.06,,16.83,,dKe:
,296.100708,-14.828527,16.72,,15.96,,15.64,,C   
,296.129822,-14.832311,17.56,,16.74,,16.49,,C   
,296.084503,-14.832314,17.5,,16.6,,16.15,,C:  
,296.434357,-14.834667,17.48,,16.72,,16.32,,C:  
,296.30838,-14.840508,17.25,,16.46,,16.08,,C   
,296.173828,-14.855554,17.84,,16.97,,16.65,,Ce  
,296.080383,-14.858717,16.31,,15.7,,15.29,,C:  
,296.28244,-14.868937,17.48,,16.72,,16.55,,Ce  
,296.236908,-14.87212,18.02,,17.07,,16.82,,Ce  
,296.096558,-14.8814,17.98,,17.19,,17.03,,C   
,296.261414,-14.883708,17.94,,17.07,,16.79,,Ce  
,296.431213,-14.889406,17.33,,16.48,,16.18,,C:  
,296.163086,-14.894488,16.75,,15.88,,15.44,,C   
,296.118591,-14.89873,16.89,,16.03,,15.73,,C   
,296.251007,-14.9064,17.96,,17.09,,16.77,,Ce  
,296.35376,-14.912353,17.22,,16.35,,15.96,,C   
,296.223907,-14.922441,17.22,,16.33,,15.81,,C   
,296.157745,-14.929084,     ,,16.62,,16.12,,Uncl
,296.332458,-14.951111,17.76,,16.91,,16.48,,C:  
,296.034485,-14.951339,17.57,,16.71,,16.39,,C   
,296.345795,-14.960103,16.91,,16.07,,15.72,,C:  
,296.33786,-14.988564,16.73,,15.73,,15.19,,C:  
,296.281311,-14.988667,17.16,,16.35,,16.07,,C   
,296.204498,-14.674287,18.32,,17.55,,17.28,,C   
,296.247101,-14.722958,18.13,,17.27,,17.03,,C   
,296.244446,-14.75467,17.25,,16.49,,16.22,,C:  
,296.350891,-14.757086,16.98,,16.22,,15.85,,C:  
,296.234558,-14.767653,16.96,,16.04,,15.62,,C   
,296.290405,-14.774523,17.63,,16.84,,16.69,,Ce: 
,296.278412,-14.780069,17.65,,16.54,,15.76,,Ce: 
,296.352264,-14.780713,17.09,,16.3,,15.76,,C:  
,296.229034,-14.781347,17.61,,16.51,,15.94,,Ce: 
,296.213776,-14.783867,17.89,,17.08,,16.72,,C   
,296.257843,-14.793209,17.91,,17.14,,16.88,,Ce: 
,296.208191,-14.797331,17.67,,16.91,,16.45,,Ce  
,296.184326,-14.799191,17.83,,17.03,,16.78,,Ce: 
,296.274109,-14.800164,17.57,,16.75,,16.4,,Ce  
,296.251343,-14.803117,17.41,,16.5,,16.15,,Ce: 
,296.404907,-14.812469,     ,,16.54,,16.16,,C   
,296.191315,-14.818703,16.95,,16.05,,15.64,,Ce  
,296.212616,-14.82485,17.39,,16.56,,16.25,,C   
,296.182983,-14.828946,17.6,,16.81,,16.58,,Ce  
,296.233093,-14.830748,17.39,,16.6,,16.31,,Ce  
,296.241516,-14.846167,18.41,,17.3,,16.36,,Ce: 
,296.234772,-14.862573,17.71,,16.99,,16.68,,Ce: 
,296.153625,-14.886689,18,,17.21,,16.92,,C   
,296.183685,-14.962144,18.24,,17.33,,16.82,,C   
,296.358276,-13.897025,17.58,,16.84,,16.62,,dM: 
,296.329987,-13.938492,17.49,,16.72,,16.7,,dK  
,296.079315,-13.973788,17.74,,16.98,,16.9,,dM: 
,296.396942,-13.987878,17.15,,16.41,,16.3,,dM: 
,296.6521,-14.015325,18.33,,17.57,,17.32,,dK: 
,296.7117,-14.03266,18.29,,17.56,,17.35,,dK: 
,296.484314,-14.154216,18.15,,17.16,,16.43,,dK  
,295.60434,-14.160067,17.65,,16.92,,16.73,,dM: 
,296.492676,-14.174297,17.46,,16.71,,16.57,,dM: 
,296.068665,-14.228847,17.94,,17.21,,17,,dM: 
,295.52533,-14.230219,17.56,,16.8,,16.77,,dK  
,296.979736,-14.242464,17.83,,17.11,,16.91,,dM  
,296.461334,-14.256592,17.03,,16.29,,16.12,,dM: 
,295.588501,-14.270535,17.46,,16.72,,16.56,,dM  
,295.462524,-14.283733,17.55,,16.81,,16.63,,dM  
,295.571045,-14.283828,17.75,,16.98,,16.86,,dM: 
,295.808746,-14.380803,17.9,,17.17,,17.08,,dK  
,296.821106,-14.404108,17.67,,16.93,,16.79,,dM: 
,297.100342,-14.432428,18.51,,17.75,,17.34,,dK: 
,296.787109,-14.488456,17.8,,16.99,,16.77,,dK: 
,297.023987,-14.491783,17.85,,17.05,,17.02,,dM: 
,296.800354,-14.549609,17.48,,16.73,,16.57,,dM: 
,295.40918,-14.567859,18.05,,17.24,,17.14,,dM  
,297.072693,-14.582489,17.77,,17.04,,16.86,,dM: 
,296.853027,-14.590661,18.26,,17.49,,17.34,,dK: 
,296.812988,-14.611956,18.19,,17.45,,17.19,,C:  
,297.11145,-14.624125,17.25,,16.5,,16.37,,dM: 
,296.911255,-14.636194,17.79,,17.06,,16.91,,dK: 
,297.148376,-14.671167,17.74,,17.01,,16.82,,dM: 
,295.609711,-14.742889,17.68,,16.96,,16.69,,dM: 
,295.516144,-14.746992,16.85,,16.11,,15.87,,dMe 
,295.559082,-14.801364,17.6,,16.82,,16.65,,dMe:
,295.527863,-14.803578,17.05,,16.29,,16.12,,dMe:
,295.621918,-14.804337,17.94,,17.17,,16.95,,dM: 
,295.512543,-14.826831,17.85,,17.13,,17.01,,dMe 
,295.524353,-14.855192,18.01,,17.16,,17.11,,dMe:
,295.535919,-14.873045,17.77,,17.04,,16.99,,dK  
,295.621216,-14.885853,18.13,,17.32,,17.13,,dK  
,295.547546,-14.886919,17.05,,16.32,,16.13,,dM  
,295.540558,-14.933914,17.48,,16.74,,16.64,,dM: 
,295.639313,-14.980222,17.65,,16.92,,16.77,,dK: 
,295.404724,-15.01522,16.36,,15.6,,15.48,,dK  
,295.72052,-15.125569,17.63,,16.68,,16.07,,C:  
,295.640228,-15.129666,16.22,,15.48,,15.26,,dM  
,295.417267,-15.171911,17.02,,16.3,,16.09,,dM  
,295.405945,-15.189603,16.94,,16.17,,16.03,,dK  
,296.767883,-15.204441,15.14,,14.4,,14.22,,dM  
,295.799805,-15.229388,17.06,,16.31,,16.16,,dM  
,295.47818,-15.232033,17,,16.27,,16.15,,dM: 
,295.776978,-15.241439,18.24,,17.41,,17.25,,C:  
,295.743439,-15.257809,18.33,,17.57,,17.29,,dM  
,295.49173,-15.271272,17.58,,16.83,,16.68,,dK  
,295.872925,-15.289667,17.27,,16.44,,16.29,,dM  
,295.534882,-15.303519,17.08,,16.33,,16.18,,dM: 
,295.499207,-15.304358,17.58,,16.76,,16.75,,dK  
,295.87912,-15.309017,17.9,,17.11,,16.88,,dK  
,295.794037,-15.329094,17.83,,17.03,,16.78,,dK: 
,295.949036,-15.329528,18.11,,17.33,,17.07,,dM: 
,295.576233,-15.333383,16.93,,16.21,,16.05,,dK  
,295.897827,-15.337833,17.39,,16.57,,16.39,,dM: 
,295.537048,-15.357962,17.1,,16.37,,16.11,,dM: 
,295.966644,-15.358248,18.35,,17.4,,17.07,,dM: 
,296.011719,-15.374639,17.91,,17.1,,17.16,,dK  
,295.516876,-15.380892,17.16,,16.36,,16.24,,dM: 
,296.342438,-15.386158,18.09,,17.26,,17.22,,dM  
,295.648956,-15.39533,17.62,,16.89,,16.7,,dM: 
,296.123199,-15.455264,17.35,,16.6,,16.47,,dM  
,296.182312,-15.456194,17.68,,16.95,,16.8,,dK  
,296.019073,-15.468775,18.21,,17.31,,16.65,,Uncl
,295.58786,-15.487622,17.33,,16.58,,16.51,,dK  
,295.772949,-15.513988,17.73,,17.01,,16.74,,dM: 
,296.781189,-15.567519,17.99,,17.2,,17.12,,dM  
,296.538513,-15.576294,17.82,,17.06,,16.87,,dM: 
,296.190338,-14.641755,17.59,,16.78,,16.4,,C   
,296.32608,-14.666169,17.58,,16.8,,16.51,,C   
,296.335388,-14.681108,18.39,,17.51,,17.1,,C   
,296.110596,-14.693192,     ,,16.87,,     ,,C   
,296.196411,-14.702325,17.75,,16.37,,15.1,,dK  
,296.539612,-14.704988,17.59,,16.48,,15.73,,C   
,296.099152,-14.708244,17.48,,16.63,,16.27,,C   
,296.374054,-14.711063,17.55,,16.85,,16.52,,C   
,296.075775,-14.711885,18.14,,17.39,,17.1,,C   
,296.341431,-14.712852,17.32,,16.39,,15.85,,C   
,296.110779,-14.725801,17.15,,16.18,,15.45,,C   
,295.977081,-14.726664,17.58,,16.77,,16.22,,C   
,296.08786,-14.740214,17.23,,18.14,,15.9,,C   
,296.171387,-14.745203,18.02,,17.23,,16.97,,C   
,296.469086,-14.752255,     ,,17.74,,16.28,,dK  
,296.342804,-14.764064,18.2,,17.41,,17.02,,C   
,296.106384,-14.767224,17.62,,16.8,,16.58,,C   
,296.304626,-14.767883,17.76,,17.03,,16.59,,C   
,296.333038,-14.770712,18.24,,17.51,,17.25,,C   
,296.162018,-14.82305,17.45,,16.64,,16.28,,C   
,296.167816,-14.842195,17.72,,16.99,,16.6,,C   
,296.066071,-14.844581,17.44,,16.78,,16.3,,C   
,296.364624,-14.865284,17.45,,16.57,,16.19,,C   
,296.297241,-14.869897,17.49,,16.7,,16.21,,C   
,296.207458,-14.896397,17.39,,16.58,,16.2,,C   
,296.368011,-14.913227,16.96,,15.87,,15.15,,C   
,296.070709,-14.94352,     ,,18.45,,     ,,C   
,296.08905,-14.945495,18.64,,     ,,15.9,,C   
,296.06134,-14.955141,18.23,,17.2,,17.1,,C   
,295.969788,-14.97507,17.69,,16.93,,16.6,,C   
,296.215485,-14.99597,     ,,18.06,,16.76,,C   
,296.090485,-15.010141,18.2,,16.77,,16.74,,C   
,296.250183,-13.941045,18.11,,17.39,,17.26,,dK  
,296.552612,-13.999165,17.52,,16.76,,16.61,,dK  
,296.365326,-14.149378,17.16,,16.39,,16.28,,dM  
,296.653442,-14.330378,17.62,,16.87,,16.78,,dM  
,295.688538,-14.347858,18.14,,17.41,,17.14,,dM  
,295.594513,-14.882525,17.85,,17.06,,16.8,,dM  
,297.015076,-15.255167,18.22,,17.49,,17.35,,dM  
,295.81015,-15.260356,18.27,,17.55,,17.34,,dM  
,296.061401,-15.403897,17.71,,16.95,,16.74,,dM  
,295.923065,-15.421967,18.42,,17.67,,17.39,,dK  
,295.796112,-15.593744,18.17,,17.44,,17.29,,dK  
,295.6611,-14.8446,18.16,,,,16.38,, 
,295.6819,-14.9097,18.28,,,,16.62,, 
,295.6897,-14.8984,18.26,,,,16.54,, 
,295.704,-15.0209,18.27,,,,16.19,, 
,295.709,-15.0561,18.06,,,,16.43,, 
,295.7613,-14.7656,18.37,,,,16.38,, 
,295.7704,-14.7933,18.35,,,,16.45,, 
,295.8058,-14.7056,18.16,,,,16.54,, 
,295.8235,-14.9906,18.17,,,,16.32,, 
,295.825,-14.9749,18.47,,,,16.29,, 
,295.8275,-14.9006,17.98,,,,16.28,, 
,295.8308,-14.8511,18.5,,,,15.84,, 
,295.8503,-15.1478,18.25,,,,16.76,, 
,295.8566,-15.2171,17.82,,,,16.05,, 
,295.9022,-14.8913,18.16,,,,16.67,,M
,295.9166,-14.8112,18.04,,,,16.53,,M
,295.9304,-15.2476,17.57,,,,15.96,, 
,295.9455,-14.7077,17.56,,,,15.99,,M
,295.9716,-14.8773,17.73,,,,15.9,,C
,295.9743,-15.1965,17.32,,,,15.72,, 
,295.9795,-14.8829,17.66,,,,15.92,,C
,295.9873,-14.7173,17.92,,,,15.84,,C
,295.9935,-14.9903,17.87,,,,15.85,, 
,296.0039,-14.8628,18.41,,,,16.7,,C
,296.0052,-14.8883,16.93,,,,15.31,,C
,296.0105,-14.7445,16.98,,,,15.36,,C
,296.0128,-14.7401,17.55,,,,15.75,,C
,296.0148,-14.769,17.31,,,,14.95,, 
,296.0195,-14.7857,17.93,,,,16.39,,C
,296.0259,-14.7907,17.97,,,,16.46,,M
,296.0288,-14.9026,17.47,,,,15.16,,C
,296.0426,-15.206,17.52,,,,15.91,, 
,296.0429,-14.7822,17.03,,,,15.32,,C
,296.0481,-14.8998,17.64,,,,15.91,,C
,296.0512,-14.7268,17.59,,,,15.53,,C
,296.0513,-14.8667,17.68,,,,15.79,,C
,296.053,-14.9232,17.94,,,,16.19,,C
,296.0609,-15.0949,17.82,,,,16.14,, 
,296.0613,-14.7628,18.33,,,,16.56,,M
,296.0614,-14.8147,17.94,,,,15.48,, 
,296.0622,-14.8233,18.29,,,,16.75,,M
,296.0642,-14.736,17.69,,,,16,,C
,296.0673,-14.9031,18.11,,,,16.19,,C
,296.0674,-14.8123,17.97,,,,16.44,,M
,296.071,-14.79,17.38,,,,15.83,,M
,296.072,-14.849,17.45,,,,15.92,,C
,296.0727,-14.8565,17.85,,,,16.28,,C
,296.0769,-14.878,17.83,,,,16.11,,C
,296.0774,-14.7831,17.56,,,,15.87,,C
,296.0783,-14.7897,17.49,,,,15.54,,C
,296.0819,-14.7513,17.46,,,,15.95,,C
,296.0848,-14.7811,17.93,,,,16.14,,C
,296.0854,-14.8265,18.07,,,,16.19,,C
,296.0883,-14.8174,17.81,,,,16.26,,M
,296.0928,-14.8922,17.85,,,,15.69,,C
,296.096,-15.0407,17.84,,,,16.27,, 
,296.097,-14.836,17.93,,,,16.16,,M
,296.1002,-14.7866,17.62,,,,15.55,,C
,296.1036,-14.7248,17.36,,,,15.27,,C
,296.1041,-14.7926,18.05,,,,15.55,, 
,296.1045,-14.8427,18.09,,,,15.56,,C
,296.1066,-14.8743,17.9,,,,16.27,,C
,296.1095,-14.9329,17.9,,,,15.86,,C
,296.1097,-14.7407,17.47,,,,15.91,,C
,296.1108,-14.7907,17.96,,,,16.25,, 
,296.111,-14.8597,17.43,,,,15.32,,C
,296.1128,-14.8683,17.53,,,,15.62,,C
,296.1152,-14.7696,17.45,,,,15.5,,C
,296.116,-14.8811,17.72,,,,15.64,, 
,296.1178,-14.7929,18.01,,,,16.46,, 
,296.1185,-14.7334,17.99,,,,16.4,, 
,296.1187,-14.8455,18.29,,,,16.17,,C
,296.1207,-14.8445,17.81,,,,16.1,,C
,296.1269,-14.7898,16.99,,,,14.98,,C
,296.128,-14.7905,17.8,,,,15.91,,C
,296.1291,-14.8711,17.95,,,,16.43,,M
,296.1295,-14.7898,17.66,,,,16.02,,C
,296.1313,-14.8487,17.53,,,,16.01,,M
,296.1315,-14.8549,17.14,,,,15.3,, 
,296.3658,-14.8525,17.51,,,,15.84,,C
,296.3685,-14.7489,17.44,,,,15.92,,M
,296.3695,-14.8729,17.16,,,,15.45,,C
,296.3715,-14.9041,17.5,,,,15.55,,C
,296.3806,-14.54,17.72,,,,15.84,, 
,296.3827,-14.7522,17.15,,,,15.63,,C
,296.4011,-14.6176,17.97,,,,16.23,,M
,296.4018,-14.7382,17.5,,,,15.91,,C
,296.4023,-14.8741,17.21,,,,15.71,,C
,296.4063,-14.8008,17.37,,,,15.43,,C
,296.4102,-14.8498,17.29,,,,15.67,,C
,296.4166,-14.5999,17.67,,,,16.14,, 
,296.4212,-14.7471,17.53,,,,15.98,,C
,296.4267,-14.754,17.49,,,,15.97,,C
,296.4286,-14.5416,18.26,,,,16.44,, 
,296.4301,-14.7626,17.48,,,,15.81,,C
,296.4361,-14.8951,17.6,,,,15.88,,C
,296.4425,-14.7626,17.17,,,,15.29,,C
,296.4494,-14.7635,18.24,,,,16.64,,M
,296.4536,-14.4519,17.9,,,,16.33,, 
,296.4614,-14.8548,17.42,,,,15.62,,C
,296.4752,-14.8982,17.27,,,,15.74,,C
,296.4793,-14.6954,16.71,,,,15.13,,C
,296.4796,-14.3744,17.58,,,,15.95,, 
,296.5159,-14.7466,18.22,,,,16.64,,M
,296.5227,-14.843,17.62,,,,15.75,,C
,296.5232,-14.4993,17.6,,,,16,, 
,296.5456,-14.9007,17.42,,,,15.51,,C
,296.5838,-14.6504,18.44,,,,16.58,, 
,296.5943,-14.8693,17.5,,,,15.88,, 
,296.5963,-14.3754,17.94,,,,16.18,, 
,296.597,-14.8421,17.96,,,,16.37,, 
,296.614,-14.7704,17.43,,,,15.86,, 
,296.6206,-14.7653,18.06,,,,15.91,, 
,296.6209,-14.4247,18.15,,,,16.43,, 
,296.6338,-14.7257,18.23,,,,16.66,, 
,296.6959,-14.7927,18.19,,,,16.5,, 
,296.6964,-14.5816,18.11,,,,16.55,, 
,296.7232,-14.4254,18.24,,,,16.17,, 
,296.727,-14.465,18.29,,,,16.63,, 
,296.7341,-14.6738,18.27,,,,16.64,, 
,296.7493,-14.7584,18.09,,,,16.41,, 
,296.7532,-14.8601,17.71,,,,16.04,, 
,296.7639,-14.4964,17.76,,,,16.22,, 
,296.7705,-14.7495,18.36,,,,16.87,, 
,296.7725,-14.796,18.3,,,,16.8,, 
,296.8193,-14.7532,18.16,,,,16.35,, 
,296.8233,-14.6047,17.22,,,,15.49,, 
,296.8533,-14.3934,17.91,,,,16.22,, 
,296.8658,-14.4414,17.35,,,,15.65,, 
,296.9001,-14.4304,17.85,,,,16.15,, 
,296.9013,-14.4222,17.44,,,,15.91,, 
,296.9028,-14.4441,18.22,,,,16.48,, 
,296.349976,-14.828187,17.877,,17.045,,16.898,,M  
,296.357117,-14.834526,17.528,,16.72,,16.515,,Mca
,296.337067,-14.850516,16.924,,16.08,,15.693,,C  
,296.354126,-14.855531,17.334,,16.521,,16.218,,M  
,296.306183,-14.863027,17.451,,16.284,,15.489,,C  
,296.289734,-14.876258,17.404,,16.537,,15.991,,C  
,296.260742,-14.892557,17.952,,17.153,,16.985,,M  
,296.316101,-14.679276,17.443,,16.601,,16.179,,C  
,296.371155,-14.703938,18.079,,17.198,,16.991,,M  
,296.343781,-14.74656,17.437,,16.532,,16.128,,C  
,296.363739,-14.759742,16.528,,15.565,,14.986,,C  
,296.374664,-14.762603,17.504,,16.586,,16.355,,M  
,296.313934,-14.783896,17.388,,16.359,,15.668,,C  
,296.193542,-14.678253,17.488,,16.498,,16.071,,C  
,296.210236,-14.696464,16.949,,16.337,,15.919,,M  
,296.187653,-14.700607,17.792,,17.073,,16.777,,M  
,296.166718,-14.703956,17.724,,16.89,,16.697,,M  
,296.184784,-14.717754,17.435,,16.459,,16.039,,C  
,296.148743,-14.720551,18.06,,17.254,,17.066,,M  
,296.138214,-14.72313,17.227,,16.188,,15.542,,C  
,296.173828,-14.731837,17.335,,16.543,,16.299,,M  
,296.185242,-14.747572,17.622,,16.799,,16.588,,M  
,296.197662,-14.763362,17.175,,16.255,,15.536,,C  
,296.208893,-14.769947,17.025,,16.201,,15.758,,C  
,296.199615,-14.7809,18.414,,17.421,,17.201,,C  
,296.206879,-14.785284,18.082,,17.209,,17.074,,M  
,296.180084,-14.825297,17.231,,16.366,,15.897,,C  
,296.212219,-14.830112,17.27,,16.343,,16.036,,Cca
,296.173828,-14.834276,18.015,,17.151,,16.987,,Mca
,296.160797,-14.836968,18.027,,17.37,,17.092,,Mca
,296.212219,-14.840272,17.982,,17.22,,16.969,,Mca
,296.194489,-14.842676,17.014,,16.111,,15.568,,C  
,296.202057,-14.847754,17.178,,16.174,,15.577,,Cca
,296.164886,-14.853178,17.217,,16.028,,15.151,,C  
,296.179565,-14.858191,17.341,,16.375,,15.818,,C  
,296.188385,-14.861088,17.551,,16.547,,16.182,,C  
,296.157288,-14.863935,17.318,,16.473,,16.265,,M  
,296.178772,-14.868636,17.478,,16.402,,15.788,,C  
,296.204865,-14.8711,16.935,,16.102,,15.807,,M  
,296.206085,-14.874577,18.145,,17.337,,17.039,,M  
,296.168549,-14.87782,17.222,,16.157,,15.564,,C  
,296.169189,-14.884176,15.852,,15.016,,14.782,,M  
,296.193604,-14.8867,18.299,,17.373,,17.215,,M  
,296.192444,-14.901339,17.672,,16.756,,16.644,,M  
,296.114899,-14.903462,18.059,,17.332,,17.124,,M  
,296.186646,-14.908154,17.764,,16.87,,16.708,,M  
,296.206696,-14.92662,16.997,,15.861,,15.147,,C  
,296.144318,-14.931097,17.52,,16.613,,16.411,,M  
,296.342345,-14.822172,17.481,,16.581,,16.401,,M  
,296.331849,-14.824688,18.029,,17.03,,16.852,,M  
,296.331716,-14.826927,17.657,,16.8,,16.693,,M  
,296.351776,-14.830035,17.677,,16.931,,16.712,,Mca
,296.345673,-14.834577,17.219,,16.341,,15.898,,Cca
,296.262573,-14.837487,17.44,,16.619,,16.297,,Mca
,296.343445,-14.847301,17.905,,17.047,,16.885,,Mca
,296.346741,-14.855356,17.32,,16.481,,16.022,,C  
,296.375763,-14.876107,17.948,,17.028,,16.819,,M  
,296.363129,-14.880856,17.439,,16.595,,16.435,,M  
,296.365631,-14.891643,15.562,,14.712,,14.318,,C  
,296.261505,-14.894732,17.792,,16.833,,16.802,,M  
,296.335785,-14.902986,17.233,,16.411,,16.022,,C  
,296.286987,-14.920337,16.908,,16.087,,15.896,,M  
,296.275116,-14.926181,18.321,,17.4,,17.123,,C  
,296.380829,-14.883905,17.628,,16.763,,16.596,,M  
,296.320587,-14.693704,18.135,,17.227,,17.169,,M  
,296.293854,-14.708783,17.537,,16.573,,16.344,,C  
,296.367828,-14.712914,17.585,,16.765,,16.497,,M  
,296.381348,-14.727878,17.516,,16.627,,16.418,,M  
,296.355621,-14.731111,18.112,,17.429,,17.172,,M  
,296.285706,-14.743645,17.682,,16.861,,16.682,,M  
,296.262848,-14.76875,17.647,,16.796,,16.637,,M  
,296.299103,-14.783449,17.48,,16.529,,15.729,,C  
,296.134644,-14.67692,17.35,,16.321,,15.771,,C  
,296.121368,-14.679315,17.359,,16.399,,16.029,,C  
,296.178497,-14.684889,18.044,,17.083,,16.866,,M  
,296.169312,-14.687134,17.699,,17.031,,16.75,,M  
,296.154877,-14.691996,17.839,,17.265,,16.853,,M  
,296.170105,-14.696488,17.366,,16.439,,16.089,,C  
,296.20285,-14.700215,17.115,,15.986,,15.382,,C  
,296.155792,-14.702925,17.811,,17.114,,16.901,,M  
,296.134155,-14.70893,17.268,,16.427,,16.191,,M  
,296.179932,-14.711598,18.122,,17.281,,17.03,,M  
,296.112671,-14.714574,16.424,,15.517,,15.338,,M  
,296.187347,-14.717557,17.671,,16.723,,16.491,,C  
,296.198029,-14.719869,17.606,,16.479,,15.802,,C  
,296.103516,-14.723016,17.447,,16.545,,16.07,,C  
,296.151001,-14.726998,16.872,,16,,15.486,,C  
,296.127747,-14.729833,17.725,,16.917,,16.64,,M  
,296.159454,-14.733295,17.518,,16.572,,15.92,,C  
,296.179535,-14.737016,17.065,,16.054,,15.353,,C  
,296.179321,-14.742605,17.415,,16.49,,15.87,,C  
,296.207184,-14.745038,17.006,,15.993,,15.379,,C  
,296.179443,-14.752915,16.663,,15.734,,15.234,,C  
,296.203827,-14.755259,17.967,,17.164,,16.598,,C  
,296.181671,-14.7577,17.175,,16.282,,15.944,,C  
,296.202637,-14.773767,17.296,,16.414,,15.714,,C  
,296.193481,-14.781586,17.935,,17.162,,16.883,,M  
,296.194275,-14.821965,17.296,,16.408,,15.902,,C  
,296.183502,-14.824387,17.58,,16.757,,16.576,,M  
,296.163879,-14.827393,17.105,,15.991,,15.211,,C  
,296.182404,-14.829756,17.808,,16.983,,16.854,,Mca
,296.165405,-14.833178,17.271,,16.448,,16.238,,Mca
,296.145233,-14.835481,18.002,,17.182,,17.032,,Mca
,296.135132,-14.838089,17.57,,16.677,,16.486,,Mca
,296.192749,-14.841306,18.047,,17.3,,17.066,,Mca
,296.170105,-14.844587,17.354,,16.234,,15.509,,Cca
,296.187469,-14.853082,18.169,,17.289,,17.198,,M  
,296.191681,-14.857764,17.902,,16.956,,16.761,,M  
,296.156158,-14.860965,17.108,,16.214,,15.634,,C  
,296.187439,-14.863374,18.029,,17.031,,16.932,,M  
,296.171783,-14.865685,17.105,,16.145,,15.625,,C  
,296.171753,-14.870989,18.017,,17.269,,17.046,,M  
,296.18869,-14.873989,17.872,,16.983,,16.879,,M  
,296.178711,-14.876316,18.07,,17.083,,16.72,,C  
,296.155457,-14.878673,17.625,,16.429,,15.762,,C  
,296.19754,-14.883656,17.866,,16.778,,16.2,,C  
,296.201691,-14.886331,16.685,,15.619,,15.007,,C  
,296.117828,-14.896477,17.798,,16.968,,16.867,,M  
,296.19754,-14.899305,17.107,,16.295,,16.098,,M  
,296.115417,-14.901344,17.706,,16.95,,16.771,,M  
,296.089813,-14.905375,17.896,,16.855,,16.316,,C  
,296.17276,-14.922873,16.532,,15.67,,15.261,,C  
,296.176575,-14.926566,18.216,,17.415,,17.113,,M  
,296.173828,-14.929623,17.362,,16.486,,16.301,,M  
,296.233276,-14.808039,17.538,,16.688,,16.465,,M  
,296.209412,-14.569217,17.453,,16.39,,15.66,,C  
,296.232605,-14.590483,17.931,,17.352,,17.046,,M  
,296.210419,-14.592963,17.963,,17.348,,17.033,,M  
,296.205383,-14.599363,17.083,,16.511,,16.279,,M  
,296.20874,-14.604931,18.102,,17.385,,17.319,,M  
,296.190643,-14.608078,17.586,,16.732,,16.563,,M  
,296.216583,-14.615705,17.813,,17.201,,16.998,,M  
,296.21402,-14.621172,17.39,,16.763,,16.607,,M  
,296.189636,-14.643152,17.088,,16.481,,16.215,,M  
,296.233551,-14.64607,17.741,,17.057,,16.927,,M  
,296.193878,-14.664783,18.34,,17.605,,17.257,,M  
,296.020721,-14.549389,18.37,,17.61,,17.368,,M  
,295.978973,-14.551923,17.75,,16.983,,16.768,,M  
,296.059235,-14.56733,17.994,,17.26,,17.157,,M  
,295.996796,-14.573745,18.158,,17.349,,17.201,,M  
,295.981812,-14.576805,17.368,,16.79,,16.532,,M  
,295.981445,-14.582492,18.026,,17.339,,17.126,,M  
,295.946991,-14.590075,18.303,,17.808,,17.445,,M  
,295.982422,-14.601364,17.967,,17.211,,16.981,,M  
,296.040436,-14.607334,18.163,,17.085,,16.646,,C  
,296.046143,-14.610744,17.597,,16.944,,16.602,,M  
,296.053589,-14.615259,17.901,,17.144,,16.86,,M  
,296.047607,-14.618206,18.222,,17.573,,17.431,,M  
,296.049713,-14.623334,17.918,,17.231,,17.082,,M  
,296.02417,-14.632055,17.776,,17.148,,16.904,,M  
,295.99939,-14.635953,17.817,,16.896,,16.458,,C  
,295.986328,-14.643986,17.983,,17.224,,16.969,,M  
,296.018707,-14.649366,17.628,,16.933,,16.816,,M  
,296.057068,-14.654613,17.773,,16.926,,16.688,,M  
,296.018372,-14.657308,17.694,,17.056,,16.876,,M  
,296.027252,-14.659583,17.632,,17.085,,16.74,,M  
,296.001099,-14.663127,17.754,,17.079,,16.836,,M  
,296.03833,-14.742747,17.513,,17.026,,16.573,,M  
,296.017212,-14.754925,17.626,,17.119,,16.727,,M  
,296.057068,-14.759219,17.951,,17.343,,16.984,,M  
,296.057373,-14.764623,18.174,,17.466,,17.283,,M  
,295.954315,-14.777233,18.212,,17.583,,17.391,,M  
,296.021149,-14.796692,17.356,,16.289,,15.713,,C  
,296.043915,-14.799509,17.434,,16.746,,16.545,,M  
,296.021088,-14.803503,17.093,,16.428,,16.264,,M  
,296.017029,-14.806444,17.862,,17.239,,17.061,,M  
,296.43103,-14.711975,17.788,,17.089,,16.928,,M  
,296.419373,-14.720345,17.697,,17.084,,16.839,,M  
,296.486694,-14.722583,17.48,,16.85,,16.665,,M  
,296.44931,-14.725839,17.417,,16.477,,16.316,,M  
,296.419983,-14.731664,17.538,,16.69,,16.5,,M  
,296.276184,-14.73748,17.378,,17.327,,16.362,,M  
,296.484985,-14.741018,17.769,,17.215,,16.86,,M  
,296.412872,-14.74398,18.142,,17.528,,17.187,,M  
,296.522186,-14.751385,16.181,,15.583,,15.298,,M  
,296.499451,-14.765201,18.201,,17.579,,17.225,,M  
,296.433807,-14.769137,17.658,,17.03,,16.882,,M  
,296.408356,-14.774137,18.124,,17.407,,17.179,,M  
,296.509125,-14.792881,16.943,,16.331,,16.043,,M  
,296.442902,-14.796197,17.512,,16.647,,16.456,,M  
,296.480835,-14.801933,17.491,,16.674,,16.423,,M  
,296.4646,-14.807542,17.144,,16.231,,15.567,,C  
,296.475342,-14.558714,17.332,,16.723,,16.514,,M  
,296.514954,-14.573689,17.496,,16.927,,16.638,,M  
,296.51413,-14.578083,18.111,,17.501,,17.224,,M  
,296.51123,-14.584842,17.755,,16.79,,16.308,,C  
,296.440369,-14.591502,16.866,,16.316,,16.045,,M  
,296.433899,-14.598368,17.976,,17.227,,17.13,,M  
,296.482483,-14.600801,17.206,,16.54,,16.322,,M  
,296.48764,-14.603875,17.107,,16.496,,16.297,,M  
,296.507385,-14.608586,17.734,,17.081,,16.813,,M  
,296.422607,-14.611832,17.413,,16.802,,16.563,,M  
,296.521149,-14.614511,18.27,,17.226,,16.797,,C  
,296.427124,-14.618094,17.826,,17.294,,17.072,,M  
,296.520874,-14.621428,17.435,,16.79,,16.587,,M  
,296.505188,-14.626554,17.942,,17.354,,17.14,,M  
,296.508667,-14.629275,17.35,,16.762,,16.565,,M  
,296.438385,-14.631576,17.726,,17.112,,16.907,,M  
,296.48996,-14.63443,18.087,,17.367,,17.147,,M  
,296.488861,-14.638191,17.496,,16.557,,15.974,,C  
,296.498657,-14.642962,17.604,,16.987,,16.826,,M  
,296.488434,-14.654464,18.159,,17.49,,17.16,,M  
,296.311554,-14.551598,17.914,,17.356,,16.982,,M  
,296.326904,-14.554912,17.65,,17.064,,16.825,,M  
,296.268188,-14.559031,18.014,,17.403,,17.212,,M  
,296.350433,-14.561425,16.954,,16.372,,16.114,,M  
,296.299713,-14.563828,18.07,,17.517,,17.256,,M  
,296.294617,-14.567719,18.624,,17.757,,17.118,,C  
,296.281769,-14.571457,17.124,,16.523,,16.283,,M  
,296.269318,-14.574274,18.24,,17.591,,17.344,,M  
,296.249817,-14.577723,17.969,,17.339,,17.188,,M  
,296.250244,-14.58028,18.098,,17.509,,17.201,,M  
,296.329102,-14.584,17.611,,16.957,,16.665,,M  
,296.265533,-14.59479,17.966,,17.111,,16.84,,M  
,296.300781,-14.597308,17.733,,17.042,,16.821,,M  
,296.285156,-14.601586,16.715,,16.035,,15.832,,M  
,296.321686,-14.604838,16.639,,15.948,,15.801,,M  
,296.313812,-14.613031,17.51,,16.655,,16.449,,M  
,296.301788,-14.617753,17.604,,17.005,,16.654,,M  
,296.275482,-14.621393,17.978,,17.284,,17.082,,M  
,296.263794,-14.627904,17.956,,17.317,,17.003,,M  
,296.250305,-14.631506,17.544,,16.861,,16.712,,M  
,296.266541,-14.637911,17.655,,17.002,,16.85,,M  
,296.326508,-14.641376,16.649,,15.697,,15.114,,C  
,296.279144,-14.647496,17.865,,16.998,,16.804,,M  
,296.31723,-14.650301,17.816,,17.241,,17.037,,M  
,296.275116,-14.653234,17.484,,16.612,,16.452,,M  
,296.334686,-14.656092,17.954,,17.353,,17.134,,M  
,296.300446,-14.658543,17.553,,16.881,,16.693,,M  
,296.31543,-14.663013,17.486,,16.845,,16.571,,M  
,296.263336,-14.708953,17.071,,16.053,,15.567,,C  
,296.264954,-14.715384,17.411,,16.435,,16.041,,C  
,296.237854,-14.718291,17.509,,16.693,,16.529,,M  
,296.330536,-14.721181,17.693,,16.83,,16.557,,M  
,296.280762,-14.726241,18.015,,17.146,,17.061,,M  
,296.31192,-14.728691,17.538,,16.72,,15.967,,C  
,296.318024,-14.739033,17.173,,16.378,,15.97,,C  
,296.283783,-14.741738,18.103,,17.246,,16.869,,C  
,296.339813,-14.745103,18.044,,16.882,,16.328,,C  
,296.276062,-14.751641,17.531,,16.642,,16.026,,C  
,296.252136,-14.757003,17.914,,16.978,,16.427,,C  
,296.284271,-14.759642,17.737,,16.992,,16.736,,M  
,296.255432,-14.761878,17.528,,16.665,,16.46,,M  
,296.248871,-14.764977,17.11,,15.994,,15.228,,C  
,296.330048,-14.767764,17.105,,16.08,,15.383,,C  
,296.261536,-14.769683,17.345,,16.483,,16.072,,C  
,296.270599,-14.776425,18.035,,17.178,,17.109,,M  
,296.301117,-14.779015,17.097,,16.157,,15.672,,C  
,296.348297,-14.781917,17.876,,16.914,,16.802,,M  
,296.307007,-14.784284,16.947,,16.062,,15.609,,C  
,296.255737,-14.786252,18.197,,17.29,,17.169,,M  
,296.297485,-14.789169,17.918,,17.092,,16.867,,M  
,296.261719,-14.800416,17.985,,17.126,,16.916,,M  
,296.242493,-14.803477,18.038,,17.122,,16.902,,M  
,296.238708,-14.806007,17.348,,16.599,,16.247,,M  
,296.356781,-14.748176,17.254,,16.329,,15.885,,C  
,296.539215,-14.949409,18.03,,17.429,,17.225,,M  
,296.500092,-14.952188,17.307,,16.716,,16.356,,M  
,296.471954,-14.955172,17.722,,17.068,,16.933,,M  
,296.520447,-14.957832,17.232,,16.706,,16.401,,M  
,296.493561,-14.960535,17.634,,17.023,,16.841,,M  
,296.490021,-14.965914,17.821,,17.012,,16.765,,M  
,296.478027,-14.968984,17.479,,16.903,,16.598,,M  
,296.479218,-14.974156,16.882,,15.943,,15.387,,C  
,296.533447,-14.976672,17.957,,17.285,,17.1,,M  
,296.485962,-14.979607,17.895,,17.233,,17.128,,M  
,296.46521,-14.983861,17.958,,17.116,,16.919,,M  
,296.492737,-14.987658,18.286,,17.505,,17.368,,M  
,296.516693,-14.989991,17.773,,17.119,,16.923,,M  
,296.539673,-14.994203,17.858,,17.217,,16.951,,M  
,296.444275,-14.998292,18.018,,17.418,,17.16,,M  
,296.526947,-15.000549,16.933,,16.322,,15.973,,M  
,296.511871,-15.003676,17.72,,16.886,,16.675,,M  
,296.526825,-15.005964,17.634,,16.995,,16.81,,M  
,296.435181,-15.009061,17.991,,17.13,,16.915,,M  
,296.446594,-15.011467,17.572,,16.974,,16.786,,M  
,296.520386,-15.015034,18.105,,17.492,,17.135,,M  
,296.532562,-15.01741,17.862,,17.358,,17.106,,M  
,296.515411,-15.025197,17.469,,16.788,,16.638,,M  
,296.481842,-15.03135,17.875,,17.134,,16.951,,M  
,296.452637,-15.034349,17.328,,16.72,,16.514,,M  
,296.497864,-15.041821,17.98,,17.404,,17.235,,M  
,296.528717,-15.04448,17.686,,17.12,,16.767,,M  
,296.495544,-15.047131,16.981,,16.5,,16.109,,M  
,296.4823,-15.051053,17.559,,16.898,,16.763,,M  
,296.496918,-15.053953,17.657,,17.026,,16.701,,M  
,296.462097,-14.803963,17.895,,17.068,,16.914,,M  
,296.466187,-14.814114,18.116,,17.566,,17.281,,M  
,296.510345,-14.817943,18.051,,17.438,,17.145,,M  
,296.496643,-14.820441,17.409,,16.751,,16.619,,M  
,296.507416,-14.823716,18.123,,17.457,,17.226,,M  
,296.536194,-14.837629,17.766,,17.043,,16.905,,M  
,296.499664,-14.848536,17.987,,17.502,,17.164,,M  
,296.462311,-14.852363,17.407,,16.635,,16.259,,M  
,296.455383,-14.861692,17.308,,16.448,,16.242,,M  
,296.528748,-14.866978,18.105,,17.34,,17.134,,M  
,296.486786,-14.874781,18.073,,17.418,,17.156,,M  
,296.479126,-14.883121,17.21,,16.401,,16.127,,M  
,296.470612,-14.886045,17.665,,16.743,,16.467,,C  
,296.481201,-14.88875,16.817,,16.3,,15.97,,M  
,296.5336,-14.892983,17.884,,17.038,,16.83,,M  
,296.510925,-14.901115,17.675,,17.083,,16.767,,M  
,296.52948,-14.912703,17.331,,16.7,,16.463,,M  
,296.251434,-14.798083,17.625,,16.616,,16.058,,C  
,296.261719,-14.800416,17.985,,17.126,,16.916,,M  
,296.297028,-14.802626,16.821,,15.758,,14.954,,C  
,296.256256,-14.807403,17.424,,16.327,,15.554,,C  
,296.244385,-14.810474,16.872,,15.96,,15.476,,C  
,296.244141,-14.813117,17.32,,16.187,,15.349,,C  
,296.259552,-14.815343,17.428,,16.335,,15.717,,C  
,296.268646,-14.819822,17.718,,16.939,,16.7,,M  
,296.259796,-14.82215,17.409,,16.47,,16.006,,C  
,296.264984,-14.824442,18.374,,17.308,,17.061,,C  
,296.265381,-14.830131,17.761,,17.026,,16.76,,M  
,296.259155,-14.832942,17.482,,16.728,,16.51,,Mca
,296.257324,-14.837327,18.011,,17.107,,16.687,,Cca
,296.284698,-14.839629,17.812,,16.939,,16.84,,Mca
,296.257874,-14.842669,17.395,,16.265,,15.595,,Cca
,296.244781,-14.845008,17.719,,16.678,,16.005,,C  
,296.262543,-14.847853,17.049,,16.052,,15.442,,Cca
,296.337067,-14.850516,16.924,,16.08,,15.693,,C  
,296.275482,-14.853798,17.352,,16.271,,15.605,,C  
,296.25116,-14.856455,17.765,,16.971,,16.703,,M  
,296.278717,-14.858888,16.683,,15.688,,15.117,,C  
,296.261169,-14.861171,18.091,,17.198,,16.647,,C  
,296.281311,-14.863727,18.471,,17.403,,17.179,,C  
,296.313477,-14.866092,18.075,,17.598,,17.16,,M  
,296.309265,-14.868592,17.326,,16.568,,16.129,,C  
,296.332581,-14.873631,18.135,,17.38,,17.125,,M  
,296.289734,-14.876258,17.404,,16.537,,15.991,,C  
,296.277252,-14.880092,17.638,,16.734,,16.552,,M  
,296.262299,-14.882443,16.354,,15.396,,14.905,,C  
,296.294189,-14.884681,16.906,,15.826,,15.156,,C  
,296.311371,-14.891082,18.094,,17.327,,17.085,,M  
,296.244232,-14.895714,17.515,,16.678,,16.557,,M  
,296.263153,-14.89839,18.173,,17.307,,17.075,,M  
,296.328705,-14.9036,17.888,,16.952,,16.837,,M  
,296.266968,-14.910404,17.84,,16.579,,15.701,,C  
,296.340912,-14.947414,17.775,,16.908,,16.764,,M  
,296.306091,-14.950318,17.745,,16.944,,16.937,,M  
,296.286987,-14.962574,17.446,,16.297,,15.629,,C  
,296.289246,-14.965583,17.313,,16.713,,16.45,,M  
,296.309082,-14.969496,18.226,,17.768,,17.287,,M  
,296.311035,-14.973057,17.364,,16.349,,15.704,,C  
,296.359039,-14.984733,17.425,,16.754,,16.575,,M  
,296.32428,-14.991217,18.02,,17.453,,17.201,,M  
,296.334747,-14.99367,17.319,,16.239,,15.529,,C  
,296.325409,-14.997616,17.49,,16.614,,16.124,,C  
,296.286377,-14.99973,17.827,,17.274,,17.038,,M  
,296.303833,-15.00228,17.512,,16.745,,16.488,,M  
,296.305145,-15.004685,18.013,,17.666,,17.264,,M  
,296.318451,-15.007016,18.252,,17.611,,17.427,,M  
,296.260254,-15.00941,17.864,,17.292,,17.027,,M  
,296.352936,-15.012109,18.009,,17.535,,17.204,,M  
,296.250244,-15.015092,18.436,,17.14,,15.842,,C  
,296.329254,-15.018955,17.125,,16.488,,16.326,,M  
,296.335785,-15.026363,17.007,,16.337,,16.189,,M  
,296.281281,-15.032146,17.265,,16.706,,16.274,,M  
,296.276825,-15.037701,18.149,,17.518,,17.245,,M  
,296.297333,-15.04544,17.954,,17.349,,17.134,,M  
,296.25589,-15.049867,18.195,,17.664,,17.39,,M  
,296.259125,-15.054071,18.17,,17.559,,17.261,,M  
,296.255951,-15.05637,17.074,,16.496,,16.19,,M  
,296.208069,-14.959845,18.136,,17.238,,17.009,,M  
,296.230438,-14.986133,18.298,,17.577,,17.414,,M  
,296.216919,-14.990644,17.631,,16.691,,16.218,,C  
,296.194397,-14.995967,17.771,,17.163,,16.854,,M  
,296.217194,-15.001184,18.346,,17.578,,17.201,,M  
,296.196259,-15.009543,18.098,,17.5,,17.103,,M  
,296.211914,-15.013387,16.706,,16.173,,15.871,,M  
,296.219086,-14.802538,17.309,,16.477,,15.994,,C  
,296.224152,-14.812045,17.551,,16.689,,16.48,,M  
,296.16803,-14.836925,18.081,,16.862,,15.934,,C  
,296.22171,-14.839417,17.929,,17,,16.501,,C  
,296.204712,-14.849141,17.306,,16.262,,15.565,,C  
,296.187256,-14.854028,18.166,,17.224,,16.937,,C  
,296.205139,-14.856238,17.242,,16.469,,16.279,,M  
,296.185944,-14.858833,17.79,,16.917,,16.746,,M  
,296.223785,-14.869195,17.82,,17.072,,16.915,,M  
,296.227081,-14.876891,17.543,,16.457,,15.858,,C  
,296.226807,-14.881382,17.365,,16.369,,15.908,,C  
,295.976105,-14.796489,18.25,,17.411,,17.052,,C  
,296.043884,-14.799508,17.434,,16.746,,16.545,,M  
,295.962311,-14.802186,17.69,,17.183,,16.897,,M  
,295.960724,-14.806342,17.602,,17.019,,16.665,,M  
,296.035767,-14.815892,17.822,,16.895,,16.774,,M  
,295.963165,-14.819047,17.948,,17.251,,17.002,,M  
,295.977814,-14.826708,17.06,,16.466,,16.2,,M  
,296.026215,-14.832167,17.658,,16.99,,16.899,,M  
,296.029327,-14.837542,18.035,,17.423,,17.198,,M  
,295.994385,-14.840031,18.069,,17.356,,17.191,,M  
,295.974335,-14.842854,17.51,,16.839,,16.574,,M  
,296.010468,-14.845939,18.142,,17.684,,17.415,,M  
,295.98175,-14.853352,17.882,,17.04,,16.8,,M  
,296.020447,-14.855683,18.329,,17.354,,17.394,,M  
,296.024811,-14.858717,17.193,,16.613,,16.227,,M  
,295.942688,-14.871535,17.194,,16.398,,16.158,,M  
,296.023621,-14.876556,17.214,,16.658,,16.33,,M  
,296.000641,-14.880625,17.727,,17.24,,16.872,,M  
,296.049103,-14.882938,18.103,,17.283,,17.111,,M  
,296.041718,-14.893066,17.482,,16.884,,16.529,,M  
,296.044067,-14.905341,18.504,,17.75,,17.381,,M  
,296.027344,-14.949381,18.017,,17.425,,17.123,,M  
,296.003693,-14.974893,18.392,,17.56,,17.21,,C  
,296.050873,-14.979843,17.588,,16.88,,16.654,,M  
,296.02536,-14.984833,18.051,,17.614,,17.256,,M  
,296.017761,-14.995077,17.849,,17.05,,16.936,,M  
,296.045563,-15.00578,17.29,,16.687,,16.406,,M  
,296.036987,-15.009061,17.369,,16.648,,16.493,,M  
,295.97934,-15.015457,17.607,,16.872,,16.668,,M  
,295.993744,-15.019435,17.743,,17.091,,16.938,,M  
,296.056305,-15.026172,17.87,,17.15,,17.096,,M  
,296.041931,-15.032643,17.826,,17.19,,16.948,,M  
,296.02005,-15.036669,17.751,,17.008,,16.689,,M  
,295.994659,-15.038876,18.321,,17.693,,17.438,,M  
,296.021637,-15.045016,17.04,,16.282,,16.056,,M  
,295.979401,-15.049569,17.948,,17.226,,17.089,,M  
,296.040497,-15.052125,17.159,,16.498,,16.321,,M  
,296.040161,-15.055114,18.43,,17.362,,17.348,,M  
,297.102814,-14.442153,18.075,,17.512,,17.107,,M  
,297.181274,-14.445981,18.53,,18.264,,17.292,,C  
,297.216156,-14.453639,17.765,,17.021,,16.866,,M  
,297.155334,-14.481108,18.038,,17.259,,17.179,,M  
,297.108337,-14.49365,18.191,,17.383,,16.661,,C  
,297.158966,-14.496314,17.297,,16.756,,16.449,,M  
,297.215637,-14.500302,18.073,,17.588,,17.286,,M  
,297.179169,-14.503994,17.677,,16.981,,16.811,,M  
,297.150513,-14.513336,17.78,,17.283,,16.918,,M  
,297.161224,-14.292459,17.802,,17.075,,17.045,,M  
,297.193909,-14.294868,17.032,,16.465,,16.212,,M  
,297.160309,-14.302498,18.161,,17.466,,17.205,,M  
,297.173523,-14.304831,17.817,,17.33,,17.05,,M  
,297.193878,-14.307225,17.774,,17.121,,16.909,,M  
,297.210724,-14.310122,17.649,,17.018,,16.718,,M  
,297.173767,-14.321322,18.275,,17.793,,17.289,,M  
,297.204651,-14.32515,17.781,,17.125,,17.029,,M  
,297.171265,-14.329375,17.739,,17.068,,16.905,,M  
,297.149353,-14.33532,17.041,,16.773,,15.965,,M  
,297.211639,-14.338922,18.101,,17.483,,17.153,,M  
,297.161255,-14.3425,16.41,,15.743,,15.544,,M  
,297.206085,-14.347786,17.681,,17.074,,16.879,,M  
,297.139404,-14.352262,18.128,,17.665,,17.304,,M  
,297.153961,-14.360078,17.469,,16.917,,16.496,,M  
,297.211029,-14.376673,17.19,,16.61,,16.226,,M  
,297.202271,-14.3802,18.048,,17.394,,17.222,,M  
,296.948669,-14.282547,17.247,,16.617,,16.438,,M  
,296.952179,-14.285142,17.218,,16.602,,16.371,,M  
,296.991333,-14.290698,17.848,,17.314,,16.943,,M  
,297.019135,-14.296878,18.136,,17.52,,17.298,,M  
,296.964722,-14.299945,16.726,,16.204,,15.882,,M  
,296.923645,-14.303656,17.635,,17.044,,16.813,,M  
,296.936279,-14.305859,17.659,,17.029,,16.808,,M  
,296.930145,-14.308464,17.777,,17.44,,16.951,,M  
,297.024963,-14.310925,17.856,,17.26,,16.923,,M  
,296.970581,-14.314083,18.075,,17.436,,17.237,,M  
,296.938538,-14.317039,17.72,,17.069,,16.846,,M  
,297.027313,-14.32887,18.067,,17.623,,17.274,,M  
,296.957794,-14.331817,17.547,,17.1,,16.708,,M  
,296.995422,-14.335114,17.862,,17.323,,17.01,,M  
,296.97406,-14.339691,18.259,,17.784,,17.415,,M  
,297.011963,-14.3455,18.038,,17.354,,16.989,,M  
,297.013916,-14.348797,18.201,,17.552,,16.944,,C  
,296.996124,-14.351164,18.032,,17.527,,17.282,,M  
,296.95752,-14.363795,18.022,,17.281,,17.01,,M  
,296.964783,-14.368781,17.611,,17,,16.747,,M  
,296.942719,-14.373831,17.839,,17.114,,16.891,,M  
,296.930756,-14.377884,17.241,,16.724,,16.363,,M  
,296.938354,-14.381606,17.528,,16.902,,16.637,,M  
,296.981598,-14.386964,18.128,,17.547,,17.365,,M  
,297.006256,-14.394895,18.126,,17.297,,17.202,,M  
,297.025116,-14.436872,17.775,,17.192,,16.831,,M  
,296.974823,-14.447328,17.896,,17.283,,17.053,,M  
,297.028107,-14.45823,17.57,,17.079,,16.704,,M  
,296.975769,-14.466044,18.236,,17.514,,17.185,,M  
,297.018646,-14.468082,16.712,,16.068,,15.835,,M  
,296.954742,-14.47366,18.343,,17.804,,17.385,,M  
,297.014343,-14.477056,18.167,,17.555,,17.215,,M  
,296.968933,-14.48323,17.727,,17.076,,16.816,,M  
,297.023346,-14.493817,18.165,,17.555,,17.168,,M  
,297.016083,-14.503956,18.178,,17.632,,17.433,,M  
,297.018768,-14.510902,18.148,,17.651,,17.346,,M  
,296.937805,-14.516788,17.791,,17.1,,16.94,,M  
,297.006958,-14.520561,17.413,,16.788,,16.564,,M  
,297.020477,-14.523369,18.044,,17.363,,17.141,,M  
,296.953674,-14.526256,18.052,,17.447,,17.269,,M  
,296.932526,-14.52895,16.632,,15.979,,15.793,,M  
,297.018127,-14.533105,17.651,,17.046,,16.895,,M  
,296.975586,-14.536401,17.165,,16.641,,16.351,,M  
,296.964935,-14.538761,16.722,,16.023,,15.882,,M  
,295.645844,-15.270988,18.097,,17.564,,17.253,,M  
,295.638458,-15.305284,17.652,,16.911,,16.703,,M  
,295.612732,-15.336275,17.83,,17.128,,16.957,,M  
,295.644928,-15.342483,17.427,,16.796,,16.615,,M  
,295.591583,-15.346883,16.991,,16.276,,15.991,,M  
,295.618652,-15.359362,17.498,,16.892,,16.726,,M  
,295.584229,-15.363297,17.197,,16.553,,16.344,,M  
,295.622314,-15.17592,18.314,,17.515,,17.276,,M  
,295.683594,-15.186219,18.208,,17.596,,17.426,,M  
,295.689667,-15.155052,17.736,,16.787,,16.428,,C  
,295.688568,-15.211617,17.775,,17.153,,16.833,,M  
,295.460785,-15.123086,18.389,,17.712,,17.401,,M  
,295.456573,-15.136149,17.643,,16.952,,16.724,,M  
,295.464996,-15.146566,17.472,,16.739,,16.559,,M  
,295.434204,-15.201089,16.736,,16.063,,15.827,,M  
,295.503571,-15.209061,18.138,,17.388,,17.182,,M  
,295.485199,-15.273877,17.789,,16.997,,16.8,,M  
,295.416962,-15.29779,18.304,,17.561,,17.378,,M  