Ra(J2000) deg,Dec(J2000) deg,J,H,Ks,Types,Ref,R,J-Ks,Log(M/Ms),M/Ms,Log(t),t,Log(dt),dt
296.18398,-14.78018,18.03,17.51,17.05,O,Whitelock,89.99,0.9800000000000004,0.07899999999999985,1.1994993031493784,9.509042,3228806359.872826,5.050848211852364,112421.19874431586
296.25229,-14.78475,17.29,16.54,15.932479999999996,O,Whitelock,89.99,1.0759999999999987,0.2626711200000005,1.8309273832104054,8.991313318239998,980196885.4964188,5.353650441226363,225761.7907313985
296.20415,-14.63486,16.38,15.91,15.39,O,Whitelock,89.99,0.9899999999999984,0.3483599999999998,2.2302831332497006,8.76012472,575605214.9959745,5.327790205482744,212711.12546999828
296.22364,-14.77473,16.240000000000002,15.58,15.02048,O,Whitelock,89.99,1.0759999999999987,0.38752911999999995,2.4407827201558594,8.66081880592,457950783.0130188,5.337058324761922,217299.29872884514
296.21816,-14.88035,16.1,15.53,15.018479999999998,O,Whitelock,89.99,1.0759999999999987,0.38774112000000005,2.441974474308635,8.66031869792,457423737.3227036,5.337172560737412,217356.4642315936
296.21322,-14.68097,16.150000000000002,15.55,14.971879999999999,O,Whitelock,89.99,1.0759999999999987,0.40109888000000016,2.5182502167305625,8.62880774208,425410046.57543725,5.3446987754756705,221156.02501689125
296.25088,-14.76786,15.3,14.68,14.080479999999998,O,Whitelock,89.99,1.0759999999999987,0.5943820800000001,3.929905253045754,8.17285267328,148885592.40002567,5.209063890387765,161831.80958500586
296.18801,-14.87231,15.680000000000001,15.19,14.61,O,Whitelock,89.99,1.070000000000002,0.4821599999999999,3.0350091169307643,8.43758456,273895287.4539311,5.37660260160384,238014.05401800168
296.26702,-14.76311,15.260000000000002,14.67,14.081879999999998,O,Whitelock,89.99,1.0759999999999987,0.5940964800000001,3.9273217250047967,8.173526403679999,149116741.07844105,5.209955133017257,162164.25567382283
296.21293,-14.73224,13.520000000000001,12.97,12.5,O,Whitelock,89.99,1.0200000000000014,1.57585,37.65737125675281,6.74276245,5530475.210394344,3.0003521236042814,1000.8111233448731
296.20389,-14.75535,17.830000000000002,17.11,16.431079999999998,C,Whitelock,89.99,1.0759999999999987,0.2064083600000004,1.6084529441951796,9.143110244719999,1390305512.4859726,5.310041322860339,204193.22240570863
296.23639,-14.83054,17.5,16.76,15.797479999999998,C,Whitelock,89.99,1.0759999999999987,0.28710612,1.9368951871064126,8.925387688239999,842146577.9517672,5.3463138067511204,221979.9793974619
296.18011,-14.71067,17.68,16.89,16.21208,C,Whitelock,89.99,1.0759999999999987,0.23555408,1.7201015214836823,9.064475092159999,1160045682.8116684,5.348021065216,222854.32409182406
296.28567,-14.73952,17.810000000000002,17.04,16.162679999999998,C,Whitelock,89.99,1.0759999999999987,0.2404446800000002,1.7395810978115454,9.051280253359998,1125330923.8690577,5.350728320208533,224247.86668675215
296.21027,-14.75973,17.69,16.91,16.070279999999997,C,Whitelock,89.99,1.0759999999999987,0.24959228000000033,1.776610726967182,9.026600028559999,1063163427.4193417,5.353579869123299,225725.10781094548
296.18048,-14.80431,18.0,16.91,15.469479999999999,C,Whitelock,89.99,1.0759999999999987,0.33993512000000004,2.1874348148876694,8.78285504624,606533853.9864647,5.328779668665802,213196.3026421448
296.17438,-14.83893,18.38,17.16,15.559679999999998,C,Whitelock,89.99,1.0759999999999987,0.33014791999999993,2.1386903999649323,8.80926091184,644556380.4607308,5.3307105820108385,214146.3034089232
296.29065,-14.69641,17.6,16.82,15.89748,C,Whitelock,89.99,1.0759999999999987,0.2690061199999998,1.8578306351235645,8.97422148824,942370078.5085324,5.352429194753296,225127.8349419644
296.17703,-14.71031,17.64,16.76,15.716679999999998,C,Whitelock,89.99,1.0759999999999987,0.30173092,2.0032304820523925,8.88592997784,769006441.857988,5.340292219535598,218923.41773498518
296.21802,-14.92573,17.470000000000002,16.56,15.560479999999998,C,Whitelock,89.99,1.0759999999999987,0.33000312,2.1379774488170695,8.809651582239999,645136453.2019504,5.33074527219382,214163.40947741352
296.23352,-14.80653,17.67,16.61,15.153279999999997,C,Whitelock,89.99,1.0759999999999987,0.37345232000000017,2.3629379644348356,8.694025977119999,494340254.8321746,5.330001838073351,213797.11380617294
296.27563,-14.74923,19.73,18.27,15.681479999999999,C,Whitelock,89.99,1.0759999999999987,0.30810212000000003,2.0328349555325747,8.86874048024,739163443.8727121,5.337757325208422,217649.32530002738
296.19489,-14.82267,17.900000000000002,16.85,15.397079999999997,C,Whitelock,89.99,1.0759999999999987,0.3476095200000002,2.22643243377526,8.762149515039999,578295103.431835,5.327852863574277,212741.81670654225
296.17468,-14.79389,17.8,16.75,15.46268,C,Whitelock,89.99,1.0759999999999987,0.3406559199999998,2.19106832218311,8.78091032784,603823940.2780389,5.328670431577468,213142.68461186122
296.30014,-14.87872,18.17,17.07,15.32208,C,Whitelock,89.99,1.0759999999999987,0.3555595199999999,2.267563825166217,8.74070041504,550427869.336929,5.327438960675718,212539.16041784317
296.22632,-14.72554,17.84,16.71,15.14388,C,Whitelock,89.99,1.0759999999999987,0.37444871999999996,2.3683654668179286,8.69167546952,491671992.0299458,5.330462482592613,214024.0029820762
296.19647,-14.70265,18.01,16.6,14.59628,C,Whitelock,89.99,1.0759999999999987,0.4852332799999999,3.056562495873428,8.430334692479999,269360985.6002505,5.3762865277140985,237840.89349692428
296.30347,-14.74166,18.5,17.18,15.33468,C,Whitelock,89.99,1.0759999999999987,0.3542239199999998,2.2606010240507235,8.744303863839999,555013905.0207032,5.327470292764233,212554.4945661852
296.17462,-14.78854,18.220000000000002,17.09,15.51008,C,Whitelock,89.99,1.0759999999999987,0.3391255199999996,2.1833608566653315,8.78503934704,609592123.728553,5.328907828432582,213259.22589233558
296.19916,-14.8616,20.01,18.61,16.154679999999995,C,Whitelock,89.99,1.0759999999999987,0.24123668000000043,1.7427563747593815,9.049143437359998,1119807668.8096666,5.351084492110316,224431.85140931708
296.21259,-14.80142,18.18,16.9,15.194079999999998,C,Whitelock,89.99,1.0759999999999987,0.36912752000000015,2.3395240820987686,8.70422818032,506090494.43769324,5.328081148048477,212853.6726525898
296.18277,-14.74815,17.830000000000002,16.62,15.051079999999999,C,Whitelock,89.99,1.0759999999999987,0.38428552000000005,2.4226212371010765,8.66847045832,466090722.39230907,5.335336625868797,216439.5517692341
296.21729,-14.77647,18.17,16.99,15.184079999999998,C,Whitelock,89.99,1.0759999999999987,0.3701875200000001,2.3452412267656957,8.70172764032,503184946.7679956,5.32853975338421,213078.56012480138
296.22229,-14.90997,18.75,17.42,15.653680000000001,C,Whitelock,89.99,1.0759999999999987,0.3131339199999994,2.0565246526768735,8.855164683840002,716415022.2534518,5.3358760607529145,216708.55722483748
296.22934,-14.65254,17.78,16.59,15.02868,C,Whitelock,89.99,1.0759999999999987,0.38665991999999993,2.4359026058014015,8.66286924872,460118026.85650414,5.336592081366842,217066.13896586845
296.24048,-14.84939,18.900000000000002,17.38,15.15508,C,Whitelock,89.99,1.0759999999999987,0.3732615199999999,2.3619000752593573,8.694476074319999,494852848.27356935,5.329914383684615,213754.06556531673
296.29919,-14.69143,17.36,16.22,14.63628,C,Whitelock,89.99,1.0759999999999987,0.47627328,2.994148113016947,8.451471332479999,282794743.37610793,5.376726919424518,238082.1958552569
296.17957,-14.77527,17.82,16.56,14.861679999999998,C,Whitelock,89.99,1.0759999999999987,0.42578368000000033,2.665530645769438,8.570576298879999,372028575.136051,5.3590606240328595,228591.7876940193
296.24246,-14.91158,18.75,17.21,15.074079999999999,C,Whitelock,89.99,1.0759999999999987,0.38184752,2.4090594638057623,8.674221700319999,472304083.3420635,5.334077147108866,215812.77401314743
296.23649,-14.85697,18.98,17.73,15.62148,C,Whitelock,89.99,1.0759999999999987,0.3189621199999997,2.084309077722138,8.83944020024,690939784.5671238,5.3338764021065,215713.04139748815
296.22876,-14.79337,18.55,17.25,15.246679999999998,C,Whitelock,89.99,1.0759999999999987,0.36355192000000014,2.3096805652298067,8.719136919839999,523765537.90114164,5.3275619540070736,212599.36058710061
296.2464,-14.73473,18.95,17.32,14.873879999999998,C,Whitelock,89.99,1.0759999999999987,0.42305088000000035,2.648810443219501,8.577022974079998,377592164.93733925,5.35752134793221,227783.02068298194
296.24295,-14.83836,18.2,17.06,15.31068,C,Whitelock,89.99,1.0759999999999987,0.3567679199999999,2.273881980011673,8.73744015184,546311260.0083008,5.327423662266126,212531.67366864881
296.26687,-14.74039,18.21,16.86,14.79628,C,Whitelock,89.99,1.0759999999999987,0.4404332799999999,2.7569778694976703,8.53601789248,343572102.4208201,5.366687072719125,232641.43750552332
296.23883,-14.87026,19.29,17.5,14.81368,C,Whitelock,89.99,1.0759999999999987,0.43653568,2.732345913913613,8.54521233088,350923401.950329,5.364784940155806,231624.73750742333
296.26569,-14.72024,19.580000000000002,17.78,15.172679999999998,C,Whitelock,89.99,1.0759999999999987,0.3713959200000001,2.351775815585733,8.69887702472,499892964.71928775,5.329072307320833,213340.0081378245
296.21774,-14.78943,18.92,17.42,15.06468,C,Whitelock,89.99,1.0759999999999987,0.38284392,2.41459290403044,8.67187119272,469754763.50698304,5.334588112761779,216066.83621144554
296.29114,-14.6977,19.04,17.62,15.198480000000002,C,Whitelock,89.99,1.0759999999999987,0.36866111999999973,2.337012955713682,8.70532841792,507374244.82193625,5.327881931836893,212756.0564498847
296.21661,-14.79057,20.060000000000002,18.34,15.362879999999997,C,Whitelock,89.99,1.0759999999999987,0.3512347200000002,2.2450949862076546,8.752368725439998,565416822.2355386,5.327595969147554,212616.01260692687
296.29965,-14.69757,17.96,16.62,14.767079999999998,C,Whitelock,89.99,1.0759999999999987,0.4469740800000004,2.798814273001534,8.520588145279998,331579861.09715956,5.369609736581893,234212.32029874434
296.28125,-14.67393,19.96,18.21,15.152479999999999,C,Whitelock,89.99,1.0759999999999987,0.37353712000000006,2.3633993948967666,8.69382593392,494112605.99242246,5.330040784979275,213816.2876842698
296.28897,-14.81087,19.73,17.89,15.226079999999996,C,Whitelock,89.99,1.0759999999999987,0.3657355200000003,2.321322708829921,8.713245567039998,516708453.8006135,5.327684645377555,212659.42994746196
296.25732,-14.77645,18.86,17.3,14.85288,C,Whitelock,89.99,1.0759999999999987,0.4277548799999997,2.6776566029964384,8.56592623808,368066454.78674483,5.360153125593923,229167.552008706
296.25696,-14.83051,20.1,18.37,15.33388,C,Whitelock,89.99,1.0759999999999987,0.3543087199999998,2.2610424703309353,8.74407507344,554721595.5005898,5.327467850551276,212553.29928993183
296.19858,-14.71837,18.91,17.07,14.58548,C,Whitelock,89.99,1.0759999999999987,0.4876524799999997,3.0736363239500393,8.42462779968,265844573.4326085,5.375910403704021,237634.99876930466
296.19682,-14.75119,19.490000000000002,17.43,14.558279999999998,C,Whitelock,89.99,1.0759999999999987,0.4937452800000004,3.117060846550237,8.410254884479999,257190477.3350413,5.374442512218965,236833.1613776353
296.28424,-14.80892,20.3,18.1,14.81628,C,Whitelock,89.99,1.0759999999999987,0.43595327999999967,2.728684223967971,8.54658621248,352035298.6692084,5.3644916700371095,231468.37889165437
296.21631,-14.83196,20.17,18.0,14.57588,C,Whitelock,89.99,1.0759999999999987,0.48980288000000005,3.088893110269817,8.41955500608,262757430.391781,5.3754789352315555,237399.0273290819
296.29793,-14.74687,20.2,18.08,14.868079999999999,C,Whitelock,89.99,1.0759999999999987,0.4243500800000002,2.656746272975998,8.573958161279998,374936880.1314822,5.358256445900855,228168.89854186212
296.25891,-14.88796,16.53,15.44,13.842999999999996,C,Whitelock,89.99,1.0759999999999987,0.7549350000000015,5.687677981167128,7.849699089999997,70745543.92578252,4.511560451519931,32475.844369825623
296.17892,-14.82286,17.32,16.53,16.07288,S,Whitelock,89.99,1.0759999999999987,0.24933487999999981,1.7755580677013107,9.02729449376,1064864855.0605797,5.353535059468313,225701.81913739198
296.21545,-14.83469,17.25,16.53,16.11328,S,Whitelock,89.99,1.0759999999999987,0.24533528000000004,1.759281273847723,9.03808541456,1091655015.8150842,5.352585819905359,225209.04030346396
296.27341,-14.80861,17.400000000000002,16.62,16.152879999999996,S,Whitelock,89.99,1.0759999999999987,0.24141488000000033,1.7434716104394705,9.04866265376,1118568677.097048,5.351161596751512,224471.7005769425
296.28308,-14.80497,17.26,16.55,16.137079999999997,S,Whitelock,89.99,1.0759999999999987,0.24297908000000024,1.7497624003995262,9.04444244216,1107751743.285717,5.351791442615186,224797.48215904433
296.25427,-14.81764,17.970000000000002,17.25,16.529679999999995,S,Whitelock,89.99,1.0759999999999987,0.1834345600000009,1.5255785015364065,9.205093557119996,1603590804.194051,5.249892740545738,177784.02754531606
296.19156,-14.89296,17.560000000000002,16.85,16.423280000000002,S,Whitelock,89.99,1.0759999999999987,0.20822575999999948,1.6151979695928989,9.13820689952,1374696729.7141695,5.3136382896188525,205891.43931365662
296.25522,-14.82579,16.62,15.86,15.414279999999998,S,Whitelock,89.99,1.0759999999999987,0.3457863200000001,2.2171052992682956,8.76706850864,584882340.2865866,5.3280258015036175,212826.5482814621
296.29922,-14.8365,17.67,16.35,14.270079999999998,LAV,Whitelock,89.99,1.0759999999999987,0.5557036800000001,3.595039611786572,8.264095018879999,183694020.17994815,5.3073966484638895,202953.54822463318
296.19168,-14.82965,18.12,16.8,15.051279999999998,LAV,Whitelock,89.99,1.0759999999999987,0.3842643200000001,2.4225029802066573,8.668520469119999,466144397.7508926,5.335325541140467,216434.0275382946
296.28415,-14.81194,17.13,15.94,14.558079999999999,LAV,Whitelock,89.99,1.0759999999999987,0.49379008000000013,3.117382406078514,8.41014920128,257127899.045619,5.374428867796099,236825.7208017685
296.23456,-14.7733,17.8,16.56,14.91068,LAV,Whitelock,89.99,1.0759999999999987,0.41480768,2.5990083811857825,8.59646868288,394883223.1612914,5.352752778239476,225295.6353586262
296.20154,-14.81282,18.98,17.3,15.055679999999999,LAV,Whitelock,89.99,1.0759999999999987,0.38379792,2.4199027884847215,8.66962070672,467326820.7687173,5.335082253960808,216312.81743656175
296.18323,-14.76308,18.19,16.94,15.231679999999999,LAV,Whitelock,89.99,1.0759999999999987,0.36514192,2.3181520586052904,8.71484709984,518617419.41577494,5.3276476480912685,212641.3143898828
296.27222,-14.76143,17.89,16.73,15.069679999999998,LAV,Whitelock,89.99,1.0759999999999987,0.3823139200000001,2.411648004347658,8.67312146272,471109066.93226975,5.33431565901482,215931.3296369793
296.22778,-14.76111,18.150000000000002,17.01,15.743679999999998,LAV,Whitelock,89.99,1.0759999999999987,0.29684392000000015,1.9808150177491928,8.89911510384,792711400.0059097,5.342306377915384,219941.092473297
296.27774,-14.82287,18.26,17.17,15.632879999999997,LAV,Whitelock,89.99,1.0759999999999987,0.3168987200000004,2.0744296919679934,8.845007253439999,699853684.6249231,5.334559851752018,216052.77646961552
296.24905,-14.81619,17.29,16.92,15.79448,LAV,Whitelock,89.99,1.0759999999999987,0.28764911999999976,1.9393184089019255,8.92392267424,839310534.6940984,5.346095570930908,221868.4610263521
296.25348,-14.76936,18.18,16.83,14.849079999999997,LAV,Whitelock,89.99,1.0759999999999987,0.42860608000000044,2.6829098503833757,8.563918257279997,366368610.4160493,5.360619719468259,229413.89554131476
296.24728,-14.76419,18.740000000000002,17.79,16.37508,LAV,Whitelock,89.99,1.0759999999999987,0.21941707999999993,1.657360866137864,9.10801271816,1282368135.8025715,5.3320308052342185,214798.28287429138
296.24246,-14.82114,19.79,18.4,15.934679999999998,LAV,Whitelock,89.99,1.0759999999999987,0.26227292,1.829249394712283,8.992387661839999,982624666.3970687,5.353703966425442,225789.61675723677
296.17993,-14.75767,19.03,17.44,15.13328,LAV,Whitelock,89.99,1.0759999999999987,0.37557231999999996,2.374500798701557,8.68902489712,488680373.4799408,5.330989737320941,214283.99637309698
296.27051,-14.73481,19.19,17.7,15.210479999999997,LAV,Whitelock,89.99,1.0759999999999987,0.36738912000000024,2.3301781200758103,8.70832906592,510891957.35959476,5.327346719636607,212494.0234151641
296.18378,-14.68249,19.37,17.64,15.114479999999997,LAV,Whitelock,89.99,1.0759999999999987,0.3775651200000002,2.3854214490981698,8.68432388192,483419185.0801302,5.331944616474773,214755.65889128324
296.2677,-14.68061,19.400000000000002,17.6,15.43428,LAV,Whitelock,89.99,1.0759999999999987,0.34366631999999997,2.206308915817369,8.77278826864,592636326.462101,5.328263897772752,212943.25964260285
296.17764,-14.6424,18.43,17.47,15.968480000000001,LAV,Whitelock,89.99,1.0759999999999987,0.2596704799999998,1.8183206881812304,8.99940904496,998640201.0997603,5.35397741569505,225931.82774555447
296.26511,-14.96155,17.87,17.09,16.222679999999997,LAV,Whitelock,89.99,1.0759999999999987,0.23450468000000024,1.7159502012692998,9.06730637336,1167633034.1649356,5.347321118871118,222495.4421734426
296.21112,-14.91074,19.26,17.55,15.418479999999999,LAV,Whitelock,89.99,1.0759999999999987,0.34534112000000006,2.2148336850235397,8.76826965824,586502217.1839316,5.328072498092384,212849.43323287833
296.30179,-14.90356,19.55,17.75,14.90808,LAV,Whitelock,89.99,1.0759999999999987,0.4153900799999999,2.6024960558585892,8.59509480128,393635992.0971528,5.35309400197874,225472.71895270428
296.18011,-14.75091,16.82,16.27,15.73848,LAV,Whitelock,89.99,1.0759999999999987,0.2977851199999999,1.9851124814020518,8.89657574624,788089871.9245961,5.34191596889832,219743.46527377996
296.22681,-14.75065,16.93,15.92,14.730679999999998,LAV,Whitelock,89.99,1.0759999999999987,0.45512768000000037,2.851856573175241,8.501353802879999,317215063.8858516,5.372682572289543,235875.35798114396
296.23346,-14.74996,17.51,16.93,16.45,LAV,Whitelock,89.99,1.0600000000000023,0.20199999999999996,1.59220872705117,9.155004,1428907119.171423,5.300594964643253,199799.76111731754
296.24622,-14.86655,17.78,16.67,15.346079999999997,LAV,Whitelock,89.99,1.0759999999999987,0.35301552000000025,2.254319771356303,8.747564127039999,559196091.2324461,5.3275118034992985,212574.81192080516
296.26105,-14.73764,18.09,16.78,14.66248,LAV,Whitelock,89.99,1.0759999999999987,0.4704044799999998,2.9539591146082693,8.46531583168,291954942.4105529,5.3762639112472765,237828.50793634084
296.2731,-14.75146,17.11,16.57,15.835280000000001,LAV,Whitelock,89.99,1.0759999999999987,0.2802643199999997,1.9066207710954768,8.94384686464,878712621.803814,5.348942925680407,223327.87094566118
296.22696,-14.80191,14.280000000000001,13.66,13.27,RSG,Whitelock,89.99,1.0100000000000016,1.14668,14.01780453936504,7.1876500000000005,15404584.897005534,2.932999037777375,857.0359463798757
296.24005,-14.80796,14.540000000000001,13.94,13.59,RSG,Whitelock,89.99,0.9500000000000011,0.9303599999999994,8.518438650959105,7.525716640000002,33551863.015429027,3.797413084037396,6272.1015897540165
296.24301,-14.74652,13.9,13.3,12.92,RSG,Whitelock,89.99,0.9800000000000004,1.3840899999999996,24.215308150111117,6.90968943,8122494.575886736,2.8626675640674195,728.8993518850406
296.22287,-14.71018,17.400000000000002,16.76,16.29088,Ce  ,Sibbons,89.99,1.0759999999999987,0.22775287999999982,1.689479319298782,9.08552272976,1217650719.6148088,5.341733560451483,219651.18998733707
296.22888,-14.72012,17.3,16.56,16.23,Ce  ,Sibbons,89.99,1.0700000000000003,0.23378,1.713089290222005,9.06926156,1172901549.4349859,5.3468121837521,222234.85995012205
296.22033,-14.72841,18.060000000000002,17.25,17.08,Ce  ,Sibbons,89.99,0.980000000000004,0.07495000000000018,1.1883654039377696,9.5220101,3326672897.5094094,5.06500866789496,116147.17949201663
296.12738,-14.73369,17.36,16.81,16.34,Ce  ,Sibbons,89.99,1.0199999999999996,0.22289000000000003,1.6706674067917622,9.098642779999999,1254997266.8335311,5.336469074318086,217004.66711822205
296.31088,-14.73645,16.98,16.31,15.815679999999999,Ce  ,Sibbons,89.99,1.0759999999999987,0.28381192,1.9222590754939564,8.934275439839999,859558501.014423,5.347611471677158,222644.24391685353
296.28564,-14.74075,16.470000000000002,15.62,14.877879999999998,Ce: ,Sibbons,89.99,1.0759999999999987,0.42215488000000034,2.6433512727566306,8.579136638079998,379434344.135488,5.357011182130764,227515.60102971437
296.18609,-14.7787,16.52,15.9,15.469999999999999,Ce  ,Sibbons,89.99,1.0500000000000007,0.33988000000000007,2.1871572065804643,8.78300376,606741582.5644692,5.328788210859766,213200.49606885426
296.24578,-14.7865,17.38,16.73,16.39,Ce: ,Sibbons,89.99,0.9899999999999984,0.2179399999999999,1.6517335870370005,9.111997879999999,1294189523.873772,5.3299656437097225,213779.29656843204
296.23651,-14.79789,17.05,16.52,16.15,Ce  ,Sibbons,89.99,0.9000000000000021,0.24170000000000014,1.7446165981330146,9.0478934,1116589141.1163242,5.3512826667130415,224534.28614900564
296.22512,-14.86821,17.11,16.58,16.25,Ce  ,Sibbons,89.99,0.8599999999999994,0.2318,1.7052968899095884,9.0746036,1187417923.2130673,5.345312778554475,221468.91528162503
296.21267,-14.87307,17.46,16.8,16.4,Ce  ,Sibbons,89.99,1.0600000000000023,0.2169500000000001,1.6479726507403978,9.1146689,1302173641.0684888,5.3285210926020605,213069.40475365776
296.117004,-14.632751,16.26,15.59,15.19,C:  ,Sibbons,89.99,1.070000000000002,0.36956,2.3418549920447136,8.703207959999999,504903010.27021974,5.328267284140474,212944.9200528142
296.233887,-14.671288,16.94,16.26,15.940000000000001,C   ,Sibbons,89.99,1.0,0.2613099999999995,1.8251980663461116,8.994985620000001,988520363.0456691,5.353820843475953,225850.38929025346
296.259827,-14.684196,17.11,16.47,16.14,C   ,Sibbons,89.99,0.9699999999999989,0.24268999999999996,1.7485980913238308,9.04522238,1109742912.4108343,5.3516813246456705,224740.49063534132
296.411377,-14.685686,17.27,16.58,15.981479999999998,C:  ,Sibbons,89.99,1.0759999999999987,0.2583834800000002,1.8129402038064646,9.002881370959999,1006656659.5449593,5.3540610782616875,225975.35548570476
296.156006,-14.687428,17.11,16.25,15.448879999999999,Ce: ,Sibbons,89.99,1.0759999999999987,0.34211872,2.198460768265891,8.776963693439999,598361570.5740197,5.328462864859348,213040.8395304415
296.179413,-14.688039,17.04,16.35,16.009999999999998,C   ,Sibbons,89.99,1.0300000000000011,0.25556000000000023,1.8011919611187461,9.010499119999999,1024469704.4510456,5.354115437722675,226003.64197755713
296.248596,-14.689795,17.060000000000002,16.43,16.04,C   ,Sibbons,89.99,1.0200000000000031,0.2525900000000001,1.7889162125599156,9.018512179999998,1043547399.1126463,5.353965822568257,225925.79676548034
296.350922,-14.720666,16.85,16.13,15.644279999999998,C   ,Sibbons,89.99,1.0759999999999987,0.31483532000000003,2.064597133368186,8.850574306639999,708882584.01554,5.3352706528220954,216406.67524709945
296.375854,-14.73088,15.95,15.33,14.959999999999999,C   ,Sibbons,89.99,0.9900000000000002,0.4037600000000001,2.5337280536728124,8.622530159999998,419305114.7224374,5.346252676890617,221948.7364257484
296.436554,-14.743853,17.25,16.68,16.49,C   ,Sibbons,89.99,0.7600000000000016,0.19268000000000018,1.5584038053244036,9.180149359999998,1514081873.0250542,5.277284219289591,189358.24476232735
296.485382,-14.756809,16.54,15.93,15.56,C:  ,Sibbons,89.99,0.9799999999999986,0.33008999999999955,2.1384051909804933,8.80941718,644788346.9424392,5.330724437254069,214153.13540097832
296.131714,-14.759347,17.17,16.47,16.11,Ce  ,Sibbons,89.99,1.0600000000000023,0.24566,1.7605971723030485,9.037209319999999,1089455059.215228,5.352681217480483,225258.51538788574
296.112915,-14.776258,17.150000000000002,16.46,15.764879999999998,C   ,Sibbons,89.99,1.0759999999999987,0.29300672000000016,1.9633906568746775,8.909467869439998,811835184.4284502,5.343900090401291,220749.68391742717
296.152313,-14.788395,16.94,16.3,15.91,Ce  ,Sibbons,89.99,1.0300000000000011,0.26673999999999976,1.8481618447362766,8.98033548,955730575.3363011,5.352941150519713,225393.37700530046
296.283356,-14.789384,17.27,16.75,16.38,C   ,Sibbons,89.99,0.8900000000000006,0.21893000000000007,1.655503106389774,9.10932686,1286254360.3096423,5.331361655359236,214467.58198474738
296.374786,-14.798067,17.53,16.79,16.48,C   ,Sibbons,89.99,1.0500000000000007,0.19500999999999968,1.5667871463000735,9.17386302,1492323644.367053,5.283530798477213,192101.51878546982
296.170349,-14.798781,17.2,16.44,15.525079999999999,Ce  ,Sibbons,89.99,1.0759999999999987,0.3364105199999998,2.1697541115416237,8.79236441704,619961066.9858427,5.329379628035407,213491.02780185395
296.073059,-14.801702,17.42,16.74,16.39,C   ,Sibbons,89.99,1.0300000000000011,0.2179399999999999,1.6517335870370005,9.111997879999999,1294189523.873772,5.3299656437097225,213779.29656843204
296.160095,-14.802064,17.18,16.61,16.28,C   ,Sibbons,89.99,0.8999999999999986,0.22882999999999987,1.6936746995542173,9.08261666,1209530042.7577925,5.342755353949489,220168.58636144132
296.338257,-14.808908,17.21,16.5,15.921479999999999,C:  ,Sibbons,89.99,1.0759999999999987,0.2646621199999999,1.8393404424903599,8.98594160024,968147660.2882797,5.353339153608604,225600.03028330358
296.100708,-14.828527,16.52,15.96,15.57,C   ,Sibbons,89.99,0.9499999999999993,0.3282799999999997,2.1295115503263617,8.81430056,652079519.3354409,5.331171318924906,214373.60876469113
296.129822,-14.832311,17.36,16.74,16.419999999999998,C   ,Sibbons,89.99,0.9400000000000013,0.20899000000000023,1.6180427804022688,9.13614498,1368185489.0698082,5.315099183333152,206585.18971983847
296.084503,-14.832314,17.3,16.6,16.02528,C:  ,Sibbons,89.99,1.0759999999999987,0.2540472800000001,1.7949290233399713,9.01458043856,1034142623.6560526,5.354066934443178,225978.40263843557
296.434357,-14.834667,17.28,16.72,16.25,C:  ,Sibbons,89.99,1.0300000000000011,0.2318,1.7052968899095884,9.0746036,1187417923.2130673,5.345312778554475,221468.91528162503
296.30838,-14.840508,17.05,16.46,16.009999999999998,C   ,Sibbons,89.99,1.0400000000000027,0.25556000000000023,1.8011919611187461,9.010499119999999,1024469704.4510456,5.354115437722675,226003.64197755713
296.173828,-14.855554,17.64,16.97,16.58,Ce  ,Sibbons,89.99,1.0600000000000023,0.17171000000000025,1.4849437404497972,9.236726419999998,1724751057.9029236,5.209930787762568,162155.16548359997
296.080383,-14.858717,16.11,15.7,15.219999999999999,C:  ,Sibbons,89.99,0.8900000000000006,0.36638000000000004,2.3247700394197204,8.711506759999999,514643817.6269759,5.327727855688221,212680.5896387957
296.28244,-14.868937,17.28,16.72,16.48,Ce  ,Sibbons,89.99,0.8000000000000007,0.19500999999999968,1.5667871463000735,9.17386302,1492323644.367053,5.283530798477213,192101.51878546982
296.236908,-14.87212,17.82,17.07,16.75,Ce  ,Sibbons,89.99,1.0700000000000003,0.13209999999999988,1.3555014921730804,9.3435942,2205942561.201952,5.063007287165287,115613.16411299891
296.096558,-14.8814,17.78,17.19,16.96,C   ,Sibbons,89.99,0.8200000000000003,0.09114999999999984,1.233530806108648,9.4701377,2952145103.033994,5.0222336795681635,105252.80521949769
296.261414,-14.883708,17.740000000000002,17.07,16.72,Ce  ,Sibbons,89.99,1.0200000000000031,0.13909000000000016,1.3774949012477486,9.32473518,2112200689.2289255,5.086776797861124,122117.18874376596
296.431213,-14.889406,17.13,16.48,16.11,C:  ,Sibbons,89.99,1.0199999999999996,0.24566,1.7605971723030485,9.037209319999999,1089455059.215228,5.352681217480483,225258.51538788574
296.163086,-14.894488,16.55,15.88,15.330479999999998,C   ,Sibbons,89.99,1.0759999999999987,0.35466912000000017,2.2629195789483987,8.743102714239999,553480996.5744828,5.3274581575907245,212548.555394166
296.118591,-14.89873,16.69,16.03,15.66,C   ,Sibbons,89.99,1.0300000000000011,0.31198999999999977,2.05111494961475,8.85825098,721524329.6569352,5.3362923290562385,216916.37047901927
296.251007,-14.9064,17.76,17.09,16.7,Ce  ,Sibbons,89.99,1.0600000000000023,0.14375000000000004,1.3923550682035843,9.3121625,2051929805.9398005,5.103742074925796,126981.97423514436
296.35376,-14.912353,17.02,16.35,15.869480000000001,C   ,Sibbons,89.99,1.0759999999999987,0.27407411999999964,1.8796375826787535,8.96054802424,913162407.1172099,5.3510294944797785,224403.4318943577
296.223907,-14.922441,17.02,16.33,15.66248,C   ,Sibbons,89.99,1.0759999999999987,0.31154111999999956,2.0489960444296145,8.85946205824,723539188.1465665,5.336457611144748,216998.93937037195
296.332458,-14.951111,17.560000000000002,16.91,16.38188,C:  ,Sibbons,89.99,1.0759999999999987,0.2187438800000001,1.6547937807215094,9.109829011759999,1287742448.3899426,5.331102890962924,214339.83446136012
296.034485,-14.951339,17.37,16.71,16.32,C   ,Sibbons,89.99,1.0500000000000007,0.2248699999999999,1.6783015667434158,9.09330074,1239654724.7852156,5.3387435418611116,218144.13539005033
296.345795,-14.960103,16.71,16.07,15.65,C:  ,Sibbons,89.99,1.0600000000000005,0.31379999999999963,2.059681176597363,8.8533676,713456665.9483202,5.335637047773075,216589.3249761161
296.33786,-14.988564,16.53,15.73,14.993079999999997,C:  ,Sibbons,89.99,1.0759999999999987,0.3963500800000004,2.4908643675842304,8.64001016128,436526045.6130515,5.341960638845196,219766.06844780527
296.281311,-14.988667,16.96,16.35,16.0,C   ,Sibbons,89.99,0.9600000000000009,0.25654999999999994,1.8053025683067212,9.0078281,1018188294.7182721,5.35411728790455,226004.604800596
296.204498,-14.674287,18.12,17.55,17.21,C   ,Sibbons,89.99,0.9100000000000001,0.057399999999999785,1.1413004802139917,9.578205200000001,3786214374.7822485,5.152287653835089,141999.77421372462
296.247101,-14.722958,17.93,17.27,16.96,C   ,Sibbons,89.99,0.9699999999999989,0.09114999999999984,1.233530806108648,9.4701377,2952145103.033994,5.0222336795681635,105252.80521949769
296.244446,-14.75467,17.05,16.49,16.15,C:  ,Sibbons,89.99,0.9000000000000021,0.24170000000000014,1.7446165981330146,9.0478934,1116589141.1163242,5.3512826667130415,224534.28614900564
296.350891,-14.757086,16.78,16.22,15.78,C:  ,Sibbons,89.99,1.0000000000000018,0.2902699999999998,1.951057191091222,8.91685154,825755623.5499122,5.345029371306105,221324.43861107208
296.234558,-14.767653,16.76,16.04,15.499079999999998,C   ,Sibbons,89.99,1.0759999999999987,0.34111652000000015,2.1933933377375516,8.779667629039999,602098616.1561452,5.328603031740303,213109.60874248843
296.290405,-14.774523,17.43,16.84,16.62,Ce: ,Sibbons,89.99,0.8099999999999987,0.1623899999999996,1.4534162113879945,9.26187178,1827560572.1426446,5.175171809611566,149682.76933711953
296.278412,-14.780069,17.45,16.54,15.430079999999998,Ce: ,Sibbons,89.99,1.0759999999999987,0.34411152,2.2085717867477657,8.77158711904,590999507.5965685,5.328210593078092,212917.12488993764
296.352264,-14.780713,16.89,16.3,15.642879999999998,C:  ,Sibbons,89.99,1.0759999999999987,0.3150887200000001,2.0658021258170853,8.84989063344,707767527.8087782,5.335181947187706,216362.4782059589
296.229034,-14.781347,17.41,16.51,15.693679999999999,Ce: ,Sibbons,89.99,1.0759999999999987,0.30589391999999993,2.0225250999450326,8.87469820384,749373280.363922,5.3386197191761005,218081.94868622717
296.213776,-14.783867,17.69,17.08,16.65,C   ,Sibbons,89.99,1.0400000000000027,0.1554000000000002,1.4302106247365651,9.280730799999999,1908669791.5697396,5.148230832219246,140679.505225434
296.257843,-14.793209,17.71,17.14,16.81,Ce: ,Sibbons,89.99,0.9000000000000021,0.11812000000000022,1.3125625233464802,9.38377976,2419801602.497572,5.027185625926128,106459.79509074743
296.208191,-14.797331,17.470000000000002,16.91,16.374679999999998,Ce  ,Sibbons,89.99,1.0759999999999987,0.21945668000000018,1.6575119951191033,9.107905877359999,1282052699.1765227,5.332084697258799,214824.93905595128
296.184326,-14.799191,17.63,17.03,16.71,Ce: ,Sibbons,89.99,0.9199999999999982,0.14141999999999966,1.3849050534881064,9.31844884,2081847148.6531954,5.095169046665941,124499.91263225263
296.274109,-14.800164,17.37,16.75,16.33,Ce  ,Sibbons,89.99,1.0400000000000027,0.2238800000000002,1.6744801361395054,9.09597176,1247302405.763221,5.337629152218638,217585.10010320786
296.251343,-14.803117,17.21,16.5,16.059479999999997,Ce: ,Sibbons,89.99,1.0759999999999987,0.2506614800000002,1.7809899960234006,9.023715326959998,1056125009.3389957,5.353745896124184,225811.41705182177
296.191315,-14.818703,16.75,16.05,15.53048,Ce  ,Sibbons,89.99,1.0759999999999987,0.3354331199999996,2.164876469390812,8.79500144224,623736906.8346019,5.329565221387649,213582.28151244126
296.212616,-14.82485,17.19,16.56,16.18,C   ,Sibbons,89.99,1.0100000000000016,0.23873,1.7327264303149543,9.05590646,1137382285.7101808,5.349880340574401,223810.43976343644
296.182983,-14.828946,17.400000000000002,16.81,16.509999999999998,Ce  ,Sibbons,89.99,0.8900000000000041,0.1880200000000003,1.5417714525139898,9.192722039999998,1558554667.1699188,5.263983179502425,183646.7214444291
296.233093,-14.830748,17.19,16.6,16.24,Ce  ,Sibbons,89.99,0.9500000000000028,0.23279000000000016,1.7091886492581827,9.071932579999999,1180137416.5593913,5.346082599809725,221861.83455551707
296.241516,-14.846167,18.21,17.3,15.969279999999998,Ce: ,Sibbons,89.99,1.0759999999999987,0.2595912800000002,1.8179891208368646,8.999622726559998,999131673.0153252,5.3539835810681415,225935.03516346263
296.234772,-14.862573,17.51,16.99,16.61,Ce: ,Sibbons,89.99,0.9000000000000021,0.16471999999999998,1.4612347778198829,9.255585439999999,1801297474.0080621,5.184032687258187,152768.10351197523
296.153625,-14.886689,17.8,17.21,16.85,C   ,Sibbons,89.99,0.9499999999999993,0.10879999999999956,1.2846948998311916,9.413622400000001,2591924817.2231855,5.0159090834513105,103731.1239146785
296.183685,-14.962144,18.04,17.33,16.66868,C   ,Sibbons,89.99,1.0759999999999987,0.1510475600000003,1.4159488333645824,9.292473683119999,1960982342.5118191,5.131415060237719,135336.53721913008
296.190338,-14.641755,17.39,16.78,16.33,C   ,Sibbons,89.99,1.0600000000000023,0.2238800000000002,1.6744801361395054,9.09597176,1247302405.763221,5.337629152218638,217585.10010320786
296.32608,-14.666169,17.38,16.8,16.44,C   ,Sibbons,89.99,0.9399999999999977,0.20432999999999968,1.6007739196012034,9.14871766,1408372900.7887213,5.305715165102749,202169.2803225114
296.335388,-14.681108,18.19,17.51,16.99808,C   ,Sibbons,89.99,1.0759999999999987,0.08600919999999967,1.2190154220093468,9.486598541600001,3066186319.4635344,5.031814385157075,107600.52371908097
296.099152,-14.708244,17.28,16.63,16.198479999999996,C   ,Sibbons,89.99,1.0759999999999987,0.2369004800000003,1.725442455905898,9.060842504959998,1150383131.7586155,5.348856129924573,223283.24230009425
296.374054,-14.711063,17.35,16.85,16.45,C   ,Sibbons,89.99,0.9000000000000021,0.20199999999999996,1.59220872705117,9.155004,1428907119.171423,5.300594964643253,199799.76111731754
296.075775,-14.711885,17.94,17.39,17.03,C   ,Sibbons,89.99,0.9100000000000001,0.08169999999999977,1.2069797949676546,9.500396600000002,3165166787.705351,5.042694707215737,110330.27666391856
296.341431,-14.712852,17.12,16.39,15.679679999999998,C   ,Sibbons,89.99,1.0759999999999987,0.3084279200000002,2.0343605243348657,8.86786147184,737668896.2290343,5.337631813084677,217586.4332230174
296.110779,-14.725801,16.95,16.18,15.192279999999998,C   ,Sibbons,89.99,1.0759999999999987,0.3693183200000001,2.340552138597014,8.70377808312,505566260.4778281,5.328163100461173,212893.84244222761
296.08786,-14.740214,17.03,18.14,15.782879999999999,C   ,Sibbons,89.99,1.0759999999999987,0.28974871999999996,1.9487167584987222,8.91825795344,828434074.102312,5.345242898686443,221433.28283822726
296.171387,-14.745203,17.82,17.23,16.9,C   ,Sibbons,89.99,0.9200000000000017,0.09925000000000017,1.2567532008069673,9.4442015,2781003273.0547323,5.014423550136286,103376.91081936422
296.342804,-14.764064,18.0,17.41,16.95,C   ,Sibbons,89.99,1.0500000000000007,0.09250000000000003,1.2373711899353526,9.465815000000001,2922907017.8204603,5.020321843384329,104790.48330728147
296.106384,-14.767224,17.42,16.8,16.509999999999998,C   ,Sibbons,89.99,0.9100000000000037,0.1880200000000003,1.5417714525139898,9.192722039999998,1558554667.1699188,5.263983179502425,183646.7214444291
296.304626,-14.767883,17.560000000000002,17.03,16.52,C   ,Sibbons,89.99,1.0400000000000027,0.1856899999999999,1.5335219619411917,9.199008379999999,1581278550.794158,5.256943288511169,180693.81551472447
296.333038,-14.770712,18.04,17.51,17.18,C   ,Sibbons,89.99,0.8599999999999994,0.061450000000000005,1.1519934240465526,9.565237100000001,3674828704.1660404,5.128557202342918,134448.8842020687
296.162018,-14.82305,17.25,16.64,16.21,C   ,Sibbons,89.99,1.0399999999999991,0.23575999999999986,1.7209172981186418,9.063919519999999,1158562640.6450486,5.348153331124612,222922.20549456446
296.167816,-14.842195,17.52,16.99,16.53,C   ,Sibbons,89.99,0.9899999999999984,0.18335999999999952,1.5253166115647891,9.205294720000001,1604333750.924552,5.249655812179081,177687.06432495403
296.066071,-14.844581,17.240000000000002,16.78,16.23,C   ,Sibbons,89.99,1.0100000000000016,0.23378,1.713089290222005,9.06926156,1172901549.4349859,5.3468121837521,222234.85995012205
296.364624,-14.865284,17.25,16.57,16.09948,C   ,Sibbons,89.99,1.0759999999999987,0.24670148000000003,1.7648243204360021,9.034399406959999,1082428969.5242305,5.352964851100755,225405.67764458002
296.297241,-14.869897,17.29,16.7,16.11188,C   ,Sibbons,89.99,1.0759999999999987,0.24547388000000003,1.7598428174722005,9.03771147176,1090715467.0611975,5.352626947387364,225230.36850292087
296.207458,-14.896397,17.19,16.58,16.13,C   ,Sibbons,89.99,1.0600000000000023,0.24368000000000012,1.75258867091681,9.04255136,1102938660.512889,5.352046810190805,224929.70320086254
296.368011,-14.913227,16.76,15.87,14.85048,C   ,Sibbons,89.99,1.0759999999999987,0.4282924800000001,2.6809732454576167,8.56465803968,366993218.90820175,5.360448196902777,229323.30749080732
296.06134,-14.955141,18.03,17.2,17.03,C   ,Sibbons,89.99,1.0,0.08169999999999977,1.2069797949676546,9.500396600000002,3165166787.705351,5.042694707215737,110330.27666391856
296.337067,-14.850516,16.724,16.08,15.613499999999998,C5.5    ,Kacharov,18.978,1.0759999999999987,0.32040650000000004,2.0912526292874074,8.835543263,684767694.018169,5.333415143335422,215484.05687979909
296.354126,-14.855531,17.134,16.521,16.148,C5.5    ,Kacharov,19.406,0.9860000000000007,0.24189800000000006,1.7454121708527752,9.047359195999999,1115216524.8233182,5.351365087379567,224576.90244386918
296.369537,-14.872893,16.825,15.971,15.056239999999999,C6.5    ,Kacharov,20.196,1.0759999999999987,0.38373855999999995,2.419572055263085,8.669760736959999,467477525.9714618,5.335051369778532,216297.4352311127
296.316101,-14.679276,17.243000000000002,16.601,16.086959999999998,C6.5    ,Kacharov,19.438,1.0759999999999987,0.2479409600000002,1.7698683378767368,9.03105528992,1074126150.363946,5.35325896782875,225558.38056126467
296.343781,-14.74656,17.237000000000002,16.532,16.01886,C5.5    ,Kacharov,21.667,1.0759999999999987,0.25468285999999996,1.7975577838383467,9.01286564372,1030067402.5211883,5.354094170861449,225992.57513095593
296.363739,-14.759742,16.328,15.565,14.78832,C5.5    ,Kacharov,23.344,1.0759999999999987,0.4422163199999998,2.7683201890785094,8.53181170112,340260629.4859437,5.367519379798258,233087.71251710434
296.313934,-14.783896,17.188000000000002,16.359,15.402679999999997,C5.5    ,Kacharov,22.971,1.0759999999999987,0.34701592000000026,2.22339139235977,8.763751047839998,580431599.2831128,5.327905943151885,212767.81965233025
296.193542,-14.678253,17.288,16.498,15.92082,C5.5    ,Kacharov,20.206,1.0759999999999987,0.2647815799999995,1.8398464535982009,8.985619297160001,967429435.1475083,5.35331823749892,225589.16539427487
296.184784,-14.717754,17.235,16.459,15.8968,C5.5    ,Kacharov,20.28,1.0759999999999987,0.2691291999999996,1.8583572229776268,8.9738894184,941649799.7862266,5.3523992119823705,225112.29312969343
296.138214,-14.72313,17.027,16.188,15.289979999999998,C6.5    ,Kacharov,20.327,1.0759999999999987,0.35896212000000005,2.285399457745637,8.731520200239999,538914911.2164624,5.327427188403177,212533.39926932432
296.197662,-14.763362,16.975,16.255,15.301459999999999,C5.5    ,Kacharov,20.414,1.0759999999999987,0.3577452400000001,2.279004800604675,8.73480334248,543004392.1985885,5.327420276465921,212530.01675839737
296.208893,-14.769947,16.825,16.201,15.664819999999999,C6.5    ,Kacharov,24.466,1.0759999999999987,0.3111175799999999,2.0469987619691037,8.86060476916,725445463.3790907,5.336614533692488,217077.36122593356
296.206879,-14.785284,17.882,17.209,17.004,C5.5    ,Kacharov,19.733,0.8780000000000001,0.08520999999999979,1.2167742209183987,9.48915758,3084306861.336471,5.033634796114297,108052.49416572333
296.180084,-14.825297,17.031000000000002,16.366,15.77836,C5.5    ,Kacharov,19.755,1.0759999999999987,0.2905668399999999,1.9523911932735982,8.91605066568,824234266.2548162,5.344907509447613,221262.34428360403
296.212219,-14.830112,17.07,16.343,15.95536,C8.2    ,Kacharov,20.872,1.0759999999999987,0.26096935999999993,1.823767028815031,8.99590466672,990614468.2808998,5.353857844108837,225869.63190944048
296.194489,-14.842676,16.814,16.111,15.406799999999999,C5.5    ,Kacharov,20.11,1.0759999999999987,0.3465792,2.2211567071826024,8.7649293184,582008487.9490732,5.327946982180937,212787.9262796712
296.202057,-14.847754,16.978,16.174,15.356899999999998,C5.5    ,Kacharov,20.336,1.0759999999999987,0.3518686000000001,2.2483742355226974,8.7506585172,563194645.5580184,5.327562856510282,212599.80238825709
296.164886,-14.853178,17.017,16.028,14.754199999999999,C5.5 e  ,Kacharov,20.933,1.0759999999999987,0.4498592000000001,2.8174693483994955,8.513782147199999,326424048.7608027,5.370775727433476,234841.97680324627
296.179565,-14.858191,17.141000000000002,16.375,15.627539999999998,C5.5    ,Kacharov,20.623,1.0759999999999987,0.31786526000000004,2.0790515606310436,8.84239952852,695663998.2992301,5.334236200946941,215891.82667873282
296.188385,-14.861088,17.351,16.547,16.05006,C5.5    ,Kacharov,20.347,1.0759999999999987,0.2515940600000002,1.7848185047339569,9.021199226119998,1050024001.0456662,5.353864787091654,225873.2428729088
296.178772,-14.868636,17.278000000000002,16.402,15.53408,C5.5    ,Kacharov,20.434,1.0759999999999987,0.33478151999999994,2.161630801156341,8.796759459039999,626266900.6342142,5.329693546531951,213645.40003658802
296.204865,-14.8711,16.735,16.102,15.737,C3.2    ,Kacharov,19.485,0.9979999999999993,0.2980529999999997,1.9863373092326078,8.895853006,786779446.3794639,5.341804996307006,219687.32275411015
296.168549,-14.87782,17.022000000000002,16.157,15.322239999999999,C5.5    ,Kacharov,20.499,1.0759999999999987,0.35554255999999995,2.2674752743483704,8.74074617312,550485866.5034264,5.327439263326878,212539.30853219502
296.116089,-14.881053,17.11,16.25,15.131479999999998,C5.5    ,Kacharov,20.608,1.0759999999999987,0.3757631200000001,2.3755442250098717,8.68857479992,488174173.7980392,5.331080079368544,214328.576420655
296.092773,-14.892178,17.014,16.157,15.386,C6.5    ,Kacharov,20.724,1.0759999999999987,0.348784,2.232461613176381,8.758980767999999,574091038.9892339,5.327756998710065,212694.8618971225
296.206696,-14.92662,16.797,15.861,14.832279999999999,C6.5 e  ,Kacharov,20.623,1.0759999999999987,0.4323692800000001,2.7062585139514126,8.555040868479999,358955711.9199203,5.362640378035503,230483.78538714774
296.351776,-14.830035,17.477,16.931,16.642,C8.2    ,Kacharov,19.629,0.8350000000000009,0.15726400000000007,1.4363623074837992,9.275701728,1886695128.1130772,5.1554439732613595,143035.54440061052
296.345673,-14.834577,17.019000000000002,16.341,15.784299999999998,C5.5    ,Kacharov,19.646,1.0759999999999987,0.28949170000000013,1.9475638288057964,8.918951393399999,829757895.1228763,5.345347940633319,221486.84694559546
296.365814,-14.852487,17.093,16.259,15.30354,C5.5    ,Kacharov,19.955,1.0759999999999987,0.3575247599999999,2.2778481028472313,8.73539819752,543748657.2705414,5.327420341977906,212530.04881789788
296.346741,-14.855356,17.12,16.481,15.917039999999997,C5.5    ,Kacharov,19.721,1.0759999999999987,0.26546576000000033,1.8427472001076444,8.983773379519999,963326216.3655182,5.353193743875348,225524.50791209596
296.293854,-14.708783,17.337,16.573,16.274,C8.2    ,Kacharov,19.802,1.0629999999999988,0.22942399999999985,1.6959927835444337,9.081014048,1205074919.9568188,5.343297116850899,220443.40818344516
296.262848,-14.76875,17.447,16.796,16.567,C6.5    ,Kacharov,20.685,0.879999999999999,0.17473899999999976,1.495336726450056,9.228554178,1692599382.1172242,5.220732850463961,166238.97424411005
296.299103,-14.783449,17.28,16.529,15.451899999999998,C       ,Kacharov,21.817,1.0759999999999987,0.34179860000000006,2.196840872140047,8.7778273772,599552719.4606606,5.328506670053858,213062.32901849807
296.134644,-14.67692,17.150000000000002,16.321,15.55926,C5.5    ,Kacharov,20.201,1.0759999999999987,0.33022393999999977,2.1390647944859333,8.80905580988,644252051.0926679,5.3306924391855555,214137.3575485048
296.121368,-14.679315,17.159000000000002,16.399,15.911879999999998,C5.5    ,Kacharov,19.923,1.0759999999999987,0.2663997200000001,1.8467143333655918,8.981253555439999,957753075.9252598,5.353011184950462,225429.72692534255
296.170105,-14.696488,17.166,16.439,15.992019999999997,C5.5    ,Kacharov,20.142,1.0759999999999987,0.25734002000000034,1.808589561801111,9.005696626039999,1013203370.9774095,5.354102380888505,225996.847399592
296.20285,-14.700215,16.915,15.986,15.11174,C6.5    ,Kacharov,20.626,1.0759999999999987,0.37785556,2.3870172638113125,8.683638733959999,482657138.6891051,5.332085839326728,214825.5039836814
296.198029,-14.719869,17.406000000000002,16.479,15.504759999999997,C6.5    ,Kacharov,20.698,1.0759999999999987,0.34008844000000016,2.188207186461146,8.782441388879999,605956416.8931329,5.3287560489654,213184.70798443537
296.151001,-14.726998,16.672,16.0,15.3476,C5.5    ,Kacharov,19.754,1.0759999999999987,0.3528543999999999,2.253483590723537,8.7479988288,559756091.9497529,5.327518288427334,212577.9861325604
296.159454,-14.733295,17.318,16.572,15.701039999999999,C6.5    ,Kacharov,21.045,1.0759999999999987,0.3045617599999999,2.016330687936711,8.878292371519999,755600734.6801162,5.339148964592266,218347.87245841257
296.179321,-14.742605,17.215,16.49,15.671179999999998,C6.5    ,Kacharov,19.952,1.0759999999999987,0.3099664200000001,2.0415800819462175,8.86371059884,730652036.0448198,5.3370456529908745,217292.95849910274
296.207184,-14.745038,16.806,15.993,15.149019999999998,C5.5    ,Kacharov,20.06,1.0759999999999987,0.3739038800000001,2.3653961194834805,8.692960747079999,493129231.3484115,5.330209782734782,213899.5065729781
296.179443,-14.752915,16.463,15.734,15.079259999999998,C5.5    ,Kacharov,19.452,1.0759999999999987,0.3812984400000001,2.406015606265009,8.67551698004,473714829.108786,5.333797873521982,215674.0399615988
296.181671,-14.7577,16.975,16.282,15.8645,C6.5    ,Kacharov,19.873,1.0759999999999987,0.2749754999999998,1.883542829560376,8.958116101,908063252.4905577,5.35074849426774,224258.283800036
296.202637,-14.773767,17.096,16.414,15.50112,C       ,Kacharov,20.774,1.0759999999999987,0.34074727999999976,2.1915292929452606,8.78066383856,603481329.6634235,5.328656913704256,213136.0504245381
296.194275,-14.821965,17.096,16.408,15.760559999999998,C5.5    ,Kacharov,19.925,1.0759999999999987,0.29378864000000005,1.9669288028676077,8.90735824928,807901192.703433,5.343575714497644,220584.8668485652
296.170105,-14.844587,17.154,16.234,15.19618,C6.5    ,Kacharov,21.037,1.0759999999999987,0.36890491999999986,2.3383252535587893,8.70475329372,506702787.8023365,5.327985870273708,212806.9808324104
296.156158,-14.860965,16.908,16.214,15.462159999999999,C6.5    ,Kacharov,20.326,1.0759999999999987,0.34071103999999997,2.191346426914706,8.78076161408,603617210.6058301,5.328662267045269,213138.67766720388
296.171783,-14.865685,16.905,16.145,15.450879999999998,C6.5    ,Kacharov,19.938,1.0759999999999987,0.3419067200000001,2.1973878558428264,8.777535669439999,599150145.9429239,5.328491773422577,213055.0209437832
296.112885,-14.868258,16.970000000000002,16.196,15.375119999999997,C6.5    ,Kacharov,20.504,1.0759999999999987,0.34993728000000024,2.2383978499771033,8.75586921856,569992601.4872366,5.327674668714759,212654.54476668654
296.178711,-14.876316,17.87,17.083,16.59528,C5.5    ,Kacharov,20.439,1.0759999999999987,0.16814976000000015,1.4728202950731542,9.246331947519998,1763323305.436194,5.196888280771435,157357.80204184196
296.155457,-14.878673,17.425,16.429,15.44234,C6.5    ,Kacharov,20.832,1.0759999999999987,0.3428119599999999,2.2019728505986427,8.775093331919999,595790167.8719575,5.3283711137283785,212995.836256947
296.19754,-14.883656,17.666,16.778,15.955199999999998,C6.5    ,Kacharov,20.752,1.0759999999999987,0.26098520000000025,1.8238335481878782,8.995861930399998,990516992.6376004,5.353856174704929,225868.7636807682
296.201691,-14.886331,16.485,15.619,14.757639999999999,C6.5    ,Kacharov,19.856,1.0759999999999987,0.44908864000000026,2.8124748011434755,8.515599898239998,327793168.49465305,5.370472314373379,234677.96542089107
296.089813,-14.905375,17.696,16.855,16.103879999999997,C6.5    ,Kacharov,20.747,1.0759999999999987,0.24626588000000027,1.7630550783648744,9.035574655759998,1085362108.689871,5.352850332781989,225346.24866881125
296.17276,-14.922873,16.332,15.67,15.166299999999998,C5.5    ,Kacharov,19.289,1.0759999999999987,0.3720722000000001,2.3554408354814056,8.6972816802,498060018.29845226,5.329374803230108,213488.6560311695
296.233276,-14.808039,17.338,16.688,16.395,C       ,Kacharov,19.292,0.9430000000000014,0.217445,1.6498520472291784,9.11333339,1298175444.4355369,5.329249461037342,213427.04973343277
296.209412,-14.569217,17.253,16.39,15.36694,C       ,Kacharov,21.103,1.0759999999999987,0.3508043599999999,2.242871332549396,8.75352983672,566930519.211507,5.327620444371255,212627.9951932242
296.193878,-14.664783,18.14,17.605,17.187,C8.2 e  ,Kacharov,20.917,0.9529999999999994,0.06050499999999981,1.1494894773303288,9.568262990000001,3700521995.907099,5.133910600480142,136116.44579187894
296.040436,-14.607334,17.963,17.085,16.457819999999998,C5.5    ,Kacharov,20.792,1.0759999999999987,0.20017794000000033,1.5855426911040138,9.159919917879998,1445173262.1569748,5.296392193461858,197875.57663470905
295.99939,-14.635953,17.617,16.896,16.329859999999996,C5.5    ,Kacharov,20.416,1.0759999999999987,0.22389386000000033,1.6745335760656177,9.095934365719998,1247195013.2694416,5.337645067765527,217593.07406894272
296.051239,-14.72685,17.214000000000002,16.397,15.483879999999997,C6.5    ,Kacharov,20.36,1.0759999999999987,0.3438677200000002,2.2073323081969956,8.772244891439998,591895300.0141922,5.328239566080399,212931.32966200582
296.014832,-14.769041,16.85,15.886,14.679659999999998,C8.2    ,Kacharov,20.342,1.0759999999999987,0.46655616000000033,2.9278994628772983,8.474394018559998,298121994.8219164,5.375666807968445,237501.74669404395
296.042908,-14.782191,16.713,15.97,15.214719999999998,C5.5    ,Kacharov,19.58,1.0759999999999987,0.3669396800000001,2.327767927025003,8.70938929488,512140704.88234967,5.327160479498777,212402.91833890768
296.021149,-14.796692,17.156000000000002,16.289,15.476939999999997,C5.5    ,Kacharov,20.412,1.0759999999999987,0.34512386000000017,2.2137259702231855,8.76885582572,587294353.9740226,5.328095923728565,212860.9145389259
296.426727,-14.754023,17.222,16.423,15.606419999999998,C6.5    ,Kacharov,19.853,1.0759999999999987,0.3216879800000001,2.0974324363849255,8.832085829959999,679337877.4302586,5.333018215996835,215287.20326427833
296.442505,-14.762609,16.938000000000002,15.998,14.708319999999999,C6.5    ,Kacharov,20.355,1.0759999999999987,0.46013632000000015,2.884936909251124,8.489538421119999,308701273.5132144,5.374199089327745,236700.4531309053
296.480835,-14.801933,17.291,16.674,16.352999999999998,C6.5    ,Kacharov,19.534,0.9380000000000024,0.22160300000000022,1.66572383444168,9.102115106,1265071599.338206,5.334891806740663,216217.98053416857
296.51123,-14.584842,17.555,16.79,16.14642,C6.5    ,Kacharov,20.77,1.0759999999999987,0.2420544200000001,1.7460409298065018,9.046937174839998,1114133351.0946026,5.351429244608917,224610.0810743502
296.521149,-14.614511,18.07,17.226,16.62554,C6.5    ,Kacharov,20.662,1.0759999999999987,0.16109917999999968,1.4491027479190852,9.26535441236,1842274803.4755251,5.170228493755186,147988.67907643583
296.326508,-14.641376,16.449,15.697,14.91898,C5.5    ,Kacharov,19.64,1.0759999999999987,0.41294848000000006,2.587905895778061,8.60085453568,398891273.7556004,5.351660918094506,224729.93081759926
296.263336,-14.708953,16.871000000000002,16.053,15.383759999999999,C       ,Kacharov,20.958,1.0759999999999987,0.34902144,2.2336824912601823,8.758340154879999,573244840.9426444,5.327739093666141,212686.09311810244
296.264954,-14.715384,17.211000000000002,16.435,15.908679999999999,C6.5    ,Kacharov,20.125,1.0759999999999987,0.2669789199999999,1.849178860443144,8.97969087384,954313074.391947,5.352890877971595,225367.28769479285
296.280762,-14.726241,17.815,17.146,16.991,C6.5    ,Kacharov,19.971,0.8240000000000016,0.08696499999999996,1.2217011987135085,9.48353807,3044654870.988371,5.029754847020724,107091.46187088847
296.31192,-14.728691,17.338,16.72,15.7583,C6.5    ,Kacharov,20.084,1.0759999999999987,0.2941976999999998,1.9687823169447267,8.9062546054,805850733.2195593,5.343405850817376,220498.6073352662
296.318024,-14.739033,16.973,16.378,15.9,C5.5    ,Kacharov,19.599,1.0729999999999986,0.2685499999999996,1.8558804632688892,8.9754521,945044154.1569579,5.35253840569932,225184.4543936439
296.283783,-14.741738,17.903000000000002,17.246,16.788359999999997,C5.5    ,Kacharov,20.344,1.0759999999999987,0.1231621200000006,1.3278900600675145,9.367634891759998,2331497165.281984,5.036728956348281,108825.07029210457
296.339813,-14.745103,17.844,16.882,16.0642,C6.5    ,Kacharov,19.951,1.0759999999999987,0.25019420000000003,1.779074766874471,9.0249760484,1059195308.3127263,5.353677292058205,225775.74918477077
296.276062,-14.751641,17.331,16.642,15.842379999999999,C6.5    ,Kacharov,20.366,1.0759999999999987,0.2789792200000001,1.9009873198415583,8.947314064439999,885755921.6178502,5.349403777798639,223564.9813705789
296.252136,-14.757003,17.714000000000002,16.978,16.25022,C5.5    ,Kacharov,19.901,1.0759999999999987,0.23177822000000015,1.7052113708977201,9.074662362439998,1187578598.2805538,5.345295385120527,221460.04565980632
296.248871,-14.764977,16.91,15.994,14.901119999999999,C8.2    ,Kacharov,21.013,1.0759999999999987,0.4169491200000002,2.6118553431783145,8.591417025919998,390316603.49181294,5.354005017148562,225946.1872303495
296.330048,-14.767764,16.905,16.08,15.116919999999997,C6.5    ,Kacharov,20.116,1.0759999999999987,0.3773064800000002,2.38400125669006,8.68493401368,484098808.4505983,5.331819289883112,214693.69468767918
296.261536,-14.769683,17.145,16.483,15.976539999999998,C5.5    ,Kacharov,19.877,1.0759999999999987,0.25887254000000015,1.8149829098093961,9.00156188708,1003602852.6339005,5.35403346962277,225960.99040866244
296.301117,-14.779015,16.897000000000002,16.157,15.51878,C6.5    ,Kacharov,19.885,1.0759999999999987,0.3375508199999999,2.175458585577611,8.78928788764,615584799.9057249,5.329173612229863,213389.77830968017
296.307007,-14.784284,16.747,16.062,15.48884,C5.5    ,Kacharov,19.709,1.0759999999999987,0.3429699599999998,2.2027740926571506,8.77466704792,595205653.8575468,5.328350798205577,212985.87292390337
296.238708,-14.806007,17.148,16.599,16.177,C6.5    ,Kacharov,19.831,0.9710000000000001,0.239027,1.73391179134832,9.055105154,1135285664.6110747,5.3500348647942655,223890.08684250308
296.479218,-14.974156,16.682000000000002,15.943,15.20718,C5.5    ,Kacharov,19.889,1.0759999999999987,0.36773891999999997,2.332055704723674,8.70750388772,509922162.27877045,5.327492711997995,212565.46737864162
296.462311,-14.852363,17.207,16.635,16.189,C5.5    ,Kacharov,19.562,1.0180000000000007,0.23783900000000002,1.7291752071178412,9.058310378,1143695409.5915468,5.349397207189475,223561.59899510682
296.461395,-14.854693,17.056,16.208,15.265159999999998,C6.5    ,Kacharov,20.143,1.0759999999999987,0.36159304000000014,2.2992862383825265,8.724421978079999,530178336.41620886,5.327483696902236,212561.05498512954
296.479126,-14.883121,17.01,16.401,16.057,C5.5    ,Kacharov,19.599,0.953000000000003,0.2509070000000001,1.781997128985118,9.023052913999999,1054515369.64963,5.35377951039704,225828.8954694886
296.47525,-14.898197,16.93,16.153,15.242659999999999,C5.5    ,Kacharov,19.993,1.0759999999999987,0.36397804,2.311947884110083,8.71798724808,522380850.4284278,5.32758299030114,212609.6586939617
296.251434,-14.798083,17.425,16.616,15.850819999999999,C5.5    ,Kacharov,20.545,1.0759999999999987,0.2774515799999999,1.8943123034872917,8.95143563716,894202000.5566583,5.3499341746121205,223838.18445499302
296.297028,-14.802626,16.621000000000002,15.758,14.632819999999999,C6.5    ,Kacharov,20.82,1.0759999999999987,0.4770483200000002,2.9994962271078225,8.44964301312,281606719.3048845,5.376745356931549,238092.30359441298
296.256256,-14.807403,17.224,16.327,15.231679999999999,C6.5    ,Kacharov,20.364,1.0759999999999987,0.36514192,2.3181520586052904,8.71484709984,518617419.41577494,5.3276476480912685,212641.3143898828
296.244385,-14.810474,16.672,15.96,15.3338,C5.5    ,Kacharov,21.079,1.0759999999999987,0.3543171999999999,2.261086619699947,8.7440521944,554692373.0172133,5.327467609716747,212553.1814202335
296.244141,-14.813117,17.12,16.187,14.988299999999999,C8.2    ,Kacharov,20.921,1.0759999999999987,0.39742080000000013,2.497012980508785,8.6374843328,433994606.9803439,5.3425732509388695,220076.2873350021
296.259552,-14.815343,17.228,16.335,15.4551,C6.5    ,Kacharov,20.168,1.0759999999999987,0.34145939999999986,2.1951257283180303,8.7787425388,600817451.4864095,5.3285540762787,213085.58750412083
296.259796,-14.82215,17.209,16.47,15.861139999999999,C5.5    ,Kacharov,19.839,1.0759999999999987,0.2755836599999999,1.886182277840528,8.95647528532,904638955.3928243,5.350554072237092,224157.91182951065
296.259155,-14.832942,17.282,16.728,16.44,C5.5    ,Kacharov,19.663,0.8419999999999987,0.20432999999999968,1.6007739196012034,9.14871766,1408372900.7887213,5.305715165102749,202169.2803225114
296.257324,-14.837327,17.811,17.107,16.57216,C5.5    ,Kacharov,20.378,1.0759999999999987,0.17353671999999976,1.4912028327009605,9.23179792944,1705288759.6863017,5.216480517865737,164619.21176920482
296.257874,-14.842669,17.195,16.265,15.29928,C6.5    ,Kacharov,20.334,1.0759999999999987,0.3579763199999999,2.280217739248329,8.73417988864,542225438.4964031,5.327420642983416,212530.19612057068
296.244781,-14.845008,17.519000000000002,16.678,15.741959999999997,C5.5    ,Kacharov,20.156,1.0759999999999987,0.2971552400000004,1.9822354558067856,8.898275162479997,791179748.8723682,5.342177166829906,219875.6654385888
296.262543,-14.847853,16.849,16.052,15.219619999999999,C5.5    ,Kacharov,21.242,1.0759999999999987,0.36642028000000004,2.324985667487246,8.711398084559999,514515052.1267483,5.327730660853862,212681.96337535977
296.337067,-14.850516,16.724,16.08,15.613499999999998,C5.5    ,Kacharov,19.09,1.0759999999999987,0.32040650000000004,2.0912526292874074,8.835543263,684767694.018169,5.333415143335422,215484.05687979909
296.275482,-14.853798,17.152,16.271,15.329419999999999,C6.5    ,Kacharov,20.071,1.0759999999999987,0.35478148,2.263505113760407,8.742799566959999,553094789.2428881,5.327455362644307,212547.1875206686
296.278717,-14.858888,16.483,15.688,14.9102,C5.5    ,Kacharov,19.844,1.0759999999999987,0.41491520000000004,2.599651907611616,8.596215043199999,394652668.05013055,5.352815806222133,225328.33427707516
296.261169,-14.861171,17.891000000000002,17.198,16.486559999999997,C5.5    ,Kacharov,20.811,1.0759999999999987,0.19348152000000063,1.5612826012140777,9.177986859039997,1506561479.6907234,5.2794639707733415,190311.0348307139
296.309265,-14.868592,17.126,16.568,16.059,C5.5    ,Kacharov,19.455,1.0670000000000002,0.25070899999999985,1.7811848805510866,9.023587118,1055813274.5366073,5.353752532241355,225814.86752732508
296.289734,-14.876258,17.204,16.537,15.842339999999998,C5.5    ,Kacharov,20.12,1.0759999999999987,0.27898646000000005,1.901019010925582,8.947294530919999,885716083.3453485,5.349401217611928,223563.6634482215
296.262299,-14.882443,16.154,15.396,14.742659999999999,C5.5    ,Kacharov,19.28,1.0759999999999987,0.4524441600000002,2.8342891874975153,8.507684226559999,321872761.88066125,5.3717488919976075,235368.7993771549
296.294189,-14.884681,16.706,15.826,14.87928,C6.5    ,Kacharov,20.325,1.0759999999999987,0.42184128,2.641443222400559,8.57987642048,380081227.92089796,5.356832045754651,227421.77548595605
296.263153,-14.89839,17.973,17.307,17.005,C5.5    ,Kacharov,20.287,0.968,0.08507500000000001,1.2163960466643318,9.48958985,3087378318.888623,5.033951154451374,108131.23281449302
296.266968,-14.910404,17.64,16.579,15.27646,C8.2    ,Kacharov,21.533,1.0759999999999987,0.3603952399999999,2.2929534602177237,8.72765364248,534138204.8341467,5.327450982930868,212545.0440647452
296.286987,-14.962574,17.246000000000002,16.297,15.326819999999998,C6.5    ,Kacharov,20.207,1.0759999999999987,0.35505708000000014,2.264941972881581,8.74205599816,552148629.0270468,5.327448963215651,212544.05561225605
296.289246,-14.965583,17.113,16.713,16.38,C       ,Kacharov,18.844,0.7330000000000005,0.21893000000000007,1.655503106389774,9.10932686,1286254360.3096423,5.331361655359236,214467.58198474738
296.311035,-14.973057,17.164,16.349,15.46148,C6.5    ,Kacharov,20.228,1.0759999999999987,0.3407831199999999,2.191710155595252,8.780567142239999,603346978.5944335,5.32865163086826,213133.45781514974
296.334747,-14.99367,17.119,16.239,15.237079999999999,C6.5    ,Kacharov,21.401,1.0759999999999987,0.36456952,2.3150987474443405,8.716391435039998,520464886.6954259,5.327614537612008,212625.10329869585
296.325409,-14.997616,17.29,16.614,15.993199999999998,C5.5    ,Kacharov,19.962,1.0759999999999987,0.2572232000000002,1.8081031383530932,9.006011806399998,1013938949.5363489,5.354105485022044,225998.46272497642
296.250244,-15.015092,18.236,17.14,15.24456,C8.2    ,Kacharov,22.244,1.0759999999999987,0.3637766399999999,2.310875988483899,8.71853062528,523034847.8939221,5.327572870650533,212604.70465819864
296.216919,-14.990644,17.431,16.691,16.06934,C5.5    ,Kacharov,20.257,1.0759999999999987,0.24968533999999998,1.776991457360713,9.02634895268,1062548965.2088146,5.353595603166344,225733.28574791248
296.219086,-14.802538,17.109,16.477,15.882579999999997,C5.5    ,Kacharov,20.155,1.0759999999999987,0.27170302000000013,1.869403364562453,8.966945252039999,926712992.873714,5.351724688010386,224762.93160757996
296.16803,-14.836925,17.881,16.862,15.506419999999999,C6.5    ,Kacharov,21.08,1.0759999999999987,0.3397879800000001,2.1866938323173035,8.78325202996,607088533.2611203,5.328802531330255,213207.5262796375
296.22171,-14.839417,17.729,17.0,16.34664,C5.5    ,Kacharov,20.663,1.0759999999999987,0.22223263999999987,1.6681405517751042,9.10041633728,1260132861.8461385,5.335673283478168,216607.39703241788
296.204712,-14.849141,17.106,16.262,15.291699999999997,C6.5    ,Kacharov,20.326,1.0759999999999987,0.3587798000000002,2.2844402316966543,8.732012099599999,539525653.6839188,5.327425371382428,212532.51006440792
296.187256,-14.854028,17.966,17.224,16.85826,C5.5    ,Kacharov,20.617,1.0759999999999987,0.1068754199999995,1.2790143585218403,9.419784905160002,2628965610.637661,5.014737273414299,103451.61464692614
296.227081,-14.876891,17.343,16.457,15.60598,C5.5    ,Kacharov,20.122,1.0759999999999987,0.3217676199999997,2.0978170943596552,8.83187096124,679001855.7606285,5.332993938429154,215275.16879508607
296.226807,-14.881382,17.165,16.369,15.742619999999999,C       ,Kacharov,21.294,1.0759999999999987,0.29703577999999986,1.9816902835957892,8.89859746556,791767125.2389234,5.342226740076892,219900.76493499795
296.051331,-14.866667,17.204,16.456,15.683639999999999,C5.5    ,Kacharov,20.285,1.0759999999999987,0.30771116,2.0310057830078847,8.869795290319999,740960898.5648911,5.337908549660262,217725.12555164628
296.048126,-14.899792,17.096,16.481,15.724679999999998,C5.5    ,Kacharov,19.983,1.0759999999999987,0.3002829200000001,1.99656254683576,8.889836681839999,775955260.7062795,5.340884898912605,219222.3853158648
296.028839,-14.902554,17.150000000000002,16.164,14.858219999999998,C8.2    ,Kacharov,22.678,1.0759999999999987,0.4265587200000005,2.670291786991652,8.568747979519998,370465678.67917734,5.359492090554753,228819.0038287917
296.044067,-14.905341,18.304000000000002,17.75,17.311,C5.5    ,Kacharov,20.697,0.9930000000000021,0.04376499999999994,1.106025143530983,9.62186447,4186628928.695256,5.246097299308907,176237.08436397844
296.003693,-14.974893,18.192,17.56,17.14,C5.5    ,Kacharov,20.379,1.0519999999999996,0.06684999999999985,1.1664066848842984,9.547946300000001,3531395018.097511,5.100187134441168,125946.79907980231
295.993561,-14.990264,17.674,16.702,15.455359999999999,C6.5    ,Kacharov,19.735,1.0759999999999987,0.34143184000000004,2.19498643171615,8.778816895679999,600920328.0774906,5.3285579727710255,213087.49931768424
296.02005,-15.036669,17.551000000000002,17.008,16.619,C8.2    ,Kacharov,19.639,0.9320000000000022,0.16262299999999996,1.4541961817762774,9.261243146,1824917122.4123132,5.176061725843519,149989.79993670917
296.021637,-15.045016,16.84,16.282,15.986,C5.5    ,Kacharov,19.021,0.8539999999999992,0.25793599999999994,1.8110731833461684,9.004088672,1009458971.1464248,5.354081757343088,225986.11563629238
