,index,RAJ2000,DEJ2000,Jmag,Hmag,Kmag,SpType,Ref,Rmag
0,0.0,296.18398,-14.78018,18.23,17.51,17.12,O,Whitelock,
1,1.0,296.25229,-14.78475,17.49,16.54,16.08,O,Whitelock,
2,2.0,296.20415,-14.63486,16.58,15.91,15.46,O,Whitelock,
3,3.0,296.22364,-14.77473,16.44,15.58,15.13,O,Whitelock,
4,4.0,296.21816,-14.88035,16.3,15.53,15.09,O,Whitelock,
5,5.0,296.21322,-14.68097,16.35,15.55,15.07,O,Whitelock,
6,6.0,296.20428,-14.74271,15.25,14.32,13.92,O,Whitelock,
7,7.0,296.25088,-14.76786,15.5,14.68,14.19,O,Whitelock,
8,8.0,296.18801,-14.87231,15.88,15.19,14.68,O,Whitelock,
9,9.0,296.26702,-14.76311,15.46,14.67,14.18,O,Whitelock,
10,10.0,296.21293,-14.73224,13.72,12.97,12.57,O,Whitelock,
11,11.0,296.20389,-14.75535,18.03,17.11,16.59,C,Whitelock,
12,12.0,296.23639,-14.83054,17.7,16.76,16.04,C,Whitelock,
13,13.0,296.18011,-14.71067,17.88,16.89,16.39,C,Whitelock,
14,14.0,296.28567,-14.73952,18.01,17.04,16.39,C,Whitelock,
15,15.0,296.21027,-14.75973,17.89,16.91,16.29,C,Whitelock,
16,16.0,296.18048,-14.80431,18.2,16.91,15.94,C,Whitelock,
17,17.0,296.17438,-14.83893,18.58,17.16,16.11,C,Whitelock,
18,18.0,296.29065,-14.69641,17.8,16.82,16.14,C,Whitelock,
19,19.0,296.17703,-14.71031,17.84,16.76,16.02,C,Whitelock,
20,20.0,296.21802,-14.92573,17.67,16.56,15.86,C,Whitelock,
21,21.0,296.23352,-14.80653,17.87,16.61,15.62,C,Whitelock,
22,22.0,296.27563,-14.74923,19.93,18.27,16.57,C,Whitelock,
23,23.0,296.19489,-14.82267,18.1,16.85,15.86,C,Whitelock,
24,24.0,296.17468,-14.79389,18.0,16.75,15.88,C,Whitelock,
25,25.0,296.30014,-14.87872,18.37,17.07,15.88,C,Whitelock,
26,26.0,296.22632,-14.72554,18.04,16.71,15.66,C,Whitelock,
27,27.0,296.19647,-14.70265,18.21,16.6,15.31,C,Whitelock,
28,28.0,296.30347,-14.74166,18.7,17.18,15.98,C,Whitelock,
29,29.0,296.17462,-14.78854,18.42,17.09,16.03,C,Whitelock,
30,30.0,296.19916,-14.8616,20.21,18.61,16.99,C,Whitelock,
31,31.0,296.21259,-14.80142,18.38,16.9,15.79,C,Whitelock,
32,32.0,296.18277,-14.74815,18.03,16.62,15.59,C,Whitelock,
33,33.0,296.21729,-14.77647,18.37,16.99,15.78,C,Whitelock,
34,34.0,296.22229,-14.90997,18.95,17.42,16.28,C,Whitelock,
35,35.0,296.22934,-14.65254,17.98,16.59,15.56,C,Whitelock,
36,36.0,296.24048,-14.84939,19.1,17.38,15.96,C,Whitelock,
37,37.0,296.29919,-14.69143,17.56,16.22,15.16,C,Whitelock,
38,38.0,296.17957,-14.77527,18.02,16.56,15.45,C,Whitelock,
39,39.0,296.24246,-14.91158,18.95,17.21,15.86,C,Whitelock,
40,40.0,296.23649,-14.85697,19.18,17.73,16.32,C,Whitelock,
41,41.0,296.22876,-14.79337,18.75,17.25,15.93,C,Whitelock,
42,42.0,296.2464,-14.73473,19.15,17.32,15.77,C,Whitelock,
43,43.0,296.24295,-14.83836,18.4,17.06,15.88,C,Whitelock,
44,44.0,296.26687,-14.74039,18.41,16.86,15.51,C,Whitelock,
45,45.0,296.23883,-14.87026,19.49,17.5,15.82,C,Whitelock,
46,46.0,296.26569,-14.72024,19.78,17.78,16.16,C,Whitelock,
47,47.0,296.21774,-14.78943,19.12,17.42,15.9,C,Whitelock,
48,48.0,296.29114,-14.6977,19.24,17.62,16.03,C,Whitelock,
49,49.0,296.21661,-14.79057,20.26,18.34,16.43,C,Whitelock,
50,50.0,296.29965,-14.69757,18.16,16.62,15.42,C,Whitelock,
51,51.0,296.28125,-14.67393,20.16,18.21,16.25,C,Whitelock,
52,52.0,296.28897,-14.81087,19.93,17.89,16.24,C,Whitelock,
53,53.0,296.25732,-14.77645,19.06,17.3,15.73,C,Whitelock,
54,54.0,296.25696,-14.83051,20.3,18.37,16.42,C,Whitelock,
55,55.0,296.19858,-14.71837,19.11,17.07,15.55,C,Whitelock,
56,56.0,296.19682,-14.75119,19.69,17.43,15.69,C,Whitelock,
57,57.0,296.28424,-14.80892,20.5,18.1,16.1,C,Whitelock,
58,58.0,296.21631,-14.83196,20.37,18.0,15.89,C,Whitelock,
59,59.0,296.29793,-14.74687,20.4,18.08,16.11,C,Whitelock,
60,60.0,296.25891,-14.88796,16.73,15.44,14.45,C,Whitelock,
61,61.0,296.17892,-14.82286,17.52,16.53,16.19,S,Whitelock,
62,62.0,296.21545,-14.83469,17.45,16.53,16.2,S,Whitelock,
63,63.0,296.27341,-14.80861,17.6,16.62,16.27,S,Whitelock,
64,64.0,296.28308,-14.80497,17.46,16.55,16.22,S,Whitelock,
65,65.0,296.25427,-14.81764,18.17,17.25,16.7,S,Whitelock,
66,66.0,296.19156,-14.89296,17.76,16.85,16.51,S,Whitelock,
67,67.0,296.25522,-14.82579,16.82,15.86,15.52,S,Whitelock,
68,68.0,296.29922,-14.8365,17.87,16.35,14.98,LAV,Whitelock,
69,69.0,296.19168,-14.82965,18.32,16.8,15.67,LAV,Whitelock,
70,70.0,296.28415,-14.81194,17.33,15.94,15.04,LAV,Whitelock,
71,71.0,296.23456,-14.7733,18.0,16.56,15.48,LAV,Whitelock,
72,72.0,296.20154,-14.81282,19.18,17.3,15.91,LAV,Whitelock,
73,73.0,296.18323,-14.76308,18.39,16.94,15.82,LAV,Whitelock,
74,74.0,296.27222,-14.76143,18.09,16.73,15.62,LAV,Whitelock,
75,75.0,296.22778,-14.76111,18.35,17.01,16.18,LAV,Whitelock,
76,76.0,296.27774,-14.82287,18.46,17.17,16.13,LAV,Whitelock,
77,77.0,296.24905,-14.81619,17.49,16.92,15.98,LAV,Whitelock,
78,78.0,296.25348,-14.76936,18.38,16.83,15.54,LAV,Whitelock,
79,79.0,296.24728,-14.76419,18.94,17.79,16.8,LAV,Whitelock,
80,80.0,296.24246,-14.82114,19.99,18.4,16.77,LAV,Whitelock,
81,81.0,296.17993,-14.75767,19.23,17.44,15.98,LAV,Whitelock,
82,82.0,296.27051,-14.73481,19.39,17.7,16.08,LAV,Whitelock,
83,83.0,296.18378,-14.68249,19.57,17.64,16.06,LAV,Whitelock,
84,84.0,296.2677,-14.68061,19.6,17.6,16.3,LAV,Whitelock,
85,85.0,296.17764,-14.6424,18.63,17.47,16.42,LAV,Whitelock,
86,86.0,296.26511,-14.96155,18.07,17.09,16.45,LAV,Whitelock,
87,87.0,296.21112,-14.91074,19.46,17.55,16.25,LAV,Whitelock,
88,88.0,296.30179,-14.90356,19.75,17.75,15.96,LAV,Whitelock,
89,89.0,296.18011,-14.75091,17.02,16.27,15.81,LAV,Whitelock,
90,90.0,296.22681,-14.75065,17.13,15.92,15.11,LAV,Whitelock,
91,91.0,296.23346,-14.74996,17.71,16.93,16.52,LAV,Whitelock,
92,92.0,296.24622,-14.86655,17.98,16.67,15.79,LAV,Whitelock,
93,93.0,296.26105,-14.73764,18.29,16.78,15.38,LAV,Whitelock,
94,94.0,296.2731,-14.75146,17.31,16.57,15.96,LAV,Whitelock,
95,95.0,296.22696,-14.80191,14.48,13.66,13.34,RSG,Whitelock,
96,96.0,296.24005,-14.80796,14.74,13.94,13.66,RSG,Whitelock,
97,97.0,296.20816,-14.72616,14.09,13.21,12.83,RSG,Whitelock,
98,98.0,296.24301,-14.74652,14.1,13.3,12.99,RSG,Whitelock,
99,0.0,296.22287,-14.71018,17.6,16.76,16.37,Ce  ,Sibbons,
100,1.0,296.22888,-14.72012,17.5,16.56,16.3,Ce  ,Sibbons,
101,2.0,296.22033,-14.72841,18.26,17.25,17.15,Ce  ,Sibbons,
102,3.0,296.12738,-14.73369,17.56,16.81,16.41,Ce  ,Sibbons,
103,4.0,296.31088,-14.73645,17.18,16.31,15.91,Ce  ,Sibbons,
104,5.0,296.28564,-14.74075,16.67,15.62,15.09,Ce: ,Sibbons,
105,6.0,296.18609,-14.7787,16.72,15.9,15.54,Ce  ,Sibbons,
106,7.0,296.24578,-14.7865,17.58,16.73,16.46,Ce: ,Sibbons,
107,8.0,296.23651,-14.79789,17.25,16.52,16.22,Ce  ,Sibbons,
108,9.0,296.22512,-14.86821,17.31,16.58,16.32,Ce  ,Sibbons,
109,10.0,296.21267,-14.87307,17.66,16.8,16.47,Ce  ,Sibbons,
110,11.0,296.117004,-14.632751,16.46,15.59,15.26,C:  ,Sibbons,
111,12.0,296.233887,-14.671288,17.14,16.26,16.01,C   ,Sibbons,
112,13.0,296.259827,-14.684196,17.31,16.47,16.21,C   ,Sibbons,
113,14.0,296.411377,-14.685686,17.47,16.58,16.11,C:  ,Sibbons,
114,15.0,296.156006,-14.687428,17.31,16.25,15.68,Ce: ,Sibbons,
115,16.0,296.179413,-14.688039,17.24,16.35,16.08,C   ,Sibbons,
116,17.0,296.248596,-14.689795,17.26,16.43,16.11,C   ,Sibbons,
117,18.0,296.286774,-14.697333,17.18,16.4,16.17,dK  ,Sibbons,
118,19.0,296.33078,-14.707144,15.97,15.27,14.94,dM: ,Sibbons,
119,20.0,296.350922,-14.720666,17.05,16.13,15.75,C   ,Sibbons,
120,21.0,296.375854,-14.73088,16.15,15.33,15.03,C   ,Sibbons,
121,22.0,296.436554,-14.743853,17.45,16.68,16.56,C   ,Sibbons,
122,23.0,296.234741,-14.750431,17.23,16.46,16.24,Uncl,Sibbons,
123,24.0,296.485382,-14.756809,16.74,15.93,15.63,C:  ,Sibbons,
124,25.0,296.131714,-14.759347,17.37,16.47,16.18,Ce  ,Sibbons,
125,26.0,296.112915,-14.776258,17.35,16.46,15.92,C   ,Sibbons,
126,27.0,296.152313,-14.788395,17.14,16.3,15.98,Ce  ,Sibbons,
127,28.0,296.283356,-14.789384,17.47,16.75,16.45,C   ,Sibbons,
128,29.0,296.319458,-14.789786,16.99,16.07,15.58,M:  ,Sibbons,
129,30.0,296.374786,-14.798067,17.73,16.79,16.55,C   ,Sibbons,
130,31.0,296.170349,-14.798781,17.4,16.44,15.76,Ce  ,Sibbons,
131,32.0,296.073059,-14.801702,17.62,16.74,16.46,C   ,Sibbons,
132,33.0,296.160095,-14.802064,17.38,16.61,16.35,C   ,Sibbons,
133,34.0,296.338257,-14.808908,17.41,16.5,16.05,C:  ,Sibbons,
134,35.0,296.238953,-14.8196,17.84,17.06,16.83,dKe:,Sibbons,
135,36.0,296.100708,-14.828527,16.72,15.96,15.64,C   ,Sibbons,
136,37.0,296.129822,-14.832311,17.56,16.74,16.49,C   ,Sibbons,
137,38.0,296.084503,-14.832314,17.5,16.6,16.15,C:  ,Sibbons,
138,39.0,296.434357,-14.834667,17.48,16.72,16.32,C:  ,Sibbons,
139,40.0,296.30838,-14.840508,17.25,16.46,16.08,C   ,Sibbons,
140,41.0,296.173828,-14.855554,17.84,16.97,16.65,Ce  ,Sibbons,
141,42.0,296.080383,-14.858717,16.31,15.7,15.29,C:  ,Sibbons,
142,43.0,296.28244,-14.868937,17.48,16.72,16.55,Ce  ,Sibbons,
143,44.0,296.236908,-14.87212,18.02,17.07,16.82,Ce  ,Sibbons,
144,45.0,296.096558,-14.8814,17.98,17.19,17.03,C   ,Sibbons,
145,46.0,296.261414,-14.883708,17.94,17.07,16.79,Ce  ,Sibbons,
146,47.0,296.431213,-14.889406,17.33,16.48,16.18,C:  ,Sibbons,
147,48.0,296.163086,-14.894488,16.75,15.88,15.44,C   ,Sibbons,
148,49.0,296.118591,-14.89873,16.89,16.03,15.73,C   ,Sibbons,
149,50.0,296.251007,-14.9064,17.96,17.09,16.77,Ce  ,Sibbons,
150,51.0,296.35376,-14.912353,17.22,16.35,15.96,C   ,Sibbons,
151,52.0,296.223907,-14.922441,17.22,16.33,15.81,C   ,Sibbons,
152,53.0,296.157745,-14.929084,     ,16.62,16.12,Uncl,Sibbons,
153,54.0,296.332458,-14.951111,17.76,16.91,16.48,C:  ,Sibbons,
154,55.0,296.034485,-14.951339,17.57,16.71,16.39,C   ,Sibbons,
155,56.0,296.345795,-14.960103,16.91,16.07,15.72,C:  ,Sibbons,
156,57.0,296.33786,-14.988564,16.73,15.73,15.19,C:  ,Sibbons,
157,58.0,296.281311,-14.988667,17.16,16.35,16.07,C   ,Sibbons,
158,59.0,296.204498,-14.674287,18.32,17.55,17.28,C   ,Sibbons,
159,60.0,296.247101,-14.722958,18.13,17.27,17.03,C   ,Sibbons,
160,61.0,296.244446,-14.75467,17.25,16.49,16.22,C:  ,Sibbons,
161,62.0,296.350891,-14.757086,16.98,16.22,15.85,C:  ,Sibbons,
162,63.0,296.234558,-14.767653,16.96,16.04,15.62,C   ,Sibbons,
163,64.0,296.290405,-14.774523,17.63,16.84,16.69,Ce: ,Sibbons,
164,65.0,296.278412,-14.780069,17.65,16.54,15.76,Ce: ,Sibbons,
165,66.0,296.352264,-14.780713,17.09,16.3,15.76,C:  ,Sibbons,
166,67.0,296.229034,-14.781347,17.61,16.51,15.94,Ce: ,Sibbons,
167,68.0,296.213776,-14.783867,17.89,17.08,16.72,C   ,Sibbons,
168,69.0,296.257843,-14.793209,17.91,17.14,16.88,Ce: ,Sibbons,
169,70.0,296.208191,-14.797331,17.67,16.91,16.45,Ce  ,Sibbons,
170,71.0,296.184326,-14.799191,17.83,17.03,16.78,Ce: ,Sibbons,
171,72.0,296.274109,-14.800164,17.57,16.75,16.4,Ce  ,Sibbons,
172,73.0,296.251343,-14.803117,17.41,16.5,16.15,Ce: ,Sibbons,
173,74.0,296.404907,-14.812469,     ,16.54,16.16,C   ,Sibbons,
174,75.0,296.191315,-14.818703,16.95,16.05,15.64,Ce  ,Sibbons,
175,76.0,296.212616,-14.82485,17.39,16.56,16.25,C   ,Sibbons,
176,77.0,296.182983,-14.828946,17.6,16.81,16.58,Ce  ,Sibbons,
177,78.0,296.233093,-14.830748,17.39,16.6,16.31,Ce  ,Sibbons,
178,79.0,296.241516,-14.846167,18.41,17.3,16.36,Ce: ,Sibbons,
179,80.0,296.234772,-14.862573,17.71,16.99,16.68,Ce: ,Sibbons,
180,81.0,296.153625,-14.886689,18,17.21,16.92,C   ,Sibbons,
181,82.0,296.183685,-14.962144,18.24,17.33,16.82,C   ,Sibbons,
182,83.0,296.190338,-14.641755,17.59,16.78,16.4,C   ,Sibbons,
183,84.0,296.32608,-14.666169,17.58,16.8,16.51,C   ,Sibbons,
184,85.0,296.335388,-14.681108,18.39,17.51,17.1,C   ,Sibbons,
185,86.0,296.110596,-14.693192,     ,16.87,     ,C   ,Sibbons,
186,87.0,296.196411,-14.702325,17.75,16.37,15.1,dK  ,Sibbons,
187,88.0,296.099152,-14.708244,17.48,16.63,16.27,C   ,Sibbons,
188,89.0,296.374054,-14.711063,17.55,16.85,16.52,C   ,Sibbons,
189,90.0,296.075775,-14.711885,18.14,17.39,17.1,C   ,Sibbons,
190,91.0,296.341431,-14.712852,17.32,16.39,15.85,C   ,Sibbons,
191,92.0,296.110779,-14.725801,17.15,16.18,15.45,C   ,Sibbons,
192,93.0,296.08786,-14.740214,17.23,18.14,15.9,C   ,Sibbons,
193,94.0,296.171387,-14.745203,18.02,17.23,16.97,C   ,Sibbons,
194,95.0,296.469086,-14.752255,     ,17.74,16.28,dK  ,Sibbons,
195,96.0,296.342804,-14.764064,18.2,17.41,17.02,C   ,Sibbons,
196,97.0,296.106384,-14.767224,17.62,16.8,16.58,C   ,Sibbons,
197,98.0,296.304626,-14.767883,17.76,17.03,16.59,C   ,Sibbons,
198,99.0,296.333038,-14.770712,18.24,17.51,17.25,C   ,Sibbons,
199,100.0,296.162018,-14.82305,17.45,16.64,16.28,C   ,Sibbons,
200,101.0,296.167816,-14.842195,17.72,16.99,16.6,C   ,Sibbons,
201,102.0,296.066071,-14.844581,17.44,16.78,16.3,C   ,Sibbons,
202,103.0,296.364624,-14.865284,17.45,16.57,16.19,C   ,Sibbons,
203,104.0,296.297241,-14.869897,17.49,16.7,16.21,C   ,Sibbons,
204,105.0,296.207458,-14.896397,17.39,16.58,16.2,C   ,Sibbons,
205,106.0,296.368011,-14.913227,16.96,15.87,15.15,C   ,Sibbons,
206,107.0,296.070709,-14.94352,     ,18.45,     ,C   ,Sibbons,
207,108.0,296.08905,-14.945495,18.64,     ,15.9,C   ,Sibbons,
208,109.0,296.06134,-14.955141,18.23,17.2,17.1,C   ,Sibbons,
209,110.0,296.215485,-14.99597,     ,18.06,16.76,C   ,Sibbons,
210,,296.349976,-14.828187,17.877,17.045,16.898,M1III   ,Kacharov,19.772
211,,296.357117,-14.834526,17.528,16.72,16.515,M1III   ,Kacharov,19.509
212,,296.337067,-14.850516,16.924,16.08,15.693,C5.5    ,Kacharov,18.978
213,,296.354126,-14.855531,17.334,16.521,16.218,C5.5    ,Kacharov,19.406
214,,296.306183,-14.863027,17.451,16.284,15.489,--      ,Kacharov,23.062
215,,296.369537,-14.872893,17.025,15.971,15.317,C6.5    ,Kacharov,20.196
216,,296.289734,-14.876258,17.404,16.537,15.991,--      ,Kacharov,17.078
217,,296.260742,-14.892557,17.952,17.153,16.985,M       ,Kacharov,20.645
218,,296.316101,-14.679276,17.443,16.601,16.179,C6.5    ,Kacharov,19.438
219,,296.371155,-14.703938,18.079,17.198,16.991,M1III   ,Kacharov,20.219
220,,296.343781,-14.74656,17.437,16.532,16.128,C5.5    ,Kacharov,21.667
221,,296.363739,-14.759742,16.528,15.565,14.986,C5.5    ,Kacharov,23.344
222,,296.374664,-14.762603,17.504,16.586,16.355,M4III   ,Kacharov,22.981
223,,296.313934,-14.783896,17.388,16.359,15.668,C5.5    ,Kacharov,22.971
224,,296.193542,-14.678253,17.488,16.498,16.071,C5.5    ,Kacharov,20.206
225,,296.210236,-14.696464,16.949,16.337,15.919,dM5 e   ,Kacharov,21.556
226,,296.187653,-14.700607,17.792,17.073,16.777,M6.5III ,Kacharov,21.826
227,,296.166718,-14.703956,17.724,16.89,16.697,M1III   ,Kacharov,20.233
228,,296.184784,-14.717754,17.435,16.459,16.039,C5.5    ,Kacharov,20.28
229,,296.148743,-14.720551,18.06,17.254,17.066,M1III   ,Kacharov,20.331
230,,296.138214,-14.72313,17.227,16.188,15.542,C6.5    ,Kacharov,20.327
231,,296.173828,-14.731837,17.335,16.543,16.299,M4III   ,Kacharov,20.061
232,,296.185242,-14.747572,17.622,16.799,16.588,dM      ,Kacharov,23.015
233,,296.197662,-14.763362,17.175,16.255,15.536,C5.5    ,Kacharov,20.414
234,,296.208893,-14.769947,17.025,16.201,15.758,C6.5    ,Kacharov,24.466
235,,296.199615,-14.7809,18.414,17.421,17.201,M2III   ,Kacharov,20.389
236,,296.206879,-14.785284,18.082,17.209,17.074,C5.5    ,Kacharov,19.733
237,,296.180084,-14.825297,17.231,16.366,15.897,C5.5    ,Kacharov,19.755
238,,296.212219,-14.830112,17.27,16.343,16.036,C8.2    ,Kacharov,20.872
239,,296.173828,-14.834276,18.015,17.151,16.987,M1III   ,Kacharov,20.655
240,,296.160797,-14.836968,18.027,17.37,17.092,dM3     ,Kacharov,20.626
241,,296.212219,-14.840272,17.982,17.22,16.969,M1III   ,Kacharov,20.195
242,,296.194489,-14.842676,17.014,16.111,15.568,C5.5    ,Kacharov,20.11
243,,296.202057,-14.847754,17.178,16.174,15.577,C5.5    ,Kacharov,20.336
244,,296.164886,-14.853178,17.217,16.028,15.151,C5.5 e  ,Kacharov,20.933
245,,296.179565,-14.858191,17.341,16.375,15.818,C5.5    ,Kacharov,20.623
246,,296.188385,-14.861088,17.551,16.547,16.182,C5.5    ,Kacharov,20.347
247,,296.157288,-14.863935,17.318,16.473,16.265,S4III   ,Kacharov,20.61
248,,296.178772,-14.868636,17.478,16.402,15.788,C5.5    ,Kacharov,20.434
249,,296.204865,-14.8711,16.935,16.102,15.807,C3.2    ,Kacharov,19.485
250,,296.206085,-14.874577,18.145,17.337,17.039,M1III   ,Kacharov,20.5
251,,296.168549,-14.87782,17.222,16.157,15.564,C5.5    ,Kacharov,20.499
252,,296.116089,-14.881053,17.31,16.25,15.45,C5.5    ,Kacharov,20.608
253,,296.169189,-14.884176,15.852,15.016,14.782,M3III   ,Kacharov,18.537
254,,296.193604,-14.8867,18.299,17.373,17.215,M1III   ,Kacharov,20.821
255,,296.092773,-14.892178,17.214,16.157,15.608,C6.5    ,Kacharov,20.724
256,,296.192444,-14.901339,17.672,16.756,16.644,M1III   ,Kacharov,19.995
257,,296.114899,-14.903462,18.059,17.332,17.124,dM      ,Kacharov,21.228
258,,296.186646,-14.908154,17.764,16.87,16.708,M2III   ,Kacharov,20.29
259,,296.206696,-14.92662,16.997,15.861,15.147,C6.5 e  ,Kacharov,20.623
260,,296.144318,-14.931097,17.52,16.613,16.411,S4III   ,Kacharov,20.29
261,,296.342345,-14.822172,17.481,16.581,16.401,M3III   ,Kacharov,19.982
262,,296.331849,-14.824688,18.029,17.03,16.852,M1III   ,Kacharov,19.914
263,,296.331716,-14.826927,17.657,16.8,16.693,M0III   ,Kacharov,19.681
264,,296.351776,-14.830035,17.677,16.931,16.712,C8.2    ,Kacharov,19.629
265,,296.345673,-14.834577,17.219,16.341,15.898,C5.5    ,Kacharov,19.646
266,,296.262573,-14.837487,17.44,16.619,16.297,--      ,Kacharov,21.772
267,,296.343445,-14.847301,17.905,17.047,16.885,M0III   ,Kacharov,19.728
268,,296.365814,-14.852487,17.293,16.259,15.57,C5.5    ,Kacharov,19.955
269,,296.346741,-14.855356,17.32,16.481,16.022,C5.5    ,Kacharov,19.721
270,,296.375763,-14.876107,17.948,17.028,16.819,M4III   ,Kacharov,20.461
271,,296.363129,-14.880856,17.439,16.595,16.435,M       ,Kacharov,20.763
272,,296.365631,-14.891643,15.562,14.712,14.318,M5III   ,Kacharov,17.818
273,,296.261505,-14.894732,17.792,16.833,16.802,M       ,Kacharov,19.226
274,,296.335785,-14.902986,17.233,16.411,16.022,M       ,Kacharov,22.048
275,,296.286987,-14.920337,16.908,16.087,15.896,M4III   ,Kacharov,20.379
276,,296.275116,-14.926181,18.321,17.4,17.123,M       ,Kacharov,17.681
277,,296.380829,-14.883905,17.628,16.763,16.596,M2III   ,Kacharov,19.816
278,,296.320587,-14.693704,18.135,17.227,17.169,M4III   ,Kacharov,20.496
279,,296.293854,-14.708783,17.537,16.573,16.344,C8.2    ,Kacharov,19.802
280,,296.367828,-14.712914,17.585,16.765,16.497,M1III   ,Kacharov,19.776
281,,296.381348,-14.727878,17.516,16.627,16.418,M4III   ,Kacharov,19.818
282,,296.355621,-14.731111,18.112,17.429,17.172,dM      ,Kacharov,20.88
283,,296.285706,-14.743645,17.682,16.861,16.682,M2III   ,Kacharov,19.592
284,,296.262848,-14.76875,17.647,16.796,16.637,C6.5    ,Kacharov,20.685
285,,296.299103,-14.783449,17.48,16.529,15.729,C       ,Kacharov,21.817
286,,296.134644,-14.67692,17.35,16.321,15.771,C5.5    ,Kacharov,20.201
287,,296.121368,-14.679315,17.359,16.399,16.029,C5.5    ,Kacharov,19.923
288,,296.178497,-14.684889,18.044,17.083,16.866,M       ,Kacharov,20.476
289,,296.169312,-14.687134,17.699,17.031,16.75,dM      ,Kacharov,20.83
290,,296.154877,-14.691996,17.839,17.265,16.853,dM6     ,Kacharov,21.633
291,,296.170105,-14.696488,17.366,16.439,16.089,C5.5    ,Kacharov,20.142
292,,296.20285,-14.700215,17.115,15.986,15.382,C6.5    ,Kacharov,20.626
293,,296.155792,-14.702925,17.811,17.114,16.901,dM3.5   ,Kacharov,20.337
294,,296.134155,-14.70893,17.268,16.427,16.191,M       ,Kacharov,20.065
295,,296.179932,-14.711598,18.122,17.281,17.03,M       ,Kacharov,20.488
296,,296.112671,-14.714574,16.424,15.517,15.338,M0III   ,Kacharov,18.86
297,,296.187347,-14.717557,17.671,16.723,16.491,--      ,Kacharov,20.633
298,,296.198029,-14.719869,17.606,16.479,15.802,C6.5    ,Kacharov,20.698
299,,296.103516,-14.723016,17.447,16.545,16.07,--      ,Kacharov,21.351
300,,296.151001,-14.726998,16.872,16.0,15.486,C5.5    ,Kacharov,19.754
301,,296.127747,-14.729833,17.725,16.917,16.64,M0III   ,Kacharov,20.382
302,,296.159454,-14.733295,17.518,16.572,15.92,C6.5    ,Kacharov,21.045
303,,296.179535,-14.737016,17.065,16.054,15.353,--      ,Kacharov,20.854
304,,296.179321,-14.742605,17.415,16.49,15.87,C6.5    ,Kacharov,19.952
305,,296.207184,-14.745038,17.006,15.993,15.379,C5.5    ,Kacharov,20.06
306,,296.179443,-14.752915,16.663,15.734,15.234,C5.5    ,Kacharov,19.452
307,,296.181671,-14.7577,17.175,16.282,15.944,C6.5    ,Kacharov,19.873
308,,296.202637,-14.773767,17.296,16.414,15.714,C       ,Kacharov,20.774
309,,296.193481,-14.781586,17.935,17.162,16.883,M0III   ,Kacharov,20.129
310,,296.194275,-14.821965,17.296,16.408,15.902,C5.5    ,Kacharov,19.925
311,,296.183502,-14.824387,17.58,16.757,16.576,M0III   ,Kacharov,20.045
312,,296.163879,-14.827393,17.105,15.991,15.211,--      ,Kacharov,21.628
313,,296.182404,-14.829756,17.808,16.983,16.854,M0III   ,Kacharov,19.725
314,,296.165405,-14.833178,17.271,16.448,16.238,S       ,Kacharov,20.082
315,,296.145233,-14.835481,18.002,17.182,17.032,M       ,Kacharov,19.797
316,,296.135132,-14.838089,17.57,16.677,16.486,M2III   ,Kacharov,19.925
317,,296.192749,-14.841306,18.047,17.3,17.066,M0III   ,Kacharov,20.344
318,,296.170105,-14.844587,17.354,16.234,15.509,C6.5    ,Kacharov,21.037
319,,296.187469,-14.853082,18.169,17.289,17.198,M0III   ,Kacharov,20.402
320,,296.191681,-14.857764,17.902,16.956,16.761,M0III   ,Kacharov,20.214
321,,296.156158,-14.860965,17.108,16.214,15.634,C6.5    ,Kacharov,20.326
322,,296.187439,-14.863374,18.029,17.031,16.932,M0III   ,Kacharov,20.74
323,,296.171783,-14.865685,17.105,16.145,15.625,C6.5    ,Kacharov,19.938
324,,296.112885,-14.868258,17.17,16.196,15.588,C6.5    ,Kacharov,20.504
325,,296.171753,-14.870989,18.017,17.269,17.046,M0III   ,Kacharov,20.524
326,,296.18869,-14.873989,17.872,16.983,16.879,M2III   ,Kacharov,20.788
327,,296.178711,-14.876316,18.07,17.083,16.72,C5.5    ,Kacharov,20.439
328,,296.155457,-14.878673,17.625,16.429,15.762,C6.5    ,Kacharov,20.832
329,,296.19754,-14.883656,17.866,16.778,16.2,C6.5    ,Kacharov,20.752
330,,296.201691,-14.886331,16.685,15.619,15.007,C6.5    ,Kacharov,19.856
331,,296.117828,-14.896477,17.798,16.968,16.867,M2III   ,Kacharov,20.419
332,,296.19754,-14.899305,17.107,16.295,16.098,M1III   ,Kacharov,19.457
333,,296.115417,-14.901344,17.706,16.95,16.771,M0III   ,Kacharov,20.026
334,,296.089813,-14.905375,17.896,16.855,16.316,C6.5    ,Kacharov,20.747
335,,296.17276,-14.922873,16.532,15.67,15.261,C5.5    ,Kacharov,19.289
336,,296.176575,-14.926566,18.216,17.415,17.113,M0III   ,Kacharov,20.516
337,,296.173828,-14.929623,17.362,16.486,16.301,M       ,Kacharov,20.596
338,,296.233276,-14.808039,17.538,16.688,16.465,C       ,Kacharov,19.292
339,,296.209412,-14.569217,17.453,16.39,15.66,C       ,Kacharov,21.103
340,,296.232605,-14.590483,17.931,17.352,17.046,dM2     ,Kacharov,20.271
341,,296.210419,-14.592963,17.963,17.348,17.033,dM6 e   ,Kacharov,22.248
342,,296.205383,-14.599363,17.083,16.511,16.279,dM3     ,Kacharov,19.85
343,,296.20874,-14.604931,18.102,17.385,17.319,dM1.5   ,Kacharov,19.974
344,,296.190643,-14.608078,17.586,16.732,16.563,M1III   ,Kacharov,19.7
345,,296.216583,-14.615705,17.813,17.201,16.998,dM1.5   ,Kacharov,19.679
346,,296.21402,-14.621172,17.39,16.763,16.607,dM1.5   ,Kacharov,19.406
347,,296.189636,-14.643152,17.088,16.481,16.215,dM3     ,Kacharov,20.018
348,,296.233551,-14.64607,17.741,17.057,16.927,dM3     ,Kacharov,20.175
349,,296.193878,-14.664783,18.34,17.605,17.257,C8.2 e  ,Kacharov,20.917
350,,296.020721,-14.549389,18.37,17.61,17.368,M4III   ,Kacharov,21.499
351,,295.978973,-14.551923,17.75,16.983,16.768,M1III   ,Kacharov,19.744
352,,296.059235,-14.56733,17.994,17.26,17.157,dM1     ,Kacharov,20.174
353,,295.996796,-14.573745,18.158,17.349,17.201,M1III   ,Kacharov,19.985
354,,295.981812,-14.576805,17.368,16.79,16.532,--      ,Kacharov,20.922
355,,295.981445,-14.582492,18.026,17.339,17.126,dM0     ,Kacharov,19.965
356,,295.946991,-14.590075,18.303,17.808,17.445,dM4.5   ,Kacharov,21.382
357,,295.982422,-14.601364,17.967,17.211,16.981,dM      ,Kacharov,20.898
358,,296.040436,-14.607334,18.163,17.085,16.646,C5.5    ,Kacharov,20.792
359,,296.046143,-14.610744,17.597,16.944,16.602,dM      ,Kacharov,20.522
360,,296.053589,-14.615259,17.901,17.144,16.86,dM      ,Kacharov,20.918
361,,296.047607,-14.618206,18.222,17.573,17.431,dM0     ,Kacharov,20.069
362,,296.049713,-14.623334,17.918,17.231,17.082,dM0     ,Kacharov,19.518
363,,296.02417,-14.632055,17.776,17.148,16.904,dM0     ,Kacharov,19.379
364,,295.99939,-14.635953,17.817,16.896,16.458,C5.5    ,Kacharov,20.416
365,,295.986328,-14.643986,17.983,17.224,16.969,dM3     ,Kacharov,20.589
366,,296.018707,-14.649366,17.628,16.933,16.816,dM0     ,Kacharov,19.133
367,,296.057068,-14.654613,17.773,16.926,16.688,M5III   ,Kacharov,20.143
368,,296.018372,-14.657308,17.694,17.056,16.876,dM3.5   ,Kacharov,20.211
369,,296.027252,-14.659583,17.632,17.085,16.74,dM3.5   ,Kacharov,20.072
370,,296.001099,-14.663127,17.754,17.079,16.836,dM1.5   ,Kacharov,19.762
371,,296.051239,-14.72685,17.414,16.397,15.734,C6.5    ,Kacharov,20.36
372,,296.03833,-14.742747,17.513,17.026,16.573,dM4     ,Kacharov,20.77
373,,296.017212,-14.754925,17.626,17.119,16.727,dM0     ,Kacharov,19.124
374,,296.057068,-14.759219,17.951,17.343,16.984,dM      ,Kacharov,21.963
375,,296.057373,-14.764623,18.174,17.466,17.283,--      ,Kacharov,19.872
376,,296.014832,-14.769041,17.05,15.886,15.051,C8.2    ,Kacharov,20.342
377,,295.954315,-14.777233,18.212,17.583,17.391,M       ,Kacharov,23.446
378,,296.042908,-14.782191,16.913,15.97,15.401,C5.5    ,Kacharov,19.58
379,,296.025879,-14.790672,17.776,16.947,16.628,M3III   ,Kacharov,19.888
380,,296.021149,-14.796692,17.356,16.289,15.713,C5.5    ,Kacharov,20.412
381,,296.043915,-14.799509,17.434,16.746,16.545,dM3.5   ,Kacharov,20.082
382,,296.021088,-14.803503,17.093,16.428,16.264,dM1.5   ,Kacharov,18.917
383,,296.017029,-14.806444,17.862,17.239,17.061,dM3     ,Kacharov,20.304
384,,296.43103,-14.711975,17.788,17.089,16.928,dM      ,Kacharov,19.278
385,,296.419373,-14.720345,17.697,17.084,16.839,--      ,Kacharov,20.442
386,,296.486694,-14.722583,17.48,16.85,16.665,--      ,Kacharov,19.929
387,,296.44931,-14.725839,17.417,16.477,16.316,M       ,Kacharov,19.853
388,,296.419983,-14.731664,17.538,16.69,16.5,M0III   ,Kacharov,23.406
389,,296.276184,-14.73748,17.378,17.327,16.362,--      ,Kacharov,21.001
390,,296.484985,-14.741018,17.769,17.215,16.86,--      ,Kacharov,20.868
391,,296.412872,-14.74398,18.142,17.528,17.187,--      ,Kacharov,21.161
392,,296.522186,-14.751385,16.181,15.583,15.298,dM4     ,Kacharov,19.041
393,,296.426727,-14.754023,17.422,16.423,15.825,C6.5    ,Kacharov,19.853
394,,296.442505,-14.762609,17.138,15.998,15.096,C6.5    ,Kacharov,20.355
395,,296.499451,-14.765201,18.201,17.579,17.225,#NAME?,Kacharov,23.605
396,,296.433807,-14.769137,17.658,17.03,16.882,dM3     ,Kacharov,23.668
397,,296.408356,-14.774137,18.124,17.407,17.179,M       ,Kacharov,19.583
398,,296.509125,-14.792881,16.943,16.331,16.043,dM      ,Kacharov,20.16
399,,296.442902,-14.796197,17.512,16.647,16.456,M2III   ,Kacharov,23.183
400,,296.480835,-14.801933,17.491,16.674,16.423,C6.5    ,Kacharov,19.534
401,,296.4646,-14.807542,17.144,16.231,15.567,--      ,Kacharov,20.002
402,,296.475342,-14.558714,17.332,16.723,16.514,dM3     ,Kacharov,20.101
403,,296.514954,-14.573689,17.496,16.927,16.638,dM3.5   ,Kacharov,20.874
404,,296.51413,-14.578083,18.111,17.501,17.224,dM1.5   ,Kacharov,20.025
405,,296.51123,-14.584842,17.755,16.79,16.308,C6.5    ,Kacharov,20.77
406,,296.440369,-14.591502,16.866,16.316,16.045,dM3     ,Kacharov,19.693
407,,296.433899,-14.598368,17.976,17.227,17.13,dM0     ,Kacharov,19.476
408,,296.482483,-14.600801,17.206,16.54,16.322,dM3     ,Kacharov,19.328
409,,296.48764,-14.603875,17.107,16.496,16.297,dM0     ,Kacharov,18.773
410,,296.507385,-14.608586,17.734,17.081,16.813,dM      ,Kacharov,21.68
411,,296.422607,-14.611832,17.413,16.802,16.563,dM3.5   ,Kacharov,20.152
412,,296.521149,-14.614511,18.27,17.226,16.797,C6.5    ,Kacharov,20.662
413,,296.427124,-14.618094,17.826,17.294,17.072,dM4.5   ,Kacharov,20.598
414,,296.520874,-14.621428,17.435,16.79,16.587,dM      ,Kacharov,21.007
415,,296.505188,-14.626554,17.942,17.354,17.14,dM0     ,Kacharov,19.421
416,,296.508667,-14.629275,17.35,16.762,16.565,dM0     ,Kacharov,19.134
417,,296.438385,-14.631576,17.726,17.112,16.907,dM1.5   ,Kacharov,19.561
418,,296.48996,-14.63443,18.087,17.367,17.147,M0.5III ,Kacharov,20.002
419,,296.488861,-14.638191,17.496,16.557,15.974,C6.5 v  ,Kacharov,20.405
420,,296.498657,-14.642962,17.604,16.987,16.826,dM0     ,Kacharov,18.995
421,,296.488434,-14.654464,18.159,17.49,17.16,M0.5III ,Kacharov,22.259
422,,296.311554,-14.551598,17.914,17.356,16.982,dM      ,Kacharov,20.918
423,,296.326904,-14.554912,17.65,17.064,16.825,dM 1.5  ,Kacharov,19.651
424,,296.268188,-14.559031,18.014,17.403,17.212,dM      ,Kacharov,20.383
425,,296.350433,-14.561425,16.954,16.372,16.114,dM3.5   ,Kacharov,19.76
426,,296.299713,-14.563828,18.07,17.517,17.256,dM      ,Kacharov,21.034
427,,296.294617,-14.567719,18.624,17.757,17.118,--      ,Kacharov,21.074
428,,296.281769,-14.571457,17.124,16.523,16.283,dM3     ,Kacharov,19.706
429,,296.269318,-14.574274,18.24,17.591,17.344,dM      ,Kacharov,21.22
430,,296.249817,-14.577723,17.969,17.339,17.188,dM3.5   ,Kacharov,20.474
431,,296.250244,-14.58028,18.098,17.509,17.201,dM      ,Kacharov,20.659
432,,296.329102,-14.584,17.611,16.957,16.665,MIII e v,Kacharov,19.231
433,,296.265533,-14.59479,17.966,17.111,16.84,M0III   ,Kacharov,20.017
434,,296.300781,-14.597308,17.733,17.042,16.821,dM3     ,Kacharov,19.963
435,,296.285156,-14.601586,16.715,16.035,15.832,dM3     ,Kacharov,18.981
436,,296.321686,-14.604838,16.639,15.948,15.801,dM1.5   ,Kacharov,18.477
437,,296.313812,-14.613031,17.51,16.655,16.449,M1III   ,Kacharov,19.722
438,,296.301788,-14.617753,17.604,17.005,16.654,dM      ,Kacharov,21.206
439,,296.275482,-14.621393,17.978,17.284,17.082,dM      ,Kacharov,20.537
440,,296.263794,-14.627904,17.956,17.317,17.003,dM      ,Kacharov,21.046
441,,296.250305,-14.631506,17.544,16.861,16.712,dM0     ,Kacharov,19.227
442,,296.266541,-14.637911,17.655,17.002,16.85,dM0     ,Kacharov,19.64
443,,296.326508,-14.641376,16.649,15.697,15.114,C5.5    ,Kacharov,19.64
444,,296.279144,-14.647496,17.865,16.998,16.804,M0III   ,Kacharov,20.201
445,,296.31723,-14.650301,17.816,17.241,17.037,dM1.5III,Kacharov,19.966
446,,296.275116,-14.653234,17.484,16.612,16.452,M0III   ,Kacharov,19.697
447,,296.334686,-14.656092,17.954,17.353,17.134,dM1.5   ,Kacharov,20.152
448,,296.300446,-14.658543,17.553,16.881,16.693,dM2     ,Kacharov,19.852
449,,296.31543,-14.663013,17.486,16.845,16.571,M4III   ,Kacharov,21.691
450,,296.263336,-14.708953,17.071,16.053,15.567,C       ,Kacharov,20.958
451,,296.264954,-14.715384,17.411,16.435,16.041,C6.5    ,Kacharov,20.125
452,,296.237854,-14.718291,17.509,16.693,16.529,M0III   ,Kacharov,18.971
453,,296.330536,-14.721181,17.693,16.83,16.557,M4III   ,Kacharov,20.879
454,,296.280762,-14.726241,18.015,17.146,17.061,C6.5    ,Kacharov,19.971
455,,296.31192,-14.728691,17.538,16.72,15.967,C6.5    ,Kacharov,20.084
456,,296.318024,-14.739033,17.173,16.378,15.97,C5.5    ,Kacharov,19.599
457,,296.283783,-14.741738,18.103,17.246,16.869,C5.5    ,Kacharov,20.344
458,,296.339813,-14.745103,18.044,16.882,16.328,C6.5    ,Kacharov,19.951
459,,296.276062,-14.751641,17.531,16.642,16.026,C6.5    ,Kacharov,20.366
460,,296.252136,-14.757003,17.914,16.978,16.427,C5.5    ,Kacharov,19.901
461,,296.284271,-14.759642,17.737,16.992,16.736,M0III   ,Kacharov,19.962
462,,296.255432,-14.761878,17.528,16.665,16.46,M1III   ,Kacharov,20.016
463,,296.248871,-14.764977,17.11,15.994,15.228,C8.2    ,Kacharov,21.013
464,,296.330048,-14.767764,17.105,16.08,15.383,C6.5    ,Kacharov,20.116
465,,296.261536,-14.769683,17.345,16.483,16.072,C5.5    ,Kacharov,19.877
466,,296.270599,-14.776425,18.035,17.178,17.109,M0III   ,Kacharov,19.601
467,,296.301117,-14.779015,17.097,16.157,15.672,C6.5    ,Kacharov,19.885
468,,296.348297,-14.781917,17.876,16.914,16.802,M2III   ,Kacharov,20.509
469,,296.307007,-14.784284,16.947,16.062,15.609,C5.5    ,Kacharov,19.709
470,,296.255737,-14.786252,18.197,17.29,17.169,M       ,Kacharov,20.022
471,,296.297485,-14.789169,17.918,17.092,16.867,M2III   ,Kacharov,19.802
472,,296.261719,-14.800416,17.985,17.126,16.916,M5III   ,Kacharov,21.38
473,,296.242493,-14.803477,18.038,17.122,16.902,M2III   ,Kacharov,20.07
474,,296.238708,-14.806007,17.348,16.599,16.247,C6.5    ,Kacharov,19.831
475,,296.356781,-14.748176,17.254,16.329,15.885,--      ,Kacharov,19.65
476,,296.539215,-14.949409,18.03,17.429,17.225,dM3 e   ,Kacharov,20.557
477,,296.500092,-14.952188,17.307,16.716,16.356,dM4     ,Kacharov,20.466
478,,296.471954,-14.955172,17.722,17.068,16.933,dK7     ,Kacharov,18.844
479,,296.520447,-14.957832,17.232,16.706,16.401,dM3.5   ,Kacharov,20.108
480,,296.493561,-14.960535,17.634,17.023,16.841,dM1.5   ,Kacharov,19.605
481,,296.490021,-14.965914,17.821,17.012,16.765,M0III   ,Kacharov,19.616
482,,296.478027,-14.968984,17.479,16.903,16.598,dM4     ,Kacharov,20.613
483,,296.479218,-14.974156,16.882,15.943,15.387,C5.5    ,Kacharov,19.889
484,,296.533447,-14.976672,17.957,17.285,17.1,dM0     ,Kacharov,19.406
485,,296.485962,-14.979607,17.895,17.233,17.128,dM0     ,Kacharov,19.307
486,,296.46521,-14.983861,17.958,17.116,16.919,M0III   ,Kacharov,19.862
487,,296.492737,-14.987658,18.286,17.505,17.368,M0III   ,Kacharov,20.114
488,,296.516693,-14.989991,17.773,17.119,16.923,dM3.5   ,Kacharov,20.227
489,,296.539673,-14.994203,17.858,17.217,16.951,dM3.5   ,Kacharov,20.465
490,,296.444275,-14.998292,18.018,17.418,17.16,dM3.5   ,Kacharov,20.377
491,,296.526947,-15.000549,16.933,16.322,15.973,dM4.5   ,Kacharov,20.041
492,,296.511871,-15.003676,17.72,16.886,16.675,M1III   ,Kacharov,19.629
493,,296.526825,-15.005964,17.634,16.995,16.81,dM1.5   ,Kacharov,19.5
494,,296.435181,-15.009061,17.991,17.13,16.915,M0III   ,Kacharov,21.331
495,,296.446594,-15.011467,17.572,16.974,16.786,dM4.5   ,Kacharov,20.42
496,,296.520386,-15.015034,18.105,17.492,17.135,dM3.5   ,Kacharov,20.536
497,,296.532562,-15.01741,17.862,17.358,17.106,dM4.5   ,Kacharov,20.634
498,,296.515411,-15.025197,17.469,16.788,16.638,dM0     ,Kacharov,18.912
499,,296.481842,-15.03135,17.875,17.134,16.951,M0III   ,Kacharov,19.575
500,,296.452637,-15.034349,17.328,16.72,16.514,dM3     ,Kacharov,19.658
501,,296.497864,-15.041821,17.98,17.404,17.235,dM1.5   ,Kacharov,19.851
502,,296.528717,-15.04448,17.686,17.12,16.767,dM3     ,Kacharov,19.881
503,,296.495544,-15.047131,16.981,16.5,16.109,dM6 e   ,Kacharov,20.987
504,,296.4823,-15.051053,17.559,16.898,16.763,dM2     ,Kacharov,19.661
505,,296.496918,-15.053953,17.657,17.026,16.701,dM      ,Kacharov,20.434
506,,296.462097,-14.803963,17.895,17.068,16.914,M4III   ,Kacharov,20.333
507,,296.466187,-14.814114,18.116,17.566,17.281,dM0     ,Kacharov,19.842
508,,296.510345,-14.817943,18.051,17.438,17.145,dM3     ,Kacharov,20.554
509,,296.496643,-14.820441,17.409,16.751,16.619,dM0     ,Kacharov,19.105
510,,296.507416,-14.823716,18.123,17.457,17.226,dM3     ,Kacharov,20.611
511,,296.536194,-14.837629,17.766,17.043,16.905,dM1.5   ,Kacharov,19.641
512,,296.499664,-14.848536,17.987,17.502,17.164,dM4.5 e ,Kacharov,20.902
513,,296.462311,-14.852363,17.407,16.635,16.259,C5.5    ,Kacharov,19.562
514,,296.461395,-14.854693,17.256,16.208,15.532,C6.5    ,Kacharov,20.143
515,,296.455383,-14.861692,17.308,16.448,16.242,M2III   ,Kacharov,19.508
516,,296.528748,-14.866978,18.105,17.34,17.134,M1III   ,Kacharov,20.061
517,,296.486786,-14.874781,18.073,17.418,17.156,dM1.5   ,Kacharov,19.887
518,,296.479126,-14.883121,17.21,16.401,16.127,C5.5    ,Kacharov,19.599
519,,296.470612,-14.886045,17.665,16.743,16.467,M3III   ,Kacharov,20.072
520,,296.481201,-14.88875,16.817,16.3,15.97,dM4     ,Kacharov,23.437
521,,296.5336,-14.892983,17.884,17.038,16.83,M1III   ,Kacharov,20.14
522,,296.436218,-14.89513,17.176,16.212,15.618,--      ,Kacharov,20.776
523,,296.47525,-14.898197,17.13,16.153,15.481,C5.5    ,Kacharov,19.993
524,,296.510925,-14.901115,17.675,17.083,16.767,dM3.5   ,Kacharov,20.503
525,,296.52948,-14.912703,17.331,16.7,16.463,dM1.5   ,Kacharov,21.613
526,,296.251434,-14.798083,17.625,16.616,16.058,C5.5    ,Kacharov,20.545
527,,296.261719,-14.800416,17.985,17.126,16.916,M4III   ,Kacharov,21.369
528,,296.297028,-14.802626,16.821,15.758,14.954,C6.5    ,Kacharov,20.82
529,,296.256256,-14.807403,17.424,16.327,15.554,C6.5    ,Kacharov,20.364
530,,296.244385,-14.810474,16.872,15.96,15.476,C5.5    ,Kacharov,21.079
531,,296.244141,-14.813117,17.32,16.187,15.349,C8.2    ,Kacharov,20.921
532,,296.259552,-14.815343,17.428,16.335,15.717,C6.5    ,Kacharov,20.168
533,,296.268646,-14.819822,17.718,16.939,16.7,M2III   ,Kacharov,20.124
534,,296.259796,-14.82215,17.409,16.47,16.006,C5.5    ,Kacharov,19.839
535,,296.264984,-14.824442,18.374,17.308,17.061,M0III   ,Kacharov,20.889
536,,296.265381,-14.830131,17.761,17.026,16.76,M1III   ,Kacharov,20.106
537,,296.259155,-14.832942,17.482,16.728,16.51,C5.5    ,Kacharov,19.663
538,,296.257324,-14.837327,18.011,17.107,16.687,C5.5    ,Kacharov,20.378
539,,296.284698,-14.839629,17.812,16.939,16.84,M1III   ,Kacharov,20.585
540,,296.257874,-14.842669,17.395,16.265,15.595,C6.5    ,Kacharov,20.334
541,,296.244781,-14.845008,17.719,16.678,16.005,C5.5    ,Kacharov,20.156
542,,296.262543,-14.847853,17.049,16.052,15.442,C5.5    ,Kacharov,21.242
543,,296.337067,-14.850516,16.924,16.08,15.693,C5.5    ,Kacharov,19.09
544,,296.275482,-14.853798,17.352,16.271,15.605,C6.5    ,Kacharov,20.071
545,,296.25116,-14.856455,17.765,16.971,16.703,M       ,Kacharov,20.846
546,,296.278717,-14.858888,16.683,15.688,15.117,C5.5    ,Kacharov,19.844
547,,296.261169,-14.861171,18.091,17.198,16.647,C5.5    ,Kacharov,20.811
548,,296.281311,-14.863727,18.471,17.403,17.179,M0.5III ,Kacharov,20.309
549,,296.313477,-14.866092,18.075,17.598,17.16,--      ,Kacharov,20.018
550,,296.309265,-14.868592,17.326,16.568,16.129,C5.5    ,Kacharov,19.455
551,,296.332581,-14.873631,18.135,17.38,17.125,--      ,Kacharov,19.819
552,,296.289734,-14.876258,17.404,16.537,15.991,C5.5    ,Kacharov,20.12
553,,296.277252,-14.880092,17.638,16.734,16.552,M1III   ,Kacharov,19.755
554,,296.262299,-14.882443,16.354,15.396,14.905,C5.5    ,Kacharov,19.28
555,,296.294189,-14.884681,16.906,15.826,15.156,C6.5    ,Kacharov,20.325
556,,296.311371,-14.891082,18.094,17.327,17.085,--      ,Kacharov,20.479
557,,296.244232,-14.895714,17.515,16.678,16.557,--      ,Kacharov,19.118
558,,296.263153,-14.89839,18.173,17.307,17.075,C5.5    ,Kacharov,20.287
559,,296.328705,-14.9036,17.888,16.952,16.837,M2III   ,Kacharov,20.209
560,,296.266968,-14.910404,17.84,16.579,15.701,C8.2    ,Kacharov,21.533
561,,296.340912,-14.947414,17.775,16.908,16.764,M1III   ,Kacharov,19.853
562,,296.306091,-14.950318,17.745,16.944,16.937,M1III   ,Kacharov,19.69
563,,296.286987,-14.962574,17.446,16.297,15.629,C6.5    ,Kacharov,20.207
564,,296.289246,-14.965583,17.313,16.713,16.45,C       ,Kacharov,18.844
565,,296.309082,-14.969496,18.226,17.768,17.287,dM3.5   ,Kacharov,20.771
566,,296.311035,-14.973057,17.364,16.349,15.704,C6.5    ,Kacharov,20.228
567,,296.359039,-14.984733,17.425,16.754,16.575,dM1.5   ,Kacharov,19.334
568,,296.32428,-14.991217,18.02,17.453,17.201,dM3     ,Kacharov,20.466
569,,296.334747,-14.99367,17.319,16.239,15.529,C6.5    ,Kacharov,21.401
570,,296.325409,-14.997616,17.49,16.614,16.124,C5.5    ,Kacharov,19.962
571,,296.286377,-14.99973,17.827,17.274,17.038,dM0     ,Kacharov,19.476
572,,296.303833,-15.00228,17.512,16.745,16.488,M0III   ,Kacharov,19.381
573,,296.305145,-15.004685,18.013,17.666,17.264,dM1.5   ,Kacharov,20.028
574,,296.318451,-15.007016,18.252,17.611,17.427,M5III   ,Kacharov,21.764
575,,296.260254,-15.00941,17.864,17.292,17.027,dM3     ,Kacharov,20.194
576,,296.352936,-15.012109,18.009,17.535,17.204,dM3.5   ,Kacharov,20.737
577,,296.250244,-15.015092,18.436,17.14,15.842,C8.2    ,Kacharov,22.244
578,,296.329254,-15.018955,17.125,16.488,16.326,dM1.5   ,Kacharov,19.013
579,,296.335785,-15.026363,17.007,16.337,16.189,dM1.5   ,Kacharov,18.65
580,,296.281281,-15.032146,17.265,16.706,16.274,dM4.5   ,Kacharov,20.944
581,,296.276825,-15.037701,18.149,17.518,17.245,dM3     ,Kacharov,20.411
582,,296.297333,-15.04544,17.954,17.349,17.134,dM4     ,Kacharov,21.073
583,,296.25589,-15.049867,18.195,17.664,17.39,dK7     ,Kacharov,19.396
584,,296.259125,-15.054071,18.17,17.559,17.261,dM      ,Kacharov,21.035
585,,296.255951,-15.05637,17.074,16.496,16.19,dM4.5   ,Kacharov,20.322
586,,296.208069,-14.959845,18.136,17.238,17.009,M       ,Kacharov,20.334
587,,296.230438,-14.986133,18.298,17.577,17.414,M       ,Kacharov,20.142
588,,296.216919,-14.990644,17.631,16.691,16.218,C5.5    ,Kacharov,20.257
589,,296.194397,-14.995967,17.771,17.163,16.854,dM3     ,Kacharov,19.78
590,,296.217194,-15.001184,18.346,17.578,17.201,dM4.5   ,Kacharov,20.855
591,,296.196259,-15.009543,18.098,17.5,17.103,dM      ,Kacharov,21.177
592,,296.211914,-15.013387,16.706,16.173,15.871,dM3     ,Kacharov,18.965
593,,296.219086,-14.802538,17.309,16.477,15.994,C5.5    ,Kacharov,20.155
594,,296.224152,-14.812045,17.551,16.689,16.48,M4III   ,Kacharov,21.067
595,,296.16803,-14.836925,18.081,16.862,15.934,C6.5    ,Kacharov,21.08
596,,296.22171,-14.839417,17.929,17.0,16.501,C5.5    ,Kacharov,20.663
597,,296.204712,-14.849141,17.306,16.262,15.565,C6.5    ,Kacharov,20.326
598,,296.187256,-14.854028,18.166,17.224,16.937,C5.5    ,Kacharov,20.617
599,,296.205139,-14.856238,17.242,16.469,16.279,M0III   ,Kacharov,19.475
600,,296.185944,-14.858833,17.79,16.917,16.746,M2III   ,Kacharov,20.109
601,,296.223785,-14.869195,17.82,17.072,16.915,M0.5III ,Kacharov,19.977
602,,296.227081,-14.876891,17.543,16.457,15.858,C5.5    ,Kacharov,20.122
603,,296.226807,-14.881382,17.365,16.369,15.908,C       ,Kacharov,21.294
604,,295.976105,-14.796489,18.25,17.411,17.052,M1III   ,Kacharov,20.471
605,,296.043884,-14.799508,17.434,16.746,16.545,dM3.5   ,Kacharov,20.468
606,,295.962311,-14.802186,17.69,17.183,16.897,dM3.5   ,Kacharov,21.05
607,,295.960724,-14.806342,17.602,17.019,16.665,dM6 e   ,Kacharov,22.188
608,,296.035767,-14.815892,17.822,16.895,16.774,M1III   ,Kacharov,22.154
609,,295.963165,-14.819047,17.948,17.251,17.002,dM2     ,Kacharov,20.283
610,,295.977814,-14.826708,17.06,16.466,16.2,dM3     ,Kacharov,19.779
611,,296.026215,-14.832167,17.658,16.99,16.899,dM1.5   ,Kacharov,19.749
612,,296.029327,-14.837542,18.035,17.423,17.198,dM3.5   ,Kacharov,20.596
613,,295.994385,-14.840031,18.069,17.356,17.191,--      ,Kacharov,19.86
614,,295.974335,-14.842854,17.51,16.839,16.574,dM      ,Kacharov,22.364
615,,296.010468,-14.845939,18.142,17.684,17.415,dM      ,Kacharov,21.302
616,,295.98175,-14.853352,17.882,17.04,16.8,M0III   ,Kacharov,19.852
617,,296.020447,-14.855683,18.329,17.354,17.394,M0III   ,Kacharov,20.116
618,,296.024811,-14.858717,17.193,16.613,16.227,dM6 e   ,Kacharov,21.788
619,,296.051331,-14.866667,17.404,16.456,15.876,C5.5    ,Kacharov,20.285
620,,295.942688,-14.871535,17.194,16.398,16.158,M3III   ,Kacharov,22.236
621,,296.023621,-14.876556,17.214,16.658,16.33,dM2     ,Kacharov,19.508
622,,296.000641,-14.880625,17.727,17.24,16.872,dM3.5   ,Kacharov,20.357
623,,296.049103,-14.882938,18.103,17.283,17.111,M0III   ,Kacharov,20.125
624,,296.041718,-14.893066,17.482,16.884,16.529,dM4     ,Kacharov,21.246
625,,296.048126,-14.899792,17.296,16.481,15.876,C5.5    ,Kacharov,19.983
626,,296.028839,-14.902554,17.35,16.164,15.263,C8.2    ,Kacharov,22.678
627,,296.044067,-14.905341,18.504,17.75,17.381,C5.5    ,Kacharov,20.697
628,,296.027344,-14.949381,18.017,17.425,17.123,dM      ,Kacharov,21.766
629,,296.003693,-14.974893,18.392,17.56,17.21,C5.5    ,Kacharov,20.379
630,,296.050873,-14.979843,17.588,16.88,16.654,dM4.5   ,Kacharov,20.933
631,,296.02536,-14.984833,18.051,17.614,17.256,dM4.5   ,Kacharov,21.15
632,,295.993561,-14.990264,17.874,16.702,15.84,C6.5    ,Kacharov,19.735
633,,296.017761,-14.995077,17.849,17.05,16.936,M1III   ,Kacharov,19.866
634,,296.045563,-15.00578,17.29,16.687,16.406,dM3.5   ,Kacharov,19.959
635,,296.036987,-15.009061,17.369,16.648,16.493,dM3.5   ,Kacharov,20.085
636,,295.97934,-15.015457,17.607,16.872,16.668,dM0     ,Kacharov,19.019
637,,295.993744,-15.019435,17.743,17.091,16.938,dM3     ,Kacharov,19.883
638,,296.056305,-15.026172,17.87,17.15,17.096,dM2     ,Kacharov,20.169
639,,296.041931,-15.032643,17.826,17.19,16.948,dM4.5   ,Kacharov,20.7
640,,296.02005,-15.036669,17.751,17.008,16.689,C8.2    ,Kacharov,19.639
641,,295.994659,-15.038876,18.321,17.693,17.438,dM1.5   ,Kacharov,19.993
642,,296.021637,-15.045016,17.04,16.282,16.056,C5.5    ,Kacharov,19.021
643,,295.979401,-15.049569,17.948,17.226,17.089,dM4.5   ,Kacharov,20.682
644,,296.040497,-15.052125,17.159,16.498,16.321,dM3     ,Kacharov,19.601
645,,296.040161,-15.055114,18.43,17.362,17.348,M       ,Kacharov,20.201
646,,297.102814,-14.442153,18.075,17.512,17.107,--      ,Kacharov,25.65
647,,297.181274,-14.445981,18.53,18.264,17.292,--      ,Kacharov,19.449
648,,297.216156,-14.453639,17.765,17.021,16.866,dM1.5   ,Kacharov,19.871
649,,297.155334,-14.481108,18.038,17.259,17.179,--      ,Kacharov,18.856
650,,297.108337,-14.49365,18.191,17.383,16.661,--      ,Kacharov,17.725
651,,297.158966,-14.496314,17.297,16.756,16.449,dM3     ,Kacharov,20.093
652,,297.215637,-14.500302,18.073,17.588,17.286,dM4     ,Kacharov,21.48
653,,297.179169,-14.503994,17.677,16.981,16.811,dM1.5   ,Kacharov,19.245
654,,297.150513,-14.513336,17.78,17.283,16.918,dM6 e   ,Kacharov,21.495
655,,297.161224,-14.292459,17.802,17.075,17.045,dM1.5   ,Kacharov,19.643
656,,297.193909,-14.294868,17.032,16.465,16.212,dM3     ,Kacharov,19.562
657,,297.160309,-14.302498,18.161,17.466,17.205,dM0     ,Kacharov,19.652
658,,297.173523,-14.304831,17.817,17.33,17.05,dM2     ,Kacharov,20.25
659,,297.193878,-14.307225,17.774,17.121,16.909,dM1.5   ,Kacharov,19.726
660,,297.210724,-14.310122,17.649,17.018,16.718,dM3     ,Kacharov,20.046
661,,297.173767,-14.321322,18.275,17.793,17.289,dM5 e   ,Kacharov,21.117
662,,297.204651,-14.32515,17.781,17.125,17.029,dK7     ,Kacharov,18.761
663,,297.171265,-14.329375,17.739,17.068,16.905,dM4.5 e ,Kacharov,20.78
664,,297.149353,-14.33532,17.041,16.773,15.965,K       ,Kacharov,17.687
665,,297.211639,-14.338922,18.101,17.483,17.153,dM4.53  ,Kacharov,20.688
666,,297.161255,-14.3425,16.41,15.743,15.544,dM3     ,Kacharov,18.9
667,,297.206085,-14.347786,17.681,17.074,16.879,dM3     ,Kacharov,20.596
668,,297.139404,-14.352262,18.128,17.665,17.304,dM3     ,Kacharov,20.581
669,,297.153961,-14.360078,17.469,16.917,16.496,dM6 e   ,Kacharov,21.736
670,,297.211029,-14.376673,17.19,16.61,16.226,dM6 e   ,Kacharov,21.67
671,,297.202271,-14.3802,18.048,17.394,17.222,dM3     ,Kacharov,20.526
672,,296.948669,-14.282547,17.247,16.617,16.438,dM1.5   ,Kacharov,19.164
673,,296.952179,-14.285142,17.218,16.602,16.371,dM0     ,Kacharov,18.795
674,,296.991333,-14.290698,17.848,17.314,16.943,dM3.5   ,Kacharov,20.862
675,,297.019135,-14.296878,18.136,17.52,17.298,dM3.5   ,Kacharov,21.572
676,,296.964722,-14.299945,16.726,16.204,15.882,dM3     ,Kacharov,19.808
677,,296.923645,-14.303656,17.635,17.044,16.813,dM1.5   ,Kacharov,19.951
678,,296.936279,-14.305859,17.659,17.029,16.808,dM1.5   ,Kacharov,19.49
679,,296.930145,-14.308464,17.777,17.44,16.951,dM3     ,Kacharov,20.577
680,,297.024963,-14.310925,17.856,17.26,16.923,dM1.5   ,Kacharov,19.963
681,,296.970581,-14.314083,18.075,17.436,17.237,dM1.5   ,Kacharov,20.087
682,,296.938538,-14.317039,17.72,17.069,16.846,dM3.5   ,Kacharov,20.701
683,,297.027313,-14.32887,18.067,17.623,17.274,dM      ,Kacharov,21.988
684,,296.957794,-14.331817,17.547,17.1,16.708,dM3.5   ,Kacharov,20.741
685,,296.995422,-14.335114,17.862,17.323,17.01,dM3.5   ,Kacharov,20.621
686,,296.97406,-14.339691,18.259,17.784,17.415,dM      ,Kacharov,21.622
687,,297.011963,-14.3455,18.038,17.354,16.989,dM0     ,Kacharov,19.885
688,,297.013916,-14.348797,18.201,17.552,16.944,--      ,Kacharov,20.879
689,,296.996124,-14.351164,18.032,17.527,17.282,dM3     ,Kacharov,20.997
690,,296.95752,-14.363795,18.022,17.281,17.01,dM      ,Kacharov,22.152
691,,296.964783,-14.368781,17.611,17.0,16.747,dM1.5   ,Kacharov,19.889
692,,296.942719,-14.373831,17.839,17.114,16.891,dM4     ,Kacharov,21.102
693,,296.930756,-14.377884,17.241,16.724,16.363,dM4.5 e ,Kacharov,21.521
694,,296.938354,-14.381606,17.528,16.902,16.637,dM3     ,Kacharov,20.596
695,,296.981598,-14.386964,18.128,17.547,17.365,dM      ,Kacharov,21.985
696,,297.006256,-14.394895,18.126,17.297,17.202,dM3     ,Kacharov,20.348
697,,297.025116,-14.436872,17.775,17.192,16.831,dM3     ,Kacharov,20.694
698,,296.974823,-14.447328,17.896,17.283,17.053,dM      ,Kacharov,22.166
699,,297.028107,-14.45823,17.57,17.079,16.704,dM1.5   ,Kacharov,19.843
700,,296.975769,-14.466044,18.236,17.514,17.185,--      ,Kacharov,18.471
701,,297.018646,-14.468082,16.712,16.068,15.835,dM2     ,Kacharov,19.104
702,,296.954742,-14.47366,18.343,17.804,17.385,K       ,Kacharov,22.591
703,,297.014343,-14.477056,18.167,17.555,17.215,dM      ,Kacharov,21.46
704,,296.968933,-14.48323,17.727,17.076,16.816,dM      ,Kacharov,20.872
705,,297.023346,-14.493817,18.165,17.555,17.168,dM      ,Kacharov,21.156
706,,297.016083,-14.503956,18.178,17.632,17.433,dM      ,Kacharov,21.259
707,,297.018768,-14.510902,18.148,17.651,17.346,dM3     ,Kacharov,20.503
708,,296.937805,-14.516788,17.791,17.1,16.94,dM0     ,Kacharov,19.436
709,,297.006958,-14.520561,17.413,16.788,16.564,dM3     ,Kacharov,20.277
710,,297.020477,-14.523369,18.044,17.363,17.141,dM3     ,Kacharov,20.379
711,,296.953674,-14.526256,18.052,17.447,17.269,dM1.5   ,Kacharov,20.05
712,,296.932526,-14.52895,16.632,15.979,15.793,dM1.5   ,Kacharov,18.61
713,,297.018127,-14.533105,17.651,17.046,16.895,dK7     ,Kacharov,18.94
714,,296.975586,-14.536401,17.165,16.641,16.351,dM4.5   ,Kacharov,20.393
715,,296.964935,-14.538761,16.722,16.023,15.882,dM1.5   ,Kacharov,18.523
716,,295.645844,-15.270988,18.097,17.564,17.253,dM3.5   ,Kacharov,21.027
717,,295.638458,-15.305284,17.652,16.911,16.703,dK      ,Kacharov,18.308
718,,295.612732,-15.336275,17.83,17.128,16.957,dK      ,Kacharov,18.072
719,,295.644928,-15.342483,17.427,16.796,16.615,dK      ,Kacharov,17.846
720,,295.591583,-15.346883,16.991,16.276,15.991,dK      ,Kacharov,18.352
721,,295.618652,-15.359362,17.498,16.892,16.726,dK      ,Kacharov,21.326
722,,295.584229,-15.363297,17.197,16.553,16.344,dK      ,Kacharov,18.206
723,,295.622314,-15.17592,18.314,17.515,17.276,M       ,Kacharov,20.969
724,,295.683594,-15.186219,18.208,17.596,17.426,dM      ,Kacharov,21.99
725,,295.689667,-15.155052,17.736,16.787,16.428,--      ,Kacharov,24.553
726,,295.688568,-15.211617,17.775,17.153,16.833,dM0     ,Kacharov,20.194
727,,295.460785,-15.123086,18.389,17.712,17.401,dM      ,Kacharov,20.475
728,,295.456573,-15.136149,17.643,16.952,16.724,dM0     ,Kacharov,18.275
729,,295.464996,-15.146566,17.472,16.739,16.559,dM0     ,Kacharov,19.33
730,,295.434204,-15.201089,16.736,16.063,15.827,--      ,Kacharov,19.391
731,,295.503571,-15.209061,18.138,17.388,17.182,dM0     ,Kacharov,18.599
732,,295.485199,-15.273877,17.789,16.997,16.8,K7III   ,Kacharov,19.066
733,,295.416962,-15.29779,18.304,17.561,17.378,dM      ,Kacharov,21.676
