Sp,Seq,RAJ2000,DEJ2000,Dist,Rmag,Jmag,Hmag,Kmag,SpTph,SpType,q_SpType,Nsp,Simbad
 , ,deg,deg,deg,mag,mag,mag,mag, , , , ,
--,------,----------,----------,--------,------,------,------,------,---,--------,-,-,------
sp,94208,296.349976,-14.828187,0.112153,19.772,17.877,17.045,16.898,M  ,M1III   ,4,1,Simbad
sp,94979,296.357117,-14.834526,0.120605,19.509,17.528,16.72,16.515,Mca,M1III   ,4,1,Simbad
sp,96968,296.337067,-14.850516,0.107354,18.978,16.924,16.08,15.693,C  ,C5.5    ,5,2,Simbad
sp,97590,296.354126,-14.855531,0.12492,19.406,17.334,16.521,16.218,M  ,C5.5    ,5,1,Simbad
sp,98478,296.306183,-14.863027,0.088624,23.062,17.451,16.284,15.489,C  ,--      ,4,1,Simbad
sp,99641,296.369537,-14.872893,0.146467,20.196,17.025,15.971,15.317,C  ,C6.5    ,5,1,Simbad
sp,100035,296.289734,-14.876258,0.087858,17.078,17.404,16.537,15.991,C  ,--      ,4,2,Simbad
sp,101911,296.260742,-14.892557,0.091377,20.645,17.952,17.153,16.985,M  ,M       ,4,1,Simbad
sp,77311,296.316101,-14.679276,0.145314,19.438,17.443,16.601,16.179,C  ,C6.5    ,5,1,Simbad
sp,79509,296.371155,-14.703938,0.164152,20.219,18.079,17.198,16.991,M  ,M1III   ,5,1,Simbad
sp,83906,296.343781,-14.74656,0.117824,21.667,17.437,16.532,16.128,C  ,C5.5    ,5,1,Simbad
sp,85530,296.363739,-14.759742,0.130669,23.344,16.528,15.565,14.986,C  ,C5.5    ,5,1,Simbad
sp,85885,296.374664,-14.762603,0.140152,22.981,17.504,16.586,16.355,M  ,M4III   ,5,1,Simbad
sp,88539,296.313934,-14.783896,0.075901,22.971,17.388,16.359,15.668,C  ,C5.5    ,4,1,Simbad
sp,77230,296.193542,-14.678253,0.133726,20.206,17.488,16.498,16.071,C  ,C5.5    ,5,1,Simbad
sp,78095,296.179352,-14.688039,0.130633,19.813,17.241,16.35,16.076,M  ,C5.5    ,5,1,Simbad
sp,78871,296.210236,-14.696464,0.111189,21.556,16.949,16.337,15.919,M  ,dM5 e   ,5,1,Simbad
sp,79224,296.187653,-14.700607,0.11565,21.826,17.792,17.073,16.777,M  ,M6.5III ,5,1,Simbad
sp,79511,296.166718,-14.703956,0.123904,20.233,17.724,16.89,16.697,M  ,M1III   ,4,1,Simbad
sp,80764,296.184784,-14.717754,0.102248,20.28,17.435,16.459,16.039,C  ,C5.5    ,5,1,Simbad
sp,81015,296.148743,-14.720551,0.123712,20.331,18.06,17.254,17.066,M  ,M1III   ,5,1,Simbad
sp,81290,296.138214,-14.72313,0.130111,20.327,17.227,16.188,15.542,C  ,C6.5    ,5,1,Simbad
sp,82246,296.173828,-14.731837,0.097891,20.061,17.335,16.543,16.299,M  ,M4III   ,6,1,Simbad
sp,83467,296.204193,-14.742633,0.070859,18.691,15.048,14.173,13.874,M  ,M6III   ,6,1,Simbad
sp,83752,296.171265,-14.745203,0.090533,20.5,18.02,17.228,16.97,M  ,C5.5    ,5,1,Simbad
sp,84020,296.185242,-14.747572,0.078635,23.015,17.622,16.799,16.588,M  ,dM      ,5,1,Simbad
sp,85975,296.197662,-14.763362,0.058722,20.414,17.175,16.255,15.536,C  ,C5.5    ,5,1,Simbad
sp,86798,296.208893,-14.769947,0.046106,24.466,17.025,16.201,15.758,C  ,C6.5    ,5,1,Simbad
sp,88152,296.199615,-14.7809,0.04676,20.389,18.414,17.421,17.201,C  ,M2III   ,5,1,Simbad
sp,88716,296.206879,-14.785284,0.038284,19.733,18.082,17.209,17.074,M  ,C5.5    ,5,1,Simbad
sp,93532,296.178833,-14.822721,0.0647,20.139,17.33,16.475,16.21,M  ,SIII    ,5,1,Simbad
sp,93858,296.180084,-14.825297,0.064336,19.755,17.231,16.366,15.897,C  ,C5.5    ,6,1,Simbad
sp,94446,296.212219,-14.830112,0.038947,20.872,17.27,16.343,16.036,Cca,C8.2    ,5,1,Simbad
sp,94947,296.173828,-14.834276,0.073544,20.655,18.015,17.151,16.987,Mca,M1III   ,5,1,Simbad
sp,95293,296.160797,-14.836968,0.086555,20.626,18.027,17.37,17.092,Mca,dM3     ,6,1,Simbad
sp,95728,296.212219,-14.840272,0.0465,20.195,17.982,17.22,16.969,Mca,M1III   ,5,1,Simbad
sp,96027,296.194489,-14.842676,0.060544,20.11,17.014,16.111,15.568,C  ,C5.5    ,6,1,Simbad
sp,96655,296.202057,-14.847754,0.058732,20.336,17.178,16.174,15.577,Cca,C5.5    ,6,1,Simbad
sp,97310,296.164886,-14.853178,0.090587,20.933,17.217,16.028,15.151,C  ,C5.5 e  ,5,1,Simbad
sp,97913,296.179565,-14.858191,0.081993,20.623,17.341,16.375,15.818,C  ,C5.5    ,6,1,Simbad
sp,98241,296.188385,-14.861088,0.077781,20.347,17.551,16.547,16.182,C  ,C5.5    ,6,1,Simbad
sp,98573,296.157288,-14.863935,0.102957,20.61,17.318,16.473,16.265,M  ,S4III   ,5,1,Simbad
sp,99143,296.178772,-14.868636,0.089852,20.434,17.478,16.402,15.788,C  ,C5.5    ,5,1,Simbad
sp,99429,296.204865,-14.8711,0.076522,19.485,16.935,16.102,15.807,M  ,C3.2    ,4,1,Simbad
sp,99831,296.206085,-14.874577,0.079073,20.5,18.145,17.337,17.039,M  ,M1III   ,5,1,Simbad
sp,100207,296.168549,-14.87782,0.103556,20.499,17.222,16.157,15.564,C  ,C5.5    ,6,1,Simbad
sp,100545,296.116089,-14.881053,0.146717,20.608,17.31,16.25,15.45,C  ,C5.5    ,6,1,Simbad
sp,100929,296.169189,-14.884176,0.107787,18.537,15.852,15.016,14.782,M  ,M3III   ,6,1,Simbad
sp,101207,296.193604,-14.8867,0.095612,20.821,18.299,17.373,17.215,M  ,M1III   ,4,1,Simbad
sp,101866,296.092773,-14.892178,0.172413,20.724,17.214,16.157,15.608,C  ,C6.5    ,5,1,Simbad
sp,102365,296.207458,-14.896397,0.098695,20.202,17.393,16.583,16.197,C  ,C5.5    ,5,1,Simbad
sp,102622,296.118591,-14.89873,0.154809,19.469,16.894,16.034,15.732,M  ,C5.5    ,6,1,Simbad
sp,102922,296.192444,-14.901339,0.109107,19.995,17.672,16.756,16.644,M  ,M1III   ,5,1,Simbad
sp,103170,296.114899,-14.903462,0.160638,21.228,18.059,17.332,17.124,M  ,dM      ,5,1,Simbad
sp,103686,296.186646,-14.908154,0.117801,20.29,17.764,16.87,16.708,M  ,M2III   ,5,1,Simbad
sp,105632,296.206696,-14.92662,0.127768,20.623,16.997,15.861,15.147,C  ,C6.5 e  ,5,1,Simbad
sp,106121,296.144318,-14.931097,0.159898,20.29,17.52,16.613,16.411,M  ,S4III   ,5,1,Simbad
sp,93464,296.342345,-14.822172,0.103467,19.982,17.481,16.581,16.401,M  ,M3III   ,6,1,Simbad
sp,93781,296.331849,-14.824688,0.093702,19.914,18.029,17.03,16.852,M  ,M1III   ,5,1,Simbad
sp,94073,296.331716,-14.826927,0.094107,19.681,17.657,16.8,16.693,M  ,M0III   ,4,1,Simbad
sp,94429,296.351776,-14.830035,0.114325,19.629,17.677,16.931,16.712,Mca,C8.2    ,5,1,Simbad
sp,94986,296.345673,-14.834577,0.109602,19.646,17.219,16.341,15.898,Cca,C5.5    ,5,1,Simbad
sp,95355,296.262573,-14.837487,0.040536,21.772,17.44,16.619,16.297,Mca,--      ,4,1,Simbad
sp,96598,296.343445,-14.847301,0.111821,19.728,17.905,17.047,16.885,Mca,M0III   ,5,1,Simbad
sp,97225,296.365814,-14.852487,0.13449,19.955,17.293,16.259,15.57,C  ,C5.5    ,6,1,Simbad
sp,97567,296.346741,-14.855356,0.118171,19.721,17.32,16.481,16.022,C  ,C5.5    ,6,1,Simbad
sp,100023,296.375763,-14.876107,0.153472,20.461,17.948,17.028,16.819,M  ,M4III   ,6,1,Simbad
sp,100521,296.363129,-14.880856,0.144951,20.763,17.439,16.595,16.435,M  ,M       ,4,1,Simbad
sp,101802,296.365631,-14.891643,0.153026,17.818,15.562,14.712,14.318,C  ,M5III   ,6,1,Simbad
sp,102163,296.261505,-14.894732,0.093667,19.226,17.792,16.833,16.802,M  ,M       ,4,1,Simbad
sp,103115,296.335785,-14.902986,0.137745,22.048,17.233,16.411,16.022,C  ,M       ,4,1,Simbad
sp,104988,296.286987,-14.920337,0.125778,20.379,16.908,16.087,15.896,M  ,M4III   ,6,1,Simbad
sp,105583,296.275116,-14.926181,0.127515,17.681,18.321,17.4,17.123,C  ,M       ,4,1,Simbad
sp,100901,296.380829,-14.883905,0.161689,19.816,17.628,16.763,16.596,M  ,M2III   ,6,1,Simbad
sp,77470,296.335388,-14.681108,0.154755,20.811,18.391,17.506,17.091,C  ,C6.5    ,5,1,Simbad
sp,78605,296.320587,-14.693704,0.135791,20.496,18.135,17.227,17.169,M  ,M4III   ,5,1,Simbad
sp,79960,296.293854,-14.708783,0.108605,19.802,17.537,16.573,16.344,C  ,C8.2    ,5,1,Simbad
sp,80354,296.367828,-14.712914,0.156149,19.776,17.585,16.765,16.497,M  ,M1III   ,5,1,Simbad
sp,81804,296.381348,-14.727878,0.159752,19.818,17.516,16.627,16.418,M  ,M4III   ,6,1,Simbad
sp,82163,296.355621,-14.731111,0.135875,20.88,18.112,17.429,17.172,M  ,dM      ,4,1,Simbad
sp,83580,296.285706,-14.743645,0.074898,19.592,17.682,16.861,16.682,M  ,M2III   ,6,1,Simbad
sp,86652,296.262848,-14.76875,0.041208,20.685,17.647,16.796,16.637,M  ,C6.5    ,5,1,Simbad
sp,88480,296.299103,-14.783449,0.06183,21.817,17.48,16.529,15.729,C  ,C       ,4,1,Simbad
sp,77118,296.134644,-14.67692,0.165013,20.201,17.35,16.321,15.771,C  ,C5.5    ,5,1,Simbad
sp,77316,296.121368,-14.679315,0.1721,19.923,17.359,16.399,16.029,C  ,C5.5    ,5,1,Simbad
sp,77799,296.178497,-14.684889,0.133819,20.476,18.044,17.083,16.866,M  ,M       ,4,1,Simbad
sp,78016,296.169312,-14.687134,0.136401,20.83,17.699,17.031,16.75,M  ,dM      ,5,1,Simbad
sp,78454,296.154877,-14.691996,0.140585,21.633,17.839,17.265,16.853,M  ,dM6     ,5,1,Simbad
sp,78876,296.170105,-14.696488,0.128081,20.142,17.366,16.439,16.089,C  ,C5.5    ,5,1,Simbad
sp,79197,296.20285,-14.700215,0.109898,20.626,17.115,15.986,15.382,C  ,C6.5    ,5,1,Simbad
sp,79433,296.155792,-14.702925,0.131499,20.337,17.811,17.114,16.901,M  ,dM3.5   ,5,1,Simbad
sp,79980,296.134155,-14.70893,0.142333,20.065,17.268,16.427,16.191,M  ,M       ,4,1,Simbad
sp,80222,296.179932,-14.711598,0.110057,20.488,18.122,17.281,17.03,M  ,M       ,4,1,Simbad
sp,80491,296.112671,-14.714574,0.155752,18.86,16.424,15.517,15.338,M  ,M0III   ,5,1,Simbad
sp,80754,296.187347,-14.717557,0.101039,20.633,17.671,16.723,16.491,C  ,--      ,4,1,Simbad
sp,80959,296.198029,-14.719869,0.093775,20.698,17.606,16.479,15.802,C  ,C6.5    ,5,1,Simbad
sp,81277,296.103516,-14.723016,0.15892,21.351,17.447,16.545,16.07,C  ,--      ,4,1,Simbad
sp,81701,296.151001,-14.726998,0.117762,19.754,16.872,16,15.486,C  ,C5.5    ,5,1,Simbad
sp,82019,296.127747,-14.729833,0.134722,20.382,17.725,16.917,16.64,M  ,M0III   ,4,1,Simbad
sp,82395,296.159454,-14.733295,0.107247,21.045,17.518,16.572,15.92,C  ,C6.5    ,5,1,Simbad
sp,82849,296.179535,-14.737016,0.090214,20.854,17.065,16.054,15.353,C  ,--      ,4,1,Simbad
sp,83463,296.179321,-14.742605,0.086334,19.952,17.415,16.49,15.87,C  ,C6.5    ,5,1,Simbad
sp,83731,296.207184,-14.745038,0.067272,20.06,17.006,15.993,15.379,C  ,C5.5    ,5,1,Simbad
sp,84687,296.179443,-14.752915,0.079314,19.452,16.663,15.734,15.234,C  ,C5.5    ,5,1,Simbad
sp,84957,296.203827,-14.755259,0.060596,20.677,17.967,17.164,16.598,C  ,C6.5    ,5,1,Simbad
sp,85283,296.181671,-14.7577,0.074583,19.873,17.175,16.282,15.944,C  ,C6.5    ,5,1,Simbad
sp,87260,296.202637,-14.773767,0.048169,20.774,17.296,16.414,15.714,C  ,C       ,4,1,Simbad
sp,87885,296.186096,-14.778706,0.05984,20.502,16.722,15.902,15.543,M  ,C6.5    ,5,1,Simbad
sp,88232,296.193481,-14.781586,0.051927,20.129,17.935,17.162,16.883,M  ,M0III   ,4,1,Simbad
sp,93440,296.194275,-14.821965,0.049886,19.925,17.296,16.408,15.902,C  ,C5.5    ,5,1,Simbad
sp,93738,296.183502,-14.824387,0.060813,20.045,17.58,16.757,16.576,M  ,M0III   ,4,1,Simbad
sp,94114,296.163879,-14.827393,0.080367,21.628,17.105,15.991,15.211,C  ,--      ,5,1,Simbad
sp,94394,296.182404,-14.829756,0.063865,19.725,17.808,16.983,16.854,Mca,M0III   ,4,1,Simbad
sp,94807,296.165405,-14.833178,0.080856,20.082,17.271,16.448,16.238,Mca,S       ,4,1,Simbad
sp,95088,296.145233,-14.835481,0.1006,19.797,18.002,17.182,17.032,Mca,M       ,4,1,Simbad
sp,95439,296.135132,-14.838089,0.111008,19.925,17.57,16.677,16.486,Mca,M2III   ,5,1,Simbad
sp,95858,296.192749,-14.841306,0.06102,20.344,18.047,17.3,17.066,Mca,M0III   ,5,1,Simbad
sp,96249,296.170105,-14.844587,0.081621,21.037,17.354,16.234,15.509,Cca,C6.5    ,6,1,Simbad
sp,97298,296.187469,-14.853082,0.072713,20.402,18.169,17.289,17.198,M  ,M0III   ,5,1,Simbad
sp,97868,296.191681,-14.857764,0.073105,20.214,17.902,16.956,16.761,M  ,M0III   ,5,1,Simbad
sp,98231,296.156158,-14.860965,0.102172,20.326,17.108,16.214,15.634,C  ,C6.5    ,5,1,Simbad
sp,98508,296.187439,-14.863374,0.080115,20.74,18.029,17.031,16.932,M  ,M0III   ,4,1,Simbad
sp,98786,296.171783,-14.865685,0.092791,19.938,17.105,16.145,15.625,C  ,C6.5    ,5,1,Simbad
sp,99102,296.112885,-14.868258,0.143218,20.504,17.17,16.196,15.588,C  ,C6.5    ,6,1,Simbad
sp,99420,296.171753,-14.870989,0.096451,20.524,18.017,17.269,17.046,M  ,M0III   ,5,1,Simbad
sp,99756,296.18869,-14.873989,0.087591,20.788,17.872,16.983,16.879,M  ,M2III   ,5,1,Simbad
sp,100040,296.178711,-14.876316,0.095611,20.439,18.07,17.083,16.72,C  ,C5.5    ,5,1,Simbad
sp,100308,296.155457,-14.878673,0.113619,20.832,17.625,16.429,15.762,C  ,C6.5    ,6,1,Simbad
sp,100873,296.19754,-14.883656,0.091047,20.752,17.866,16.778,16.2,C  ,C6.5    ,5,1,Simbad
sp,101165,296.201691,-14.886331,0.091574,19.856,16.685,15.619,15.007,C  ,C6.5    ,6,1,Simbad
sp,102136,296.163086,-14.89449,0.119578,19.627,16.753,15.881,15.436,C  ,C6.5    ,5,1,Simbad
sp,102372,296.117828,-14.896477,0.15404,20.419,17.798,16.968,16.867,M  ,M2III   ,5,1,Simbad
sp,102696,296.19754,-14.899305,0.105097,19.457,17.107,16.295,16.098,M  ,M1III   ,6,1,Simbad
sp,102923,296.115417,-14.901344,0.15892,20.026,17.706,16.95,16.771,M  ,M0III   ,4,1,Simbad
sp,103386,296.089813,-14.905375,0.182007,20.747,17.896,16.855,16.316,C  ,C6.5    ,5,1,Simbad
sp,105264,296.17276,-14.922873,0.13736,19.289,16.532,15.67,15.261,C  ,C5.5    ,6,1,Simbad
sp,105623,296.176575,-14.926566,0.138782,20.516,18.216,17.415,17.113,M  ,M0III   ,4,1,Simbad
sp,105963,296.173828,-14.929623,0.142765,20.596,17.362,16.486,16.301,M  ,M       ,4,1,Simbad
sp,91631,296.233276,-14.808039,0.008645,19.292,17.538,16.688,16.465,M  ,C       ,5,1,Simbad
sp,66772,296.209412,-14.569217,0.236279,21.103,17.453,16.39,15.66,C  ,C       ,4,1,Simbad
sp,68853,296.232605,-14.590483,0.213096,20.271,17.931,17.352,17.046,M  ,dM2     ,5,1,Simbad
sp,69102,296.210419,-14.592963,0.212618,22.248,17.963,17.348,17.033,M  ,dM6 e   ,5,1,Simbad
sp,69707,296.205383,-14.599363,0.207081,19.85,17.083,16.511,16.279,M  ,dM3     ,5,1,Simbad
sp,70265,296.20874,-14.604931,0.201038,19.974,18.102,17.385,17.319,M  ,dM1.5   ,5,1,Simbad
sp,70561,296.190643,-14.608078,0.201636,19.7,17.586,16.732,16.563,M  ,M1III   ,4,1,Simbad
sp,71373,296.216583,-14.615705,0.189253,19.679,17.813,17.201,16.998,M  ,dM1.5   ,5,1,Simbad
sp,71915,296.21402,-14.621172,0.184184,19.406,17.39,16.763,16.607,M  ,dM1.5   ,5,1,Simbad
sp,73986,296.189636,-14.643152,0.168182,20.018,17.088,16.481,16.215,M  ,dM3     ,5,1,Simbad
sp,74248,296.233551,-14.64607,0.157517,20.175,17.741,17.057,16.927,M  ,dM3     ,5,1,Simbad
sp,74874,296.229279,-14.652489,0.151364,21.271,17.698,16.422,15.496,C  ,C8.2    ,5,1,Simbad
sp,76015,296.193878,-14.664783,0.146304,20.917,18.34,17.605,17.257,M  ,C8.2 e  ,5,1,Simbad
sp,64758,296.020721,-14.549389,0.335975,21.499,18.37,17.61,17.368,M  ,M4III   ,5,1,Simbad
sp,65037,295.978973,-14.551923,0.362904,19.744,17.75,16.983,16.768,M  ,M1III   ,5,1,Simbad
sp,66587,296.059235,-14.56733,0.297712,20.174,17.994,17.26,17.157,M  ,dM1     ,4,1,Simbad
sp,67210,295.996796,-14.573745,0.334948,19.985,18.158,17.349,17.201,M  ,M1III   ,5,1,Simbad
sp,67490,295.981812,-14.576805,0.343984,20.922,17.368,16.79,16.532,M  ,--      ,4,1,Simbad
sp,68054,295.981445,-14.582492,0.340543,19.965,18.026,17.339,17.126,M  ,dM0     ,4,1,Simbad
sp,68809,295.946991,-14.590075,0.362933,21.382,18.303,17.808,17.445,M  ,dM4.5   ,4,1,Simbad
sp,69935,295.982422,-14.601364,0.327843,20.898,17.967,17.211,16.981,M  ,dM      ,4,1,Simbad
sp,70482,296.040436,-14.607334,0.280206,20.792,18.163,17.085,16.646,C  ,C5.5    ,5,1,Simbad
sp,70854,296.046143,-14.610744,0.273747,20.522,17.597,16.944,16.602,M  ,dM      ,4,1,Simbad
sp,71314,296.053589,-14.615259,0.265288,20.918,17.901,17.144,16.86,M  ,dM      ,5,1,Simbad
sp,71622,296.047607,-14.618206,0.267489,20.069,18.222,17.573,17.431,M  ,dM0     ,4,1,Simbad
sp,72115,296.049713,-14.623334,0.262428,19.518,17.918,17.231,17.082,M  ,dM0     ,4,1,Simbad
sp,72930,296.02417,-14.632055,0.276056,19.379,17.776,17.148,16.904,M  ,dM0     ,6,1,Simbad
sp,73293,295.99939,-14.635953,0.293642,20.416,17.817,16.896,16.458,C  ,C5.5    ,5,1,Simbad
sp,74069,295.986328,-14.643986,0.300119,20.589,17.983,17.224,16.969,M  ,dM3     ,5,1,Simbad
sp,74550,296.018707,-14.649366,0.270125,19.133,17.628,16.933,16.816,M  ,dM0     ,4,1,Simbad
sp,75067,296.057068,-14.654613,0.236277,20.143,17.773,16.926,16.688,M  ,M5III   ,5,1,Simbad
sp,75313,296.018372,-14.657308,0.265956,20.211,17.694,17.056,16.876,M  ,dM3.5   ,5,1,Simbad
sp,75540,296.027252,-14.659583,0.257303,20.072,17.632,17.085,16.74,M  ,dM3.5   ,4,1,Simbad
sp,75867,296.001099,-14.663127,0.277562,19.762,17.754,17.079,16.836,M  ,dM1.5   ,4,1,Simbad
sp,81688,296.051239,-14.72685,0.20425,20.36,17.414,16.397,15.734,C  ,C6.5    ,5,1,Simbad
sp,83473,296.03833,-14.742747,0.211167,20.77,17.513,17.026,16.573,M  ,dM4     ,5,1,Simbad
sp,84913,296.017212,-14.754925,0.228584,19.124,17.626,17.119,16.727,M  ,dM0     ,5,1,Simbad
sp,85472,296.057068,-14.759219,0.188772,21.963,17.951,17.343,16.984,M  ,dM      ,5,1,Simbad
sp,86142,296.057373,-14.764623,0.187282,19.872,18.174,17.466,17.283,M  ,--      ,4,1,Simbad
sp,86680,296.014832,-14.769041,0.228362,20.342,17.05,15.886,15.051,C  ,C8.2    ,5,1,Simbad
sp,87702,295.954315,-14.777233,0.287471,23.446,18.212,17.583,17.391,M  ,M       ,4,1,Simbad
sp,88306,296.042908,-14.782191,0.19882,19.58,16.913,15.97,15.401,C  ,C5.5    ,5,1,Simbad
sp,89403,296.025879,-14.790672,0.21509,19.888,17.776,16.947,16.628,M  ,M3III   ,5,1,Simbad
sp,90158,296.021149,-14.796692,0.219544,20.412,17.356,16.289,15.713,C  ,C5.5    ,5,1,Simbad
sp,90520,296.043915,-14.799509,0.196714,20.082,17.434,16.746,16.545,M  ,dM3.5   ,5,2,Simbad
sp,91028,296.021088,-14.803503,0.219502,18.917,17.093,16.428,16.264,M  ,dM1.5   ,5,1,Simbad
sp,91442,296.017029,-14.806444,0.223581,20.304,17.862,17.239,17.061,M  ,dM3     ,5,1,Simbad
sp,80256,296.43103,-14.711975,0.211261,19.278,17.788,17.089,16.928,M  ,dM      ,4,1,Simbad
sp,80997,296.419373,-14.720345,0.197146,20.442,17.697,17.084,16.839,M  ,--      ,4,1,Simbad
sp,81226,296.486694,-14.722583,0.259043,19.929,17.48,16.85,16.665,M  ,--      ,4,1,Simbad
sp,81582,296.44931,-14.725839,0.222675,19.853,17.417,16.477,16.316,M  ,M       ,4,1,Simbad
sp,82227,296.419983,-14.731664,0.193215,23.406,17.538,16.69,16.5,M  ,M0III   ,4,1,Simbad
sp,82894,296.276184,-14.73748,0.074942,21.001,17.378,17.327,16.362,M  ,--      ,4,1,Simbad
sp,83291,296.484985,-14.741018,0.252238,20.868,17.769,17.215,16.86,M  ,--      ,4,1,Simbad
sp,83620,296.412872,-14.74398,0.182251,21.161,18.142,17.528,17.187,M  ,--      ,4,1,Simbad
sp,84497,296.522186,-14.751385,0.286365,19.041,16.181,15.583,15.298,M  ,dM4     ,5,1,Simbad
sp,84810,296.426727,-14.754023,0.192582,19.853,17.422,16.423,15.825,C  ,C6.5    ,5,1,Simbad
sp,85162,296.485504,-14.756813,0.249311,18.674,16.735,15.932,15.627,M  ,C8.2    ,5,1,Simbad
sp,85886,296.442505,-14.762609,0.206,20.355,17.138,15.998,15.096,C  ,C6.5    ,5,1,Simbad
sp,86205,296.499451,-14.765201,0.261669,23.605,18.201,17.579,17.225,M  ,#NAME?,4,1,Simbad
sp,86700,296.433807,-14.769137,0.196237,23.668,17.658,17.03,16.882,M  ,dM3     ,5,1,Simbad
sp,87313,296.408356,-14.774137,0.170304,19.583,18.124,17.407,17.179,M  ,M       ,4,1,Simbad
sp,89698,296.509125,-14.792881,0.268742,20.16,16.943,16.331,16.043,M  ,dM      ,5,1,Simbad
sp,90095,296.442902,-14.796197,0.202441,23.183,17.512,16.647,16.456,M  ,M2III   ,5,1,Simbad
sp,90841,296.480835,-14.801933,0.24025,19.534,17.491,16.674,16.423,M  ,C6.5    ,5,1,Simbad
sp,91572,296.4646,-14.807542,0.224048,20.002,17.144,16.231,15.567,C  ,--      ,4,1,Simbad
sp,65740,296.475342,-14.558714,0.339108,20.101,17.332,16.723,16.514,M  ,dM3     ,5,1,Simbad
sp,67206,296.514954,-14.573689,0.35785,20.874,17.496,16.927,16.638,M  ,dM3.5   ,4,1,Simbad
sp,67628,296.51413,-14.578083,0.354408,20.025,18.111,17.501,17.224,M  ,dM1.5   ,5,1,Simbad
sp,68304,296.51123,-14.584842,0.347889,20.77,17.755,16.79,16.308,C  ,C6.5    ,5,1,Simbad
sp,68961,296.440369,-14.591502,0.291247,19.693,16.866,16.316,16.045,M  ,dM3     ,5,1,Simbad
sp,69615,296.433899,-14.598368,0.281813,19.476,17.976,17.227,17.13,M  ,dM0     ,5,1,Simbad
sp,69875,296.482483,-14.600801,0.315548,19.328,17.206,16.54,16.322,M  ,dM3     ,5,1,Simbad
sp,70172,296.48764,-14.603875,0.317578,18.773,17.107,16.496,16.297,M  ,dM0     ,5,1,Simbad
sp,70629,296.507385,-14.608586,0.330369,21.68,17.734,17.081,16.813,M  ,dM      ,5,1,Simbad
sp,70946,296.422607,-14.611832,0.264272,20.152,17.413,16.802,16.563,M  ,dM3.5   ,5,1,Simbad
sp,71229,296.521149,-14.614511,0.338236,20.662,18.27,17.226,16.797,C  ,C6.5    ,5,1,Simbad
sp,71613,296.427124,-14.618094,0.262953,20.598,17.826,17.294,17.072,M  ,dM4.5   ,4,1,Simbad
sp,71939,296.520874,-14.621428,0.334191,21.007,17.435,16.79,16.587,M  ,dM      ,5,1,Simbad
sp,72429,296.505188,-14.626554,0.318272,19.421,17.942,17.354,17.14,M  ,dM0     ,5,1,Simbad
sp,72667,296.508667,-14.629275,0.31968,19.134,17.35,16.762,16.565,M  ,dM0     ,5,1,Simbad
sp,72881,296.438385,-14.631576,0.262024,19.561,17.726,17.112,16.907,M  ,dM1.5   ,5,1,Simbad
sp,73147,296.48996,-14.63443,0.301241,20.002,18.087,17.367,17.147,M  ,M0.5III ,4,1,Simbad
sp,73508,296.488861,-14.638191,0.298232,20.405,17.496,16.557,15.974,C  ,C6.5 v  ,5,1,Simbad
sp,73972,296.498657,-14.642962,0.303889,18.995,17.604,16.987,16.826,M  ,dM0     ,4,1,Simbad
sp,75055,296.488434,-14.654464,0.289167,22.259,18.159,17.49,17.16,M  ,M0.5III ,5,1,Simbad
sp,65002,296.311554,-14.551598,0.261639,20.918,17.914,17.356,16.982,M  ,dM      ,5,1,Simbad
sp,65342,296.326904,-14.554912,0.26308,19.651,17.65,17.064,16.825,M  ,dM 1.5  ,4,1,Simbad
sp,65766,296.268188,-14.559031,0.245952,20.383,18.014,17.403,17.212,M  ,dM      ,4,1,Simbad
sp,66012,296.350433,-14.561425,0.265766,19.76,16.954,16.372,16.114,M  ,dM3.5   ,5,1,Simbad
sp,66239,296.299713,-14.563828,0.246788,21.034,18.07,17.517,17.256,M  ,dM      ,5,1,Simbad
sp,66625,296.294617,-14.567719,0.241823,21.074,18.624,17.757,17.118,C  ,--      ,4,1,Simbad
sp,66989,296.281769,-14.571457,0.235599,19.706,17.124,16.523,16.283,M  ,dM3     ,5,1,Simbad
sp,67256,296.269318,-14.574274,0.230949,21.22,18.24,17.591,17.344,M  ,dM      ,5,1,Simbad
sp,67591,296.249817,-14.577723,0.225895,20.474,17.969,17.339,17.188,M  ,dM3.5   ,5,1,Simbad
sp,67835,296.250244,-14.58028,0.223358,20.659,18.098,17.509,17.201,M  ,dM      ,5,1,Simbad
sp,68214,296.329102,-14.584,0.236609,19.231,17.611,16.957,16.665,M  ,MIII e v,4,1,Simbad
sp,69259,296.265533,-14.59479,0.210125,20.017,17.966,17.111,16.84,M  ,M0III   ,5,1,Simbad
sp,69502,296.300781,-14.597308,0.21473,19.963,17.733,17.042,16.821,M  ,dM3     ,4,1,Simbad
sp,69952,296.285156,-14.601586,0.206705,18.981,16.715,16.035,15.832,M  ,dM3     ,5,1,Simbad
sp,70257,296.321686,-14.604838,0.214512,18.477,16.639,15.948,15.801,M  ,dM1.5   ,5,1,Simbad
sp,71083,296.313812,-14.613031,0.203993,19.722,17.51,16.655,16.449,M  ,M1III   ,5,1,Simbad
sp,71579,296.301788,-14.617753,0.195502,21.206,17.604,17.005,16.654,M  ,dM      ,5,1,Simbad
sp,71937,296.275482,-14.621393,0.18535,20.537,17.978,17.284,17.082,M  ,dM      ,4,1,Simbad
sp,72546,296.263794,-14.627904,0.177053,21.046,17.956,17.317,17.003,M  ,dM      ,4,1,Simbad
sp,72871,296.250305,-14.631506,0.172198,19.227,17.544,16.861,16.712,M  ,dM0     ,5,1,Simbad
sp,73481,296.266541,-14.637911,0.167541,19.64,17.655,17.002,16.85,M  ,dM0     ,4,1,Simbad
sp,73816,296.326508,-14.641376,0.183421,19.64,16.649,15.697,15.114,C  ,C5.5    ,6,1,Simbad
sp,74372,296.279144,-14.647496,0.160629,20.201,17.865,16.998,16.804,M  ,M0III   ,4,1,Simbad
sp,74650,296.31723,-14.650301,0.171237,19.966,17.816,17.241,17.037,M  ,dM1.5III,5,1,Simbad
sp,74939,296.275116,-14.653234,0.154113,19.697,17.484,16.612,16.452,M  ,M0III   ,4,1,Simbad
sp,75203,296.334686,-14.656092,0.174821,20.152,17.954,17.353,17.134,M  ,dM1.5   ,4,1,Simbad
sp,75443,296.300446,-14.658543,0.156764,19.852,17.553,16.881,16.693,M  ,dM2     ,4,1,Simbad
sp,75858,296.31543,-14.663013,0.159116,21.691,17.486,16.845,16.571,M  ,M4III   ,4,1,Simbad
sp,79984,296.263336,-14.708953,0.097176,20.958,17.071,16.053,15.567,C  ,C       ,4,1,Simbad
sp,80566,296.264954,-14.715384,0.091354,20.125,17.411,16.435,16.041,C  ,C6.5    ,5,1,Simbad
sp,80813,296.237854,-14.718291,0.085183,18.971,17.509,16.693,16.529,M  ,M0III   ,4,1,Simbad
sp,81082,296.330536,-14.721181,0.121882,20.879,17.693,16.83,16.557,M  ,M4III   ,6,1,Simbad
sp,81620,296.280762,-14.726241,0.087016,19.971,18.015,17.146,17.061,M  ,C6.5    ,5,1,Simbad
sp,81886,296.31192,-14.728691,0.103314,20.084,17.538,16.72,15.967,C  ,C6.5    ,5,1,Simbad
sp,83058,296.318024,-14.739033,0.100712,19.599,17.173,16.378,15.97,C  ,C5.5    ,5,1,Simbad
sp,83368,296.283783,-14.741738,0.075309,20.344,18.103,17.246,16.869,C  ,C5.5    ,5,1,Simbad
sp,83737,296.339813,-14.745103,0.115097,19.951,18.044,16.882,16.328,C  ,C6.5    ,5,1,Simbad
sp,84531,296.276062,-14.751641,0.062772,20.366,17.531,16.642,16.026,C  ,C6.5    ,5,1,Simbad
sp,84882,296.244446,-14.754674,0.048908,19.349,17.25,16.494,16.217,M  ,C5.5    ,5,1,Simbad
sp,85196,296.252136,-14.757003,0.047841,19.901,17.914,16.978,16.427,C  ,C5.5    ,5,1,Simbad
sp,85520,296.284271,-14.759642,0.06185,19.962,17.737,16.992,16.736,M  ,M0III   ,4,1,Simbad
sp,85795,296.255432,-14.761878,0.044123,20.016,17.528,16.665,16.46,M  ,M1III   ,5,1,Simbad
sp,86182,296.248871,-14.764977,0.039334,21.013,17.11,15.994,15.228,C  ,C8.2    ,5,1,Simbad
sp,86531,296.330048,-14.767764,0.096306,20.116,17.105,16.08,15.383,C  ,C6.5    ,5,1,Simbad
sp,86770,296.261536,-14.769683,0.039719,19.877,17.345,16.483,16.072,C  ,C5.5    ,5,1,Simbad
sp,87610,296.270599,-14.776425,0.040371,19.601,18.035,17.178,17.109,M  ,M0III   ,4,1,Simbad
sp,87928,296.301117,-14.779015,0.065266,19.885,17.097,16.157,15.672,C  ,C6.5    ,5,1,Simbad
sp,88274,296.348297,-14.781917,0.109834,20.509,17.876,16.914,16.802,M  ,M2III   ,5,1,Simbad
sp,88593,296.307007,-14.784284,0.069121,19.709,16.947,16.062,15.609,C  ,C5.5    ,5,1,Simbad
sp,88820,296.255737,-14.786252,0.022902,20.022,18.197,17.29,17.169,M  ,M       ,4,1,Simbad
sp,89202,296.297485,-14.789169,0.058655,19.802,17.918,17.092,16.867,M  ,M2III   ,5,1,Simbad
sp,90313,296.23642,-14.79789,0.006934,21.36,17.253,16.516,16.222,M  ,C6.5    ,5,1,Simbad
sp,90637,296.261719,-14.800416,0.021343,21.38,17.985,17.126,16.916,M  ,M5III   ,4,2,Simbad
sp,91024,296.242493,-14.803477,0.001904,20.07,18.038,17.122,16.902,M  ,M2III   ,5,1,Simbad
sp,91382,296.238708,-14.806007,0.003191,19.831,17.348,16.599,16.247,M  ,C6.5    ,5,1,Simbad
sp,91707,296.273346,-14.808517,0.033149,20.713,17.578,16.736,16.42,M  ,S       ,5,1,Simbad
sp,84083,296.356781,-14.748176,0.12866,19.65,17.254,16.329,15.885,C  ,--      ,5,1,Simbad
sp,107819,296.539215,-14.949409,0.332396,20.557,18.03,17.429,17.225,M  ,dM3 e   ,5,1,Simbad
sp,108073,296.500092,-14.952188,0.299116,20.466,17.307,16.716,16.356,M  ,dM4     ,5,1,Simbad
sp,108343,296.471954,-14.955172,0.276686,18.844,17.722,17.068,16.933,M  ,dK7     ,5,1,Simbad
sp,108575,296.520447,-14.957832,0.319625,20.108,17.232,16.706,16.401,M  ,dM3.5   ,6,1,Simbad
sp,108866,296.493561,-14.960535,0.297786,19.605,17.634,17.023,16.841,M  ,dM1.5   ,6,1,Simbad
sp,109349,296.490021,-14.965914,0.297686,19.616,17.821,17.012,16.765,M  ,M0III   ,4,1,Simbad
sp,109635,296.478027,-14.968984,0.289456,20.613,17.479,16.903,16.598,M  ,dM4     ,5,1,Simbad
sp,110106,296.479218,-14.974156,0.293412,19.889,16.882,15.943,15.387,C  ,C5.5    ,5,1,Simbad
sp,110336,296.533447,-14.976672,0.340262,19.406,17.957,17.285,17.1,M  ,dM0     ,6,1,Simbad
sp,110613,296.485962,-14.979607,0.302069,19.307,17.895,17.233,17.128,M  ,dM0     ,6,1,Simbad
sp,110981,296.46521,-14.983861,0.288114,19.862,17.958,17.116,16.919,M  ,M0III   ,4,1,Simbad
sp,111332,296.492737,-14.987658,0.312279,20.114,18.286,17.505,17.368,M  ,M0III   ,4,1,Simbad
sp,111564,296.516693,-14.989991,0.333224,20.227,17.773,17.119,16.923,M  ,dM3.5   ,5,1,Simbad
sp,111944,296.539673,-14.994203,0.354747,20.465,17.858,17.217,16.951,M  ,dM3.5   ,5,1,Simbad
sp,112310,296.444275,-14.998292,0.281885,20.377,18.018,17.418,17.16,M  ,dM3.5   ,5,1,Simbad
sp,112524,296.526947,-15.000549,0.347644,20.041,16.933,16.322,15.973,M  ,dM4.5   ,5,1,Simbad
sp,112808,296.511871,-15.003676,0.337182,19.629,17.72,16.886,16.675,M  ,M1III   ,5,1,Simbad
sp,113033,296.526825,-15.005964,0.350643,19.5,17.634,16.995,16.81,M  ,dM1.5   ,5,1,Simbad
sp,113320,296.435181,-15.009061,0.283108,21.331,17.991,17.13,16.915,M  ,M0III   ,4,1,Simbad
sp,113562,296.446594,-15.011467,0.292775,20.42,17.572,16.974,16.786,M  ,dM4.5   ,5,1,Simbad
sp,113871,296.520386,-15.015034,0.350802,20.536,18.105,17.492,17.135,M  ,dM3.5   ,5,1,Simbad
sp,114094,296.532562,-15.01741,0.361988,20.634,17.862,17.358,17.106,M  ,dM4.5   ,4,1,Simbad
sp,114787,296.515411,-15.025197,0.353139,18.912,17.469,16.788,16.638,M  ,dM0     ,6,1,Simbad
sp,115327,296.481842,-15.03135,0.331889,19.575,17.875,17.134,16.951,M  ,M0III   ,4,1,Simbad
sp,115580,296.452637,-15.034349,0.313509,19.658,17.328,16.72,16.514,M  ,dM3     ,5,1,Simbad
sp,116285,296.497864,-15.041821,0.350743,19.851,17.98,17.404,17.235,M  ,dM1.5   ,5,1,Simbad
sp,116546,296.528717,-15.04448,0.375663,19.881,17.686,17.12,16.767,M  ,dM3     ,5,1,Simbad
sp,116777,296.495544,-15.047131,0.352692,20.987,16.981,16.5,16.109,M  ,dM6 e   ,5,1,Simbad
sp,117100,296.4823,-15.051053,0.346036,19.661,17.559,16.898,16.763,M  ,dM2     ,5,1,Simbad
sp,117329,296.496918,-15.053953,0.358422,20.434,17.657,17.026,16.701,M  ,dM      ,5,1,Simbad
sp,91077,296.462097,-14.803963,0.221508,20.333,17.895,17.068,16.914,M  ,M4III   ,6,1,Simbad
sp,92451,296.466187,-14.814114,0.22585,19.842,18.116,17.566,17.281,M  ,dM0     ,5,1,Simbad
sp,92922,296.510345,-14.817943,0.270145,20.554,18.051,17.438,17.145,M  ,dM3     ,5,1,Simbad
sp,93248,296.496643,-14.820441,0.256618,19.105,17.409,16.751,16.619,M  ,dM0     ,6,1,Simbad
sp,93654,296.507416,-14.823716,0.267596,20.611,18.123,17.457,17.226,M  ,dM3     ,5,1,Simbad
sp,95374,296.536194,-14.837629,0.297576,19.641,17.766,17.043,16.905,M  ,dM1.5   ,5,1,Simbad
sp,96738,296.499664,-14.848536,0.262971,20.902,17.987,17.502,17.164,M  ,dM4.5 e ,5,1,Simbad
sp,97207,296.462311,-14.852363,0.227057,19.562,17.407,16.635,16.259,M  ,C5.5    ,5,1,Simbad
sp,97491,296.461395,-14.854693,0.226678,20.143,17.256,16.208,15.532,C  ,C6.5    ,6,1,Simbad
sp,98325,296.455383,-14.861692,0.222555,19.508,17.308,16.448,16.242,M  ,M2III   ,5,1,Simbad
sp,98962,296.528748,-14.866978,0.295082,20.061,18.105,17.34,17.134,M  ,M1III   ,5,1,Simbad
sp,99857,296.486786,-14.874781,0.256327,19.887,18.073,17.418,17.156,M  ,dM1.5   ,5,1,Simbad
sp,100796,296.479126,-14.883121,0.251496,19.599,17.21,16.401,16.127,M  ,C5.5    ,5,1,Simbad
sp,101126,296.470612,-14.886045,0.244408,20.072,17.665,16.743,16.467,C  ,M3III   ,6,1,Simbad
sp,101466,296.481201,-14.88875,0.25529,23.437,16.817,16.3,15.97,M  ,dM4     ,5,1,Simbad
sp,101959,296.5336,-14.892983,0.30639,20.14,17.884,17.038,16.83,M  ,M1III   ,5,1,Simbad
sp,102209,296.436218,-14.89513,0.216054,20.776,17.176,16.212,15.618,C  ,--      ,4,1,Simbad
sp,102560,296.47525,-14.898197,0.253074,19.993,17.13,16.153,15.481,C  ,C5.5    ,5,1,Simbad
sp,102893,296.510925,-14.901115,0.287443,20.503,17.675,17.083,16.767,M  ,dM3.5   ,6,1,Simbad
sp,104199,296.52948,-14.912703,0.308866,21.613,17.331,16.7,16.463,M  ,dM1.5   ,5,1,Simbad
sp,90330,296.251434,-14.798083,0.01209,20.545,17.625,16.616,16.058,C  ,C5.5    ,5,1,Simbad
sp,90637,296.261719,-14.800416,0.021343,21.369,17.985,17.126,16.916,M  ,M4III   ,5,2,Simbad
sp,90931,296.297028,-14.802626,0.056444,20.82,16.821,15.758,14.954,C  ,C6.5    ,6,1,Simbad
sp,91224,296.283051,-14.804906,0.042487,19.731,17.327,16.559,16.317,M  ,S0III   ,4,1,Simbad
sp,91556,296.256256,-14.807403,0.016162,20.364,17.424,16.327,15.554,C  ,C6.5    ,6,1,Simbad
sp,91964,296.244385,-14.810474,0.008002,21.079,16.872,15.96,15.476,C  ,C5.5    ,5,1,Simbad
sp,92305,296.244141,-14.813117,0.010318,20.921,17.32,16.187,15.349,C  ,C8.2    ,5,1,Simbad
sp,92600,296.259552,-14.815343,0.022394,20.168,17.428,16.335,15.717,C  ,C6.5    ,5,1,Simbad
sp,92860,296.254303,-14.817538,0.019675,20.773,18.297,17.377,16.608,C  ,S0III   ,5,1,Simbad
sp,93164,296.268646,-14.819822,0.032494,20.124,17.718,16.939,16.7,M  ,M2III   ,5,1,Simbad
sp,93460,296.259796,-14.82215,0.02682,19.839,17.409,16.47,16.006,C  ,C5.5    ,5,1,Simbad
sp,93748,296.264984,-14.824442,0.032196,20.889,18.374,17.308,17.061,C  ,M0III   ,4,1,Simbad
sp,94448,296.265381,-14.830131,0.036436,20.106,17.761,17.026,16.76,M  ,M1III   ,5,1,Simbad
sp,94780,296.259155,-14.832942,0.034866,19.663,17.482,16.728,16.51,Mca,C5.5    ,6,1,Simbad
sp,95344,296.257324,-14.837327,0.037803,20.378,18.011,17.107,16.687,Cca,C5.5    ,6,1,Simbad
sp,95636,296.284698,-14.839629,0.057061,20.585,17.812,16.939,16.84,Mca,M1III   ,5,1,Simbad
sp,96024,296.257874,-14.842669,0.042877,20.334,17.395,16.265,15.595,Cca,C6.5    ,6,1,Simbad
sp,96296,296.244781,-14.845008,0.041789,20.156,17.719,16.678,16.005,C  ,C5.5    ,5,1,Simbad
sp,96667,296.262543,-14.847853,0.049552,21.242,17.049,16.052,15.442,Cca,C5.5    ,4,1,Simbad
sp,96968,296.337067,-14.850516,0.107354,19.09,16.924,16.08,15.693,C  ,C5.5    ,6,2,Simbad
sp,97389,296.275482,-14.853798,0.061273,20.071,17.352,16.271,15.605,C  ,C6.5    ,5,1,Simbad
sp,97697,296.25116,-14.856455,0.054069,20.846,17.765,16.971,16.703,M  ,M       ,4,1,Simbad
sp,97991,296.278717,-14.858888,0.0673,19.844,16.683,15.688,15.117,C  ,C5.5    ,6,1,Simbad
sp,98249,296.261169,-14.861171,0.061299,20.811,18.091,17.198,16.647,C  ,C5.5    ,6,1,Simbad
sp,98545,296.281311,-14.863727,0.07276,20.309,18.471,17.403,17.179,C  ,M0.5III ,5,1,Simbad
sp,98847,296.313477,-14.866092,0.09612,20.018,18.075,17.598,17.16,M  ,--      ,4,1,Simbad
sp,99137,296.309265,-14.868592,0.09467,19.455,17.326,16.568,16.129,C  ,C5.5    ,6,1,Simbad
sp,99721,296.332581,-14.873631,0.115718,19.819,18.135,17.38,17.125,M  ,--      ,4,1,Simbad
sp,100035,296.289734,-14.876258,0.087858,20.12,17.404,16.537,15.991,C  ,C5.5    ,5,2,Simbad
sp,100453,296.277252,-14.880092,0.084978,19.755,17.638,16.734,16.552,M  ,M1III   ,5,1,Simbad
sp,100706,296.262299,-14.882443,0.081941,19.28,16.354,15.396,14.905,C  ,C5.5    ,6,1,Simbad
sp,100979,296.294189,-14.884681,0.097338,20.325,16.906,15.826,15.156,C  ,C6.5    ,6,1,Simbad
sp,101729,296.311371,-14.891082,0.112663,20.479,18.094,17.327,17.085,M  ,--      ,4,1,Simbad
sp,102279,296.244232,-14.895714,0.092356,19.118,17.515,16.678,16.557,M  ,--      ,4,1,Simbad
sp,102581,296.263153,-14.89839,0.097604,20.287,18.173,17.307,17.075,M  ,C5.5    ,6,1,Simbad
sp,103184,296.328705,-14.9036,0.13341,20.209,17.888,16.952,16.837,M  ,M2III   ,5,1,Simbad
sp,103500,296.251007,-14.906404,0.1035,21.548,17.965,17.086,16.77,C  ,C5.5    ,5,1,Simbad
sp,103941,296.266968,-14.910404,0.110179,21.533,17.84,16.579,15.701,C  ,C8.2    ,5,1,Simbad
sp,107639,296.340912,-14.947414,0.175488,19.853,17.775,16.908,16.764,M  ,M1III   ,5,1,Simbad
sp,107895,296.306091,-14.950318,0.160831,19.69,17.745,16.944,16.937,M  ,M1III   ,5,1,Simbad
sp,108813,296.345795,-14.960103,0.188718,19.234,16.906,16.073,15.723,C  ,C5.5    ,5,1,Simbad
sp,109046,296.286987,-14.962574,0.16577,20.207,17.446,16.297,15.629,C  ,C6.5    ,6,1,Simbad
sp,109316,296.289246,-14.965583,0.169296,18.844,17.313,16.713,16.45,M  ,C       ,4,1,Simbad
sp,109686,296.309082,-14.969496,0.179636,20.771,18.226,17.768,17.287,M  ,dM3.5   ,5,1,Simbad
sp,110010,296.311035,-14.973057,0.183674,20.228,17.364,16.349,15.704,C  ,C6.5    ,5,1,Simbad
sp,111073,296.359039,-14.984733,0.216567,19.334,17.425,16.754,16.575,M  ,dM1.5   ,6,1,Simbad
sp,111423,296.281311,-14.988668,0.189661,19.22,17.16,16.346,16.07,M  ,C5.5    ,6,1,Simbad
sp,111671,296.32428,-14.991217,0.205592,20.466,18.02,17.453,17.201,M  ,dM3     ,6,1,Simbad
sp,111889,296.334747,-14.99367,0.212266,21.401,17.319,16.239,15.529,C  ,C6.5    ,6,1,Simbad
sp,112261,296.325409,-14.997616,0.211902,19.962,17.49,16.614,16.124,C  ,C5.5    ,5,1,Simbad
sp,112435,296.286377,-14.99973,0.20157,19.476,17.827,17.274,17.038,M  ,dM0     ,5,1,Simbad
sp,112686,296.303833,-15.00228,0.208665,19.381,17.512,16.745,16.488,M  ,M0III   ,4,1,Simbad
sp,112903,296.305145,-15.004685,0.211355,20.028,18.013,17.666,17.264,M  ,dM1.5   ,5,1,Simbad
sp,113115,296.318451,-15.007016,0.217967,21.764,18.252,17.611,17.427,M  ,M5III   ,5,1,Simbad
sp,113364,296.260254,-15.00941,0.206917,20.194,17.864,17.292,17.027,M  ,dM3     ,5,1,Simbad
sp,113623,296.352936,-15.012109,0.236999,20.737,18.009,17.535,17.204,M  ,dM3.5   ,5,1,Simbad
sp,113878,296.250244,-15.015092,0.211882,22.244,18.436,17.14,15.842,C  ,C8.2    ,5,1,Simbad
sp,114236,296.329254,-15.018955,0.23305,19.013,17.125,16.488,16.326,M  ,dM1.5   ,6,1,Simbad
sp,114897,296.335785,-15.026363,0.242408,18.65,17.007,16.337,16.189,M  ,dM1.5   ,6,1,Simbad
sp,115382,296.281281,-15.032146,0.232308,20.944,17.265,16.706,16.274,M  ,dM4.5   ,5,1,Simbad
sp,115893,296.276825,-15.037701,0.237057,20.411,18.149,17.518,17.245,M  ,dM3     ,5,1,Simbad
sp,116640,296.297333,-15.04544,0.248574,21.073,17.954,17.349,17.134,M  ,dM4     ,5,1,Simbad
sp,117022,296.25589,-15.049867,0.246912,19.396,18.195,17.664,17.39,M  ,dK7     ,5,1,Simbad
sp,117340,296.259125,-15.054071,0.251326,21.035,18.17,17.559,17.261,M  ,dM      ,5,1,Simbad
sp,117545,296.255951,-15.05637,0.253406,20.322,17.074,16.496,16.19,M  ,dM4.5   ,6,1,Simbad
sp,108786,296.208069,-14.959845,0.15976,20.334,18.136,17.238,17.009,M  ,M       ,4,1,Simbad
sp,111185,296.230438,-14.986133,0.182985,20.142,18.298,17.577,17.414,M  ,M       ,4,1,Simbad
sp,111623,296.216919,-14.990644,0.188705,20.257,17.631,16.691,16.218,C  ,C5.5    ,6,1,Simbad
sp,112118,296.194397,-14.995967,0.198001,19.78,17.771,17.163,16.854,M  ,dM3     ,5,1,Simbad
sp,112577,296.217194,-15.001184,0.199134,20.855,18.346,17.578,17.201,M  ,dM4.5   ,5,1,Simbad
sp,113378,296.196259,-15.009543,0.210827,21.177,18.098,17.5,17.103,M  ,dM      ,4,1,Simbad
sp,113721,296.211914,-15.013387,0.211907,18.965,16.706,16.173,15.871,M  ,dM3     ,6,1,Simbad
sp,90920,296.219086,-14.802538,0.021522,20.155,17.309,16.477,15.994,C  ,C5.5    ,5,1,Simbad
sp,92178,296.224152,-14.812045,0.018559,21.067,17.551,16.689,16.48,M  ,M4III   ,4,1,Simbad
sp,94985,296.215454,-14.834577,0.040025,19.666,17.326,16.508,16.257,M  ,S       ,4,1,Simbad
sp,95289,296.16803,-14.836925,0.079918,21.08,18.081,16.862,15.934,C  ,C6.5    ,6,1,Simbad
sp,95602,296.22171,-14.839417,0.040639,20.663,17.929,17,16.501,C  ,C5.5    ,5,1,Simbad
sp,96812,296.204712,-14.849141,0.05811,20.326,17.306,16.262,15.565,C  ,C6.5    ,6,1,Simbad
sp,97422,296.187256,-14.854028,0.073517,20.617,18.166,17.224,16.937,C  ,C5.5    ,6,1,Simbad
sp,97682,296.205139,-14.856238,0.063604,19.475,17.242,16.469,16.279,M  ,M0III   ,5,1,Simbad
sp,97984,296.185944,-14.858833,0.077819,20.109,17.79,16.917,16.746,M  ,M2III   ,5,1,Simbad
sp,99216,296.223785,-14.869195,0.067879,19.977,17.82,17.072,16.915,M  ,M0.5III ,5,1,Simbad
sp,100106,296.227081,-14.876891,0.074693,20.122,17.543,16.457,15.858,C  ,C5.5    ,5,1,Simbad
sp,100585,296.226807,-14.881382,0.079162,21.294,17.365,16.369,15.908,C  ,C       ,4,1,Simbad
sp,101946,296.191498,-14.892875,0.102032,21.547,17.543,16.658,16.433,M  ,S       ,5,1,Simbad
sp,90134,295.976105,-14.796489,0.264576,20.471,18.25,17.411,17.052,C  ,M1III   ,5,1,Simbad
sp,90520,296.043884,-14.799508,0.196745,20.468,17.434,16.746,16.545,M  ,dM3.5   ,5,2,Simbad
sp,90866,295.962311,-14.802186,0.278282,21.05,17.69,17.183,16.897,M  ,dM3.5   ,5,1,Simbad
sp,91427,295.960724,-14.806342,0.279881,22.188,17.602,17.019,16.665,M  ,dM6 e   ,6,1,Simbad
sp,92657,296.035767,-14.815892,0.205202,22.154,17.822,16.895,16.774,M  ,M1III   ,5,1,Simbad
sp,93057,295.963165,-14.819047,0.277864,20.283,17.948,17.251,17.002,M  ,dM2     ,5,1,Simbad
sp,94035,295.977814,-14.826708,0.263805,19.779,17.06,16.466,16.2,M  ,dM3     ,5,1,Simbad
sp,94682,296.026215,-14.832167,0.216293,19.749,17.658,16.99,16.899,M  ,dM1.5   ,5,1,Simbad
sp,95365,296.029327,-14.837542,0.213999,20.596,18.035,17.423,17.198,M  ,dM3.5   ,4,1,Simbad
sp,95693,295.994385,-14.840031,0.248911,19.86,18.069,17.356,17.191,M  ,--      ,4,1,Simbad
sp,96052,295.974335,-14.842854,0.269158,22.364,17.51,16.839,16.574,M  ,dM      ,4,1,Simbad
sp,96411,296.010468,-14.845939,0.234015,21.302,18.142,17.684,17.415,M  ,dM      ,4,1,Simbad
sp,97334,295.98175,-14.853352,0.26361,19.852,17.882,17.04,16.8,M  ,M0III   ,5,1,Simbad
sp,97603,296.020447,-14.855683,0.22626,20.116,18.329,17.354,17.394,M  ,M0III   ,5,1,Simbad
sp,97963,296.024811,-14.858717,0.222749,21.788,17.193,16.613,16.227,M  ,dM6 e   ,6,1,Simbad
sp,98915,296.051331,-14.866667,0.199544,20.285,17.404,16.456,15.876,C  ,C5.5    ,5,1,Simbad
sp,99484,295.942688,-14.871535,0.305588,22.236,17.194,16.398,16.158,M  ,M3III   ,5,1,Simbad
sp,100070,296.023621,-14.876556,0.228961,19.508,17.214,16.658,16.33,M  ,dM2     ,5,1,Simbad
sp,100499,296.000641,-14.880625,0.252061,20.357,17.727,17.24,16.872,M  ,dM3.5   ,4,1,Simbad
sp,100778,296.049103,-14.882938,0.207338,20.125,18.103,17.283,17.111,M  ,M0III   ,5,1,Simbad
sp,101968,296.041718,-14.893066,0.218139,21.246,17.482,16.884,16.529,M  ,dM4     ,5,1,Simbad
sp,102751,296.048126,-14.899792,0.21524,19.983,17.296,16.481,15.876,C  ,C5.5    ,6,1,Simbad
sp,103070,296.028839,-14.902554,0.233804,22.678,17.35,16.164,15.263,C  ,C8.2    ,5,1,Simbad
sp,103381,296.044067,-14.905341,0.221376,20.697,18.504,17.75,17.381,M  ,C5.5    ,6,1,Simbad
sp,107815,296.027344,-14.949381,0.25841,21.766,18.017,17.425,17.123,M  ,dM      ,4,1,Simbad
sp,110171,296.003693,-14.974893,0.292438,20.379,18.392,17.56,17.21,C  ,C5.5    ,5,1,Simbad
sp,110632,296.050873,-14.979843,0.259064,20.933,17.588,16.88,16.654,M  ,dM4.5   ,5,1,Simbad
sp,111079,296.02536,-14.984833,0.28148,21.15,18.051,17.614,17.256,M  ,dM4.5   ,4,1,Simbad
sp,111590,295.993561,-14.990264,0.309726,19.735,17.874,16.702,15.84,C  ,C6.5    ,5,1,Simbad
sp,112033,296.017761,-14.995077,0.293907,19.866,17.849,17.05,16.936,M  ,M1III   ,5,1,Simbad
sp,113019,296.045563,-15.00578,0.281036,19.959,17.29,16.687,16.406,M  ,dM3.5   ,6,1,Simbad
sp,113319,296.036987,-15.009061,0.289376,20.085,17.369,16.648,16.493,M  ,dM3.5   ,6,1,Simbad
sp,113914,295.97934,-15.015457,0.336463,19.019,17.607,16.872,16.668,M  ,dM0     ,6,1,Simbad
sp,114276,295.993744,-15.019435,0.328011,19.883,17.743,17.091,16.938,M  ,dM3     ,6,1,Simbad
sp,114879,296.056305,-15.026172,0.289094,20.169,17.87,17.15,17.096,M  ,dM2     ,5,1,Simbad
sp,115433,296.041931,-15.032643,0.303322,20.7,17.826,17.19,16.948,M  ,dM4.5   ,5,1,Simbad
sp,115804,296.02005,-15.036669,0.320996,19.639,17.751,17.008,16.689,M  ,C8.2    ,5,1,Simbad
sp,115993,295.994659,-15.038876,0.340466,19.993,18.321,17.693,17.438,M  ,dM1.5   ,5,1,Simbad
sp,116596,296.021637,-15.045016,0.326044,19.021,17.04,16.282,16.056,M  ,C5.5    ,5,1,Simbad
sp,116999,295.979401,-15.049569,0.358893,20.682,17.948,17.226,17.089,M  ,dM4.5   ,4,1,Simbad
sp,117181,296.040497,-15.052125,0.319197,19.601,17.159,16.498,16.321,M  ,dM3     ,5,1,Simbad
sp,117434,296.040161,-15.055114,0.32174,20.201,18.43,17.362,17.348,M  ,M       ,4,1,Simbad
sp,55322,297.102814,-14.442153,0.934854,25.65,18.075,17.512,17.107,M  ,--      ,4,1,Simbad
sp,55631,297.181274,-14.445981,1.006308,19.449,18.53,18.264,17.292,C  ,--      ,4,1,Simbad
sp,56243,297.216156,-14.453639,1.036379,19.871,17.765,17.021,16.866,M  ,dM1.5   ,5,1,Simbad
sp,58261,297.155334,-14.481108,0.96987,18.856,18.038,17.259,17.179,M  ,--      ,4,1,Simbad
sp,59120,297.108337,-14.49365,0.921384,17.725,18.191,17.383,16.661,C  ,--      ,4,1,Simbad
sp,59314,297.158966,-14.496314,0.968367,20.093,17.297,16.756,16.449,M  ,dM3     ,5,1,Simbad
sp,59700,297.215637,-14.500302,1.021079,21.48,18.073,17.588,17.286,M  ,dM4     ,4,1,Simbad
sp,60058,297.179169,-14.503994,0.985186,19.245,17.677,16.981,16.811,M  ,dM1.5   ,5,1,Simbad
sp,61046,297.150513,-14.513336,0.955047,21.495,17.78,17.283,16.918,M  ,dM6 e   ,6,1,Simbad
sp,41793,297.161224,-14.292459,1.052928,19.643,17.802,17.075,17.045,M  ,dM1.5   ,5,1,Simbad
sp,42043,297.193909,-14.294868,1.080487,19.562,17.032,16.465,16.212,M  ,dM3     ,6,1,Simbad
sp,42791,297.160309,-14.302498,1.04729,19.652,18.161,17.466,17.205,M  ,dM0     ,5,1,Simbad
sp,43020,297.173523,-14.304831,1.057811,20.25,17.817,17.33,17.05,M  ,dM2     ,5,1,Simbad
sp,43232,297.193878,-14.307225,1.074699,19.726,17.774,17.121,16.909,M  ,dM1.5   ,5,1,Simbad
sp,43515,297.210724,-14.310122,1.088353,20.046,17.649,17.018,16.718,M  ,dM3     ,6,1,Simbad
sp,44628,297.173767,-14.321322,1.050356,21.117,18.275,17.793,17.289,M  ,dM5 e   ,4,1,Simbad
sp,44997,297.204651,-14.32515,1.076181,18.761,17.781,17.125,17.029,M  ,dK7     ,5,1,Simbad
sp,45410,297.171265,-14.329375,1.044454,20.78,17.739,17.068,16.905,M  ,dM4.5 e ,6,1,Simbad
sp,45954,297.149353,-14.33532,1.022241,17.687,17.041,16.773,15.965,M  ,K       ,4,1,Simbad
sp,46279,297.211639,-14.338922,1.076431,20.688,18.101,17.483,17.153,M  ,dM4.53  ,5,1,Simbad
sp,46592,297.161255,-14.3425,1.029602,18.9,16.41,15.743,15.544,M  ,dM3     ,6,1,Simbad
sp,47107,297.206085,-14.347786,1.06761,20.596,17.681,17.074,16.879,M  ,dM3     ,5,1,Simbad
sp,47505,297.139404,-14.352262,1.005693,20.581,18.128,17.665,17.304,M  ,dM3     ,5,1,Simbad
sp,48194,297.153961,-14.360078,1.015287,21.736,17.469,16.917,16.496,M  ,dM6 e   ,6,1,Simbad
sp,49612,297.211029,-14.376673,1.060129,21.67,17.19,16.61,16.226,M  ,dM6 e   ,6,1,Simbad
sp,49967,297.202271,-14.3802,1.050692,20.526,18.048,17.394,17.222,M  ,dM3     ,5,1,Simbad
sp,40802,296.948669,-14.282547,0.879031,19.164,17.247,16.617,16.438,M  ,dM1.5   ,5,1,Simbad
sp,41060,296.952179,-14.285142,0.88033,18.795,17.218,16.602,16.371,M  ,dM0     ,5,1,Simbad
sp,41596,296.991333,-14.290698,0.909125,20.862,17.848,17.314,16.943,M  ,dM3.5   ,5,1,Simbad
sp,42248,297.019135,-14.296878,0.928831,21.572,18.136,17.52,17.298,M  ,dM3.5   ,4,1,Simbad
sp,42535,296.964722,-14.299945,0.881966,19.808,16.726,16.204,15.882,M  ,dM3     ,5,1,Simbad
sp,42901,296.923645,-14.303656,0.846367,19.951,17.635,17.044,16.813,M  ,dM1.5   ,5,1,Simbad
sp,43108,296.936279,-14.305859,0.855313,19.49,17.659,17.029,16.808,M  ,dM1.5   ,5,1,Simbad
sp,43348,296.930145,-14.308464,0.848809,20.577,17.777,17.44,16.951,M  ,dM3     ,5,1,Simbad
sp,43605,297.024963,-14.310925,0.926176,19.963,17.856,17.26,16.923,M  ,dM1.5   ,5,1,Simbad
sp,43915,296.970581,-14.314083,0.878833,20.087,18.075,17.436,17.237,M  ,dM1.5   ,5,1,Simbad
sp,44174,296.938538,-14.317039,0.85071,20.701,17.72,17.069,16.846,M  ,dM3.5   ,5,1,Simbad
sp,45366,297.027313,-14.32887,0.918771,21.988,18.067,17.623,17.274,M  ,dM      ,4,1,Simbad
sp,45624,296.957794,-14.331817,0.858371,20.741,17.547,17.1,16.708,M  ,dM3.5   ,5,1,Simbad
sp,45931,296.995422,-14.335114,0.888308,20.621,17.862,17.323,17.01,M  ,dM3.5   ,5,1,Simbad
sp,46352,296.97406,-14.339691,0.867774,21.622,18.259,17.784,17.415,M  ,dM      ,5,1,Simbad
sp,46864,297.011963,-14.3455,0.89706,19.885,18.038,17.354,16.989,M  ,dM0     ,5,1,Simbad
sp,47209,297.013916,-14.348797,0.897064,20.879,18.201,17.552,16.944,C  ,--      ,4,1,Simbad
sp,47435,296.996124,-14.351164,0.880554,20.997,18.032,17.527,17.282,M  ,dM3     ,4,1,Simbad
sp,48481,296.95752,-14.363795,0.840992,22.152,18.022,17.281,17.01,M  ,dM      ,5,1,Simbad
sp,48886,296.964783,-14.368781,0.844615,19.889,17.611,17,16.747,M  ,dM1.5   ,5,1,Simbad
sp,49384,296.942719,-14.373831,0.823128,21.102,17.839,17.114,16.891,M  ,dM4     ,5,1,Simbad
sp,49732,296.930756,-14.377884,0.810813,21.521,17.241,16.724,16.363,M  ,dM4.5 e ,6,1,Simbad
sp,50075,296.938354,-14.381606,0.815359,20.596,17.528,16.902,16.637,M  ,dM3     ,5,1,Simbad
sp,50524,296.981598,-14.386964,0.850021,21.985,18.128,17.547,17.365,M  ,dM      ,5,1,Simbad
sp,51221,297.006256,-14.394895,0.867839,20.348,18.126,17.297,17.202,M  ,dM3     ,5,1,Simbad
sp,54857,297.025116,-14.436872,0.865936,20.694,17.775,17.192,16.831,M  ,dM3     ,6,1,Simbad
sp,55755,296.974823,-14.447328,0.816031,22.166,17.896,17.283,17.053,M  ,dM      ,4,1,Simbad
sp,56605,297.028107,-14.45823,0.859852,19.843,17.57,17.079,16.704,M  ,dM1.5   ,6,1,Simbad
sp,57180,296.975769,-14.466044,0.808899,18.471,18.236,17.514,17.185,M  ,--      ,4,1,Simbad
sp,57342,297.018646,-14.468082,0.847248,19.104,16.712,16.068,15.835,M  ,dM2     ,5,1,Simbad
sp,57732,296.954742,-14.47366,0.786614,22.591,18.343,17.804,17.385,M  ,K       ,4,1,Simbad
sp,57978,297.014343,-14.477056,0.83977,21.46,18.167,17.555,17.215,M  ,dM      ,4,1,Simbad
sp,58422,296.968933,-14.48323,0.79562,20.872,17.727,17.076,16.816,M  ,dM      ,4,1,Simbad
sp,59131,297.023346,-14.493817,0.841764,21.156,18.165,17.555,17.168,M  ,dM      ,4,1,Simbad
sp,60052,297.016083,-14.503956,0.831309,21.259,18.178,17.632,17.433,M  ,dM      ,4,1,Simbad
sp,60786,297.018768,-14.510902,0.831344,20.503,18.148,17.651,17.346,M  ,dM3     ,5,1,Simbad
sp,61414,296.937805,-14.516788,0.753838,19.436,17.791,17.1,16.94,M  ,dM0     ,5,1,Simbad
sp,61782,297.006958,-14.520561,0.816906,20.277,17.413,16.788,16.564,M  ,dM3     ,5,1,Simbad
sp,62104,297.020477,-14.523369,0.828648,20.379,18.044,17.363,17.141,M  ,dM3     ,5,1,Simbad
sp,62393,296.953674,-14.526256,0.765058,20.05,18.052,17.447,17.269,M  ,dM1.5   ,5,1,Simbad
sp,62691,296.932526,-14.52895,0.744389,18.61,16.632,15.979,15.793,M  ,dM1.5   ,6,1,Simbad
sp,63105,297.018127,-14.533105,0.823188,18.94,17.651,17.046,16.895,M  ,dK7     ,5,1,Simbad
sp,63424,296.975586,-14.536401,0.782,20.393,17.165,16.641,16.351,M  ,dM4.5   ,5,1,Simbad
sp,63663,296.964935,-14.538761,0.771184,18.523,16.722,16.023,15.882,M  ,dM1.5   ,6,1,Simbad
sp,136956,295.645844,-15.270988,0.756527,21.027,18.097,17.564,17.253,M  ,dM3.5   ,4,1,Simbad
sp,139836,295.638458,-15.305284,0.78385,18.308,17.652,16.911,16.703,M  ,dK      ,4,1,Simbad
sp,142268,295.612732,-15.336275,0.823486,18.072,17.83,17.128,16.957,M  ,dK      ,4,1,Simbad
sp,142730,295.644928,-15.342483,0.803363,17.846,17.427,16.796,16.615,M  ,dK      ,4,1,Simbad
sp,143023,295.591583,-15.346883,0.846494,18.352,16.991,16.276,15.991,M  ,dK      ,4,1,Simbad
sp,143950,295.618652,-15.359362,0.834187,21.326,17.498,16.892,16.726,M  ,dK      ,4,1,Simbad
sp,144255,295.584229,-15.363297,0.862706,18.206,17.197,16.553,16.344,M  ,dK      ,4,1,Simbad
sp,128247,295.622314,-15.17592,0.721813,20.969,18.314,17.515,17.276,M  ,M       ,4,1,Simbad
sp,129250,295.683594,-15.186219,0.675849,21.99,18.208,17.596,17.426,M  ,dM      ,4,1,Simbad
sp,126166,295.689667,-15.155052,0.653571,24.553,17.736,16.787,16.428,C  ,--      ,4,1,Simbad
sp,131608,295.688568,-15.211617,0.686546,20.194,17.775,17.153,16.833,M  ,dM0     ,4,1,Simbad
sp,123364,295.460785,-15.123086,0.842779,20.475,18.389,17.712,17.401,M  ,dM      ,5,1,Simbad
sp,124511,295.456573,-15.136149,0.851695,18.275,17.643,16.952,16.724,M  ,dM0     ,5,1,Simbad
sp,125420,295.464996,-15.146566,0.848109,19.33,17.472,16.739,16.559,M  ,dM0     ,5,1,Simbad
sp,130615,295.434204,-15.201089,0.899106,19.391,16.736,16.063,15.827,M  ,--      ,4,1,Simbad
sp,131365,295.503571,-15.209061,0.841269,18.599,18.138,17.388,17.182,M  ,dM0     ,5,1,Simbad
sp,137212,295.485199,-15.273877,0.889908,19.066,17.789,16.997,16.8,M  ,K7III   ,4,1,Simbad
sp,139197,295.416962,-15.29779,0.960602,21.676,18.304,17.561,17.378,M  ,dM      ,4,1,Simbad
