Id-main,Ra(J2000) deg,Dec(J2000) deg,J,Ks,Types,J-Ks,Log(M/Ms),M/Ms,Log(t),t,Log(dt),dt
10870.0,296.17892,-14.82286,17.32,16.12,S,1.1999999999999993,0.18584999999999993,1.5340870363948567,9.2183032,1653115507.7973373,5.829275513503751,674956.0795125968
10784.0,296.21545,-14.83469,17.25,16.13,S,1.120000000000001,0.18540000000000004,1.5324982949611667,9.219476799999999,1657588786.13359,5.82646609769029,670603.9353354962
11004.0,296.27341,-14.80861,17.400000000000002,16.2,S,1.2000000000000028,0.1745,1.4945140423664582,9.247904,1769717722.2159884,5.754160259355307,567754.0741446037
11029.0,296.28308,-14.80497,17.26,16.15,S,1.110000000000003,0.18450000000000003,1.5293257464187788,9.221824,1666571689.2101848,5.8208023012006285,661915.1192282644
12050.0,296.25427,-14.81764,17.970000000000002,16.63,S,1.3400000000000034,0.12204000000000004,1.324463517175135,9.38915688,2449948075.6604595,5.354303953283631,226101.76537848928
30528.0,296.19156,-14.89296,17.560000000000002,16.44,S,1.120000000000001,0.1452199999999998,1.3970758967824897,9.32426624,2109921220.183921,5.532524672109906,340819.6860915154
10326.0,296.25522,-14.82579,16.62,15.45,S,1.1700000000000017,0.2969999999999997,1.981527025805097,8.928424,848054962.8439521,5.863208439873501,729807.6978141746
10293.0,296.29922,-14.8365,17.67,14.37382,LAV,1.3490000000000002,0.5965031799999998,3.9491459099014006,8.190444820300002,155040378.6246306,4.957711347050077,90721.73495706082
10310.0,296.19168,-14.82965,18.12,15.155019999999999,LAV,1.3490000000000002,0.39842292000000024,2.5027814071610224,8.668808648199999,466453813.7070297,5.20500017869554,160324.60503642305
10371.0,296.28415,-14.81194,17.13,14.661819999999999,LAV,1.3490000000000002,0.55301518,3.572853262140457,8.2954683403,197455093.10715753,5.055326245926374,113586.37663517776
10501.0,296.23456,-14.7733,17.8,15.01442,LAV,1.3490000000000002,0.44819531999999995,2.8066956400237797,8.5486083022,353678208.61837685,5.0617022654246195,115266.27683288898
10968.0,296.20154,-14.81282,18.98,15.159419999999999,LAV,1.3490000000000002,0.3968653200000003,2.4938212427226802,8.6725702522,470511510.29734886,5.212320885663387,163050.03098155276
11391.0,296.18323,-14.76308,18.19,15.33542,LAV,1.3490000000000002,0.3365300999999996,2.1703516206763296,8.8253294992,668851182.4694266,5.598936696510348,397133.6583844947
11401.0,296.27222,-14.76143,17.89,15.173419999999998,LAV,1.3490000000000002,0.39190932000000034,2.465524485878303,8.6845389922,483658686.6121297,5.236714549950321,172470.39179971366
11403.0,296.22778,-14.76111,18.150000000000002,15.847419999999998,LAV,1.3490000000000002,0.19811610000000004,1.5780330691013895,9.1863132112,1535724140.7602046,5.899556613161115,793517.6903200507
11991.0,296.27774,-14.82287,18.26,15.736619999999998,LAV,1.3490000000000002,0.20310210000000004,1.596254372854926,9.1733097232,1490423615.2859528,5.9242950508456,840030.4923484549
12070.0,296.24905,-14.81619,17.29,15.89822,LAV,1.3490000000000002,0.19583009999999998,1.5697485840978356,9.1922750992,1556951553.6399794,5.887436762291804,771679.1430463154
12660.0,296.25348,-14.76936,18.18,14.95282,LAV,1.3490000000000002,0.47000171999999996,2.95122091479537,8.4959458462,313289504.75812644,5.047744026013548,111620.51604346004
12711.0,296.24728,-14.76419,18.740000000000002,16.47882,LAV,1.3490000000000002,0.14048396000000007,1.381923365740645,9.33661783232,2170790100.151885,5.494932268903378,312559.1872387598
13390.0,296.24246,-14.82114,19.79,16.03842,LAV,1.3490000000000002,0.18952110000000003,1.5471096677419935,9.2087289712,1617070562.5137916,5.851615612487809,710584.3077636516
14105.0,296.17993,-14.75767,19.03,15.23702,LAV,1.3490000000000002,0.36939491999999996,2.3409649969530326,8.739618048639999,549057778.5849073,5.367240876519456,232938.2865288615
20438.0,296.27051,-14.73481,19.19,15.314219999999997,LAV,1.3490000000000002,0.34384410000000054,2.207212261147072,8.806254587199998,640109963.5444388,5.545787397572051,351388.3814422195
20608.0,296.18378,-14.68249,19.37,15.218219999999997,LAV,1.3490000000000002,0.3760501200000008,2.3771146030492596,8.722838960199999,528249336.4570125,5.325228220326007,211459.99632638122
20614.0,296.2677,-14.68061,19.400000000000002,15.53802,LAV,1.3490000000000002,0.2666330999999995,1.8477069824342054,9.0076208752,1017702579.2777607,5.993070351509774,984170.518963782
21316.0,296.17764,-14.6424,18.43,16.07222,LAV,1.3490000000000002,0.18800009999999992,1.541700807939248,9.212695739199999,1631908254.612531,5.842487040564955,695804.1914532279
30767.0,296.26511,-14.96155,17.87,16.32642,LAV,1.3490000000000002,0.15907676000000004,1.4423702627940709,9.288127809919999,1941457151.1974554,5.6408263951659166,437347.24506596825
30924.0,296.21112,-14.91074,19.26,15.522219999999999,LAV,1.3490000000000002,0.27208409999999983,1.8710444281872487,8.9934046672,984928415.5804205,5.97659830459208,947541.6407244815
30961.0,296.30179,-14.90356,19.55,15.01182,LAV,1.3490000000000002,0.44911571999999955,2.8126501756769615,8.5463855362,351872669.81258106,5.060615373039396,114978.1649522097
40030.0,296.18011,-14.75091,16.82,15.74,LAV,1.08,0.20294999999999994,1.59569542543608,9.1737064,1491785563.4121563,5.9235758981361375,838640.6282595346
40275.0,296.22681,-14.75065,16.93,14.83442,LAV,1.3490000000000002,0.51191532,3.250239170988292,8.3947245022,248155841.16237494,5.060518102879133,114952.41585190714
40327.0,296.23346,-14.74996,17.51,16.45,LAV,1.0600000000000023,0.14400000000000002,1.3931568029453032,9.327447999999999,2125435842.1429305,5.522851495595248,333312.419083244
40419.0,296.24622,-14.86655,17.78,15.449819999999997,LAV,1.3490000000000002,0.2970621000000002,1.9818103856716058,8.928262043199998,847738765.7311591,5.862857901266645,729218.8748660387
40493.0,296.26105,-14.73764,18.09,14.76622,LAV,1.3490000000000002,0.5372507799999997,3.445488303967922,8.333539366300002,215545701.45078486,5.064269737863704,115949.72898135505
40538.0,296.2731,-14.75146,17.11,15.89,LAV,1.2199999999999989,0.19619999999999996,1.5710861496739585,9.191310399999999,1553496932.343491,5.8894299792363585,775228.9440766723
12557.0,296.18398,-14.78018,18.03,17.05,O,0.9800000000000004,0.035399999999999654,1.0849257074936363,9.6644988,4618477157.610877,4.927389704704369,84603.76781514405
11226.0,296.25229,-14.78475,17.29,16.009999999999998,O,1.2800000000000011,0.19080000000000005,1.5516722739072342,9.205393599999999,1604699066.5995612,5.859147383849816,723015.1271740068
20331.0,296.20415,-14.63486,16.38,15.39,O,0.9899999999999984,0.3176999999999994,2.0782605795978566,8.8744384,748925124.0051254,5.732729502159624,540417.6220675672
10184.0,296.22364,-14.77473,16.240000000000002,15.06,O,1.1800000000000015,0.43205999999999944,2.704331955568306,8.587575100000002,386878949.5588375,5.089291251305527,122826.26659319416
30133.0,296.21816,-14.88035,16.1,15.02,O,1.0800000000000018,0.44621999999999984,2.793958814958273,8.5533787,357584511.996092,5.064202761490851,115931.84873232692
20134.0,296.21322,-14.68097,16.150000000000002,15.0,O,1.1500000000000021,0.4532999999999996,2.8398800706985785,8.536280500000002,343779915.10404766,5.0562807086971935,113836.28353481412
40363.0,296.23649,-14.85697,18.98,15.72522,C,1.3490000000000002,0.20361509999999997,1.5981410243281744,9.1719718192,1485839224.9979994,5.926703735788982,844702.4149198653
10198.0,296.25088,-14.76786,15.3,14.12,O,1.1800000000000015,0.6625199999999998,4.597481602285773,8.0507096,112385323.49203332,4.587773769381997,38705.596904182414
30292.0,296.18801,-14.87231,15.680000000000001,14.61,O,1.070000000000002,0.56084,3.637809895670437,8.2765714,189047700.870995,5.046333447065033,111258.56318205205
10091.0,296.26702,-14.76311,15.260000000000002,14.11,O,1.1500000000000021,0.6659599999999997,4.634042366631949,8.0437608,110601444.73712686,4.561717004198909,36451.63426834205
20004.0,296.21293,-14.73224,13.520000000000001,12.5,O,1.0200000000000014,1.3732999999999995,23.62109357083569,6.921722200000001,8350686.888720857,3.4761833302114513,2993.528038132034
10817.0,296.23639,-14.83054,17.5,15.901219999999999,LPV,1.3490000000000002,0.19569510000000004,1.5692607051720178,9.192627179199999,1558214276.9432464,5.88670626162593,770382.238932054
12751.0,296.21027,-14.75973,17.69,16.17402,LPV,1.3490000000000002,0.18341910000000003,1.5255241950120872,9.2246429872,1677424520.4194586,5.813922176768463,651511.6362245624
11032.0,296.18048,-14.80431,18.0,15.57322,LPV,1.3490000000000002,0.2544890999999998,1.796755984306941,9.0392924272,1094693217.2706482,6.017490870752552,1041096.2226459202
10748.0,296.17438,-14.83893,18.38,15.663419999999999,LPV,1.3490000000000002,0.2233700999999999,1.672515302542428,9.120450779199999,1319625743.341953,5.998216238061464,995901.1596220741
12208.0,296.23352,-14.80653,17.67,15.257019999999997,LPV,1.3490000000000002,0.36357810000000024,2.309819800845946,8.754788315199999,568575726.823091,5.40611428993297,254750.05704789984
21419.0,296.27563,-14.74923,19.73,15.78522,LPV,1.3490000000000002,0.20091509999999993,1.5882362347809234,9.1790134192,1510126814.6250134,5.913737090830272,819855.0778007631
13364.0,296.19489,-14.82267,17.900000000000002,15.500819999999997,LPV,1.3490000000000002,0.2794671000000002,1.9031240608578146,8.9741498032,942214542.8877834,5.9491894221502655,889589.0369597275
20239.0,296.22632,-14.72554,17.84,15.24762,LPV,1.3490000000000002,0.3668210999999997,2.3271324387734253,8.7463305712,557610022.5221865,5.384267654262738,242252.1578859787
20558.0,296.19647,-14.70265,18.01,14.70002,LPV,1.3490000000000002,0.5472469799999997,3.5257131869331317,8.3093985433,203891228.81934467,5.059918636987246,114793.85405056429
20840.0,296.30347,-14.74166,18.5,15.43842,LPV,1.3490000000000002,0.3009950999999993,1.9998393059845978,8.9180047792,827951274.8641584,5.840081910860014,691961.4671986197
12466.0,296.17462,-14.78854,18.220000000000002,15.61382,LPV,1.3490000000000002,0.24048209999999948,1.7397309913327825,9.0758226832,1190755738.652814,6.023534468633899,1055685.2864257134
40114.0,296.19916,-14.8616,20.01,16.258419999999997,LPV,1.3490000000000002,0.16737276000000023,1.4701876153687892,9.266491841919999,1847106097.2989445,5.703098483502789,504775.75088966166
11059.0,296.21259,-14.80142,18.18,15.297819999999998,LPV,1.3490000000000002,0.34950210000000004,2.2361560114693244,8.7914985232,618726223.597327,5.504904039061562,319818.83655849943
11296.0,296.21729,-14.77647,18.17,15.287819999999998,LPV,1.3490000000000002,0.3529521,2.253990597195704,8.782500923199999,606039488.8120527,5.480218284652816,302146.9987001182
30928.0,296.22229,-14.90997,18.75,15.757420000000002,LPV,1.3490000000000002,0.20216609999999988,1.5928177986851881,9.1757508112,1498824595.5297947,5.9198334528976755,831444.8601030657
13106.0,296.24048,-14.84939,18.900000000000002,15.25882,LPV,1.3490000000000002,0.3629570999999996,2.3065193374094277,8.7564078832,570700013.9963773,5.410344318618507,257243.4459502356
11305.0,296.17957,-14.77527,17.82,14.965419999999998,LPV,1.3490000000000002,0.46554132000000026,2.9210656653998512,8.5067177122,321157236.4748519,5.048795570410539,111891.1069556137
30920.0,296.24246,-14.91158,18.75,15.177819999999999,LPV,1.3490000000000002,0.3903517200000004,2.4566977042996085,8.6883005962,487866048.94013065,5.244719505734871,175678.8604618601
11140.0,296.22876,-14.79337,18.55,15.35042,LPV,1.3490000000000002,0.3313550999999997,2.144643447770637,8.8388258992,689963154.6470906,5.636407434928067,432919.78583326965
20439.0,296.2464,-14.73473,18.95,14.97762,LPV,1.3490000000000002,0.46122251999999975,2.892161363088125,8.5171476142,328963424.6544927,5.050616506114545,112361.235538796
10753.0,296.24295,-14.83836,18.2,15.414420000000002,LPV,1.3490000000000002,0.3092750999999989,2.0383328327660464,8.896410539200001,787790136.9758779,5.788774012758008,614856.8457087281
40520.0,296.26687,-14.74039,18.21,14.90002,LPV,1.3490000000000002,0.4886929200000001,3.081008666955159,8.4508065982,282362226.78430617,5.05033446007758,112288.28790970107
31168.0,296.23883,-14.87026,19.29,14.91742,LPV,1.3490000000000002,0.48253331999999993,3.037619135632495,8.4656820322,292201224.93137825,5.048480927436068,111810.07207695674
21671.0,296.26569,-14.72024,19.580000000000002,15.27642,LPV,1.3490000000000002,0.3568850999999995,2.274495594624763,8.7722436592,591893620.6098745,5.452401935119008,283401.3633211407
11174.0,296.21774,-14.78943,18.92,15.16842,LPV,1.3490000000000002,0.39367931999999994,2.4755934217675852,8.6802644422,478921619.25188875,5.227812624347976,168971.17509497394
20569.0,296.29114,-14.6977,19.04,15.302220000000002,LPV,1.3490000000000002,0.3479840999999988,2.228353565295015,8.795457467200002,624392197.1919069,5.515832611430875,327968.860884288
12445.0,296.21661,-14.79057,20.060000000000002,15.466619999999999,LPV,1.3490000000000002,0.29126609999999964,1.9555372814565624,8.9433780112,877764497.553999,5.894272618049213,783921.5765065692
21141.0,296.29965,-14.69757,17.96,14.870819999999998,LPV,1.3490000000000002,0.49902972000000023,3.1552205366540935,8.4258432262,266589614.2245368,5.054681676892978,113417.91960999607
21234.0,296.28125,-14.67393,19.96,15.256219999999999,LPV,1.3490000000000002,0.36385409999999974,2.311288189019663,8.7540685072,567634139.0318832,5.404238924746987,253652.37014349594
12147.0,296.28897,-14.81087,19.73,15.329819999999998,LPV,1.3490000000000002,0.3384621000000001,2.1800281422430148,8.820290843199999,661136056.7957352,5.58489723264866,384500.7866388454
11299.0,296.25732,-14.77645,18.86,14.956620000000001,LPV,1.3490000000000002,0.46865651999999924,2.942093835136641,8.499194504200002,315641794.8006592,5.047977870884548,111680.63403890937
13293.0,296.25696,-14.83051,20.1,15.43762,LPV,1.3490000000000002,0.30127109999999924,2.0011106347632195,8.9172849712,826580149.1277803,5.838442417423006,689354.1864783869
21029.0,296.19858,-14.71837,18.91,14.68922,LPV,1.3490000000000002,0.5488777799999998,3.538977324780701,8.305460161300001,202050607.84339577,5.058785498161436,114494.73022952299
40102.0,296.19682,-14.75119,19.490000000000002,14.662019999999998,LPV,1.3490000000000002,0.5529849800000002,3.572604821459043,8.2955412733,197488255.40183252,5.055354625190041,113593.79925551705
12177.0,296.28424,-14.80892,20.3,14.920020000000001,LPV,1.3490000000000002,0.48161291999999944,3.031188328274955,8.467904798200001,293700575.96365964,5.0482737269852045,111756.74058711092
10807.0,296.21631,-14.83196,20.17,14.67962,LPV,1.3490000000000002,0.5503273799999999,3.5508095560765223,8.301959377300001,200428454.3385731,5.057670476080456,114201.14969086571
40623.0,296.29793,-14.74687,20.2,14.97182,LPV,1.3490000000000002,0.46327571999999995,2.9058669131005996,8.5121891362,325228904.4497591,5.049646942226839,112110.6685034795
30268.0,296.25891,-14.88796,16.53,13.834281580533865,LPV,1.3490000000000002,0.7608071362963496,5.76510386870111,7.8521695846813735,71149128.47820435,3.729871884828043,5368.73397457409
20540.0,296.18011,-14.71067,17.68,16.315820000000002,C,1.3490000000000002,0.1603699599999997,1.446671614008718,9.28475514432,1926438478.9379125,5.650698425109945,447402.51914868294
40590.0,296.28567,-14.73952,17.810000000000002,16.26642,C,1.3490000000000002,0.16639675999999992,1.466887338634807,9.26903724992,1857963807.8767529,5.695914553767144,496494.6279013936
20578.0,296.29065,-14.69641,17.6,16.00122,C,1.3490000000000002,0.19119509999999998,1.5530845521982368,9.2043631792,1600896220.0888603,5.861447154593641,726853.9494848269
20542.0,296.17703,-14.71031,17.64,15.820419999999999,C,1.3490000000000002,0.1993311,1.5824540201713537,9.1831444912,1524559895.511412,5.9058027219842915,805012.6815900988
30430.0,296.21802,-14.92573,17.470000000000002,15.664219999999998,C,1.3490000000000002,0.22309409999999996,1.6714527341867012,9.1211705872,1321814729.8800364,5.997519080769326,994303.7578233937
12400.0,296.17468,-14.79389,17.8,15.56642,C,1.3490000000000002,0.2568350999999991,1.806488078967647,9.033174059200002,1079379235.7664013,6.014134602836233,1033081.543743315
30583.0,296.30014,-14.87872,18.17,15.42582,C,1.3490000000000002,0.3053420999999994,2.019956886207078,8.906667803200001,806617803.0641797,5.813673197734422,651138.2346374231
20375.0,296.18277,-14.74815,17.830000000000002,15.154819999999999,C,1.3490000000000002,0.3984937200000003,2.5031894514152913,8.668637666199999,466270206.7041278,5.204671411860299,160203.2830547575
20657.0,296.22934,-14.65254,17.78,15.13242,C,1.3490000000000002,0.40642332000000003,2.5493139355200056,8.6494876822,446156970.14833206,5.170085741900833,147940.0434440756
20588.0,296.29919,-14.69143,17.36,14.74002,C,1.3490000000000002,0.5412069799999999,3.477018328520443,8.3239851433,210855601.7494788,5.063054830623033,115625.82130918691
89.99,295.689667,-15.155052,17.536,16.358,C,1.1780000000000008,0.15522399999999992,1.4296311421906605,9.298175808,1986899076.9169695,5.6111218080018475,408433.9250758242
89.99,296.22287,-14.71018,17.400000000000002,16.3,C,1.1000000000000014,0.1622999999999999,1.4531150472893886,9.2797216,1904239633.4391458,5.665327550641466,462729.8868231583
89.99,296.22888,-14.72012,17.3,16.23,C,1.0700000000000003,0.17083999999999988,1.4819720058967727,9.25744928,1809044624.8120537,5.728261945943837,534886.880655753
89.99,296.22033,-14.72841,18.060000000000002,17.08,C,0.980000000000004,0.028470000000000217,1.0677510323632375,9.686522339999998,4858725234.562937,4.913920615746509,82020.16067963258
89.99,296.12738,-14.73369,17.36,16.34,C,1.0199999999999996,0.1574199999999999,1.436878346203876,9.29244864,1960869267.8533072,5.628103689191938,424720.9553240236
89.99,296.31088,-14.73645,16.98,15.84,C,1.1400000000000006,0.19845,1.5792467797672352,9.1854424,1532647919.4726474,5.901286829724466,796685.3474173121
89.99,296.28564,-14.74075,16.470000000000002,14.981619999999998,C,1.3490000000000002,0.4598065200000008,2.882746941243539,8.520567254199998,331563911.3324538,5.051399571345534,112564.01395536799
89.99,296.18609,-14.7787,16.52,15.469999999999999,C,1.0500000000000007,0.2900999999999998,1.9502936197623046,8.9464192,883932699.2165216,5.900260481356499,794804.8002039674
89.99,296.24578,-14.7865,17.38,16.39,C,0.9899999999999984,0.1513199999999999,1.416837359787679,9.30835744,2034030402.489157,5.580650633097152,380759.3993942355
89.99,296.23651,-14.79789,17.05,16.15,C,0.9000000000000021,0.18450000000000003,1.5293257464187788,9.221824,1666571689.2101848,5.8208023012006285,661915.1192282644
89.99,296.22512,-14.86821,17.11,16.25,C,0.8599999999999994,0.16839999999999988,1.4736691770366883,9.2638128,1835746885.2331831,5.710613227257389,513586.05984206544
89.99,296.21267,-14.87307,17.46,16.4,C,1.0600000000000023,0.15010000000000012,1.412862830860634,9.311539199999999,2048986985.9131582,5.5710672834035755,372449.403792754
89.99,296.117004,-14.632751,16.26,15.19,C,1.070000000000002,0.38603999999999994,2.4324280336581463,8.6987134,499704660.60026807,5.26769363294657,185222.453617842
89.99,296.233887,-14.671288,16.94,15.940000000000001,C,1.0,0.19394999999999993,1.5629676889771136,9.1971784,1574629559.8215618,5.8771182280487935,753560.6777441972
89.99,295.968842,-14.682981,16.62,15.61,C,1.0100000000000016,0.24179999999999957,1.7450183572026448,9.0723856,1181369080.3506763,6.023996656176797,1056809.372344663
89.99,296.259827,-14.684196,17.11,16.14,C,0.9699999999999989,0.18494999999999992,1.5309111988704607,9.2206504,1662074169.0197005,5.8236416469898025,666256.7883464479
89.99,296.411377,-14.685686,17.27,16.04,C,1.2300000000000004,0.18944999999999998,1.546856405270944,9.2089144,1617761143.4183567,5.8511929977621735,709893.169979072
89.99,296.156006,-14.687428,17.11,15.55262,C,1.3490000000000002,0.2615960999999998,1.8264008474715863,9.0207573712,1048956240.9133904,6.005302093552816,1012283.3497797681
89.99,296.179413,-14.688039,17.04,16.009999999999998,C,1.0300000000000011,0.19080000000000005,1.5516722739072342,9.205393599999999,1604699066.5995612,5.859147383849816,723015.1271740068
89.99,296.248596,-14.689795,17.060000000000002,16.04,C,1.0200000000000031,0.18944999999999998,1.546856405270944,9.2089144,1617761143.4183567,5.8511929977621735,709893.169979072
89.99,295.969452,-14.694445,17.12,16.06,C,1.0600000000000023,0.18855000000000002,1.543654132844305,9.211261599999998,1626528210.1806107,5.845808518852311,701146.0938005566
89.99,296.350922,-14.720666,16.85,15.68,C,1.1700000000000017,0.21764999999999946,1.6506310106313054,9.1353688,1365742423.7179222,5.981958165274154,959308.2188074897
89.99,296.375854,-14.73088,15.95,14.959999999999999,C,0.9900000000000002,0.46746,2.9339992601925995,8.502084100000001,317748932.36429185,5.048245279169562,111749.42036739306
89.99,296.436554,-14.743853,17.25,16.49,C,0.7600000000000016,0.13912000000000013,1.377590058511085,9.340175039999998,2188643566.94694,5.484095941993168,304856.8388519482
89.99,296.485382,-14.756809,16.54,15.56,C,0.9799999999999986,0.25904999999999934,1.8157246937707532,9.0273976,1065117695.5872092,6.010360096474729,1024141.8103559881
89.99,296.131714,-14.759347,17.17,16.11,C,1.0600000000000023,0.1863,1.5356774248772596,9.2171296,1648654301.3447998,5.832069755190844,679312.7332068852
89.99,296.112915,-14.776258,17.150000000000002,15.85,C,1.3000000000000025,0.19799999999999998,1.5776112696993485,9.186615999999999,1536795216.3208966,5.898952584871116,792414.811993337
89.99,296.152313,-14.788395,16.94,15.91,C,1.0300000000000011,0.19529999999999995,1.5678337172957286,9.1936576,1561915734.6965036,5.884559002890635,766582.6803798423
89.99,296.283356,-14.789384,17.27,16.38,C,0.8900000000000006,0.15254,1.420823069474702,9.30517568,2019182994.6671681,5.590207093044502,389230.7051601739
89.99,296.374786,-14.798067,17.53,16.48,C,1.0500000000000007,0.1403399999999999,1.3814653614899501,9.33699328,2172667560.1106367,5.493788526323003,311737.12537455396
89.99,296.170349,-14.798781,17.2,15.62882,C,1.3490000000000002,0.23530709999999955,1.7191235908044582,9.089319083200001,1228341382.0421553,6.019645381492401,1046273.875434843
89.99,296.073059,-14.801702,17.42,16.39,C,1.0300000000000011,0.1513199999999999,1.416837359787679,9.30835744,2034030402.489157,5.580650633097152,380759.3993942355
89.99,296.160095,-14.802064,17.18,16.28,C,0.8999999999999986,0.16473999999999978,1.461302071717705,9.27335808,1876541096.6717148,5.683626077395672,482643.0729057133
89.99,296.338257,-14.808908,17.21,15.98,C,1.2300000000000004,0.19214999999999996,1.5565031359137182,9.2018728,1591742455.1960561,5.86695178212976,736125.3640874887
89.99,296.100708,-14.828527,16.52,15.57,C,0.9499999999999993,0.2555999999999994,1.801357864669138,9.036395200000001,1087414700.928404,6.015984251050389,1037490.7922995144
89.99,296.129822,-14.832311,17.36,16.419999999999998,C,0.9400000000000013,0.14766000000000012,1.4049471899168555,9.31790272,2079230896.6199174,5.551831882587147,356313.1762391149
89.99,296.084503,-14.832314,17.3,16.08,C,1.2200000000000024,0.18765000000000007,1.5404584897005518,9.2136088,1635342787.949009,5.8403600517137,692404.77100536
89.99,296.434357,-14.834667,17.28,16.25,C,1.0300000000000011,0.16839999999999988,1.4736691770366883,9.2638128,1835746885.2331831,5.710613227257389,513586.05984206544
89.99,296.30838,-14.840508,17.05,16.009999999999998,C,1.0400000000000027,0.19080000000000005,1.5516722739072342,9.205393599999999,1604699066.5995612,5.859147383849816,723015.1271740068
89.99,296.173828,-14.855554,17.64,16.58,C,1.0600000000000023,0.12814000000000014,1.3431978871951586,9.36977108,2342993479.6805797,5.398253364930526,250180.44745364552
89.99,296.080383,-14.858717,16.11,15.219999999999999,C,0.8900000000000006,0.3754200000000001,2.373668136631289,8.7243607,530103534.5940439,5.329044026102219,213326.11590752006
89.99,296.28244,-14.868937,17.28,16.48,C,0.8000000000000007,0.1403399999999999,1.3814653614899501,9.33699328,2172667560.1106367,5.493788526323003,311737.12537455396
89.99,296.236908,-14.87212,17.82,16.75,C,1.0700000000000003,0.1046999999999998,1.2726236800229034,9.4442634,2781399677.7483463,5.235545027089072,172006.5666173032
89.99,296.096558,-14.8814,17.78,16.96,C,0.8200000000000003,0.05618999999999974,1.1381250965990457,9.59842818,3966689257.0808625,4.986869815832209,97021.90906560485
89.99,296.261414,-14.883708,17.740000000000002,16.72,C,1.0200000000000031,0.11163000000000012,1.2930937124604023,9.42223986,2643868557.6387453,5.28167519723418,191282.48150217196
89.99,296.431213,-14.889406,17.13,16.11,C,1.0199999999999996,0.1863,1.5356774248772596,9.2171296,1648654301.3447998,5.832069755190844,679312.7332068852
89.99,296.163086,-14.894488,16.55,15.37,C,1.1800000000000015,0.3245999999999998,2.1115433406588417,8.8564432,718527178.3406324,5.684688477568184,483825.191930979
89.99,296.118591,-14.89873,16.69,15.66,C,1.0300000000000011,0.22454999999999936,1.677065403924432,9.1173736,1310308625.789169,6.001095439457963,1002525.5263484935
89.99,296.251007,-14.9064,17.76,16.7,C,1.0600000000000023,0.11624999999999996,1.3069229969893819,9.4075575,2555980286.983863,5.3134726582129685,205812.9313245705
89.99,296.35376,-14.912353,17.02,15.89,C,1.129999999999999,0.19619999999999996,1.5710861496739585,9.191310399999999,1553496932.343491,5.8894299792363585,775228.9440766723
89.99,296.223907,-14.922441,17.02,15.74,C,1.2799999999999994,0.20294999999999994,1.59569542543608,9.1737064,1491785563.4121563,5.9235758981361375,838640.6282595346
89.99,296.332458,-14.951111,17.560000000000002,16.41,C,1.1500000000000021,0.1488799999999999,1.408899451329164,9.314720959999999,2064053547.7265985,5.561460039567664,364300.72837993456
89.99,296.034485,-14.951339,17.37,16.32,C,1.0500000000000007,0.1598599999999999,1.444973891111235,9.28608512,1932347012.272654,5.646811922609653,443416.57450319966
89.99,296.345795,-14.960103,16.71,15.65,C,1.0600000000000005,0.22799999999999931,1.6904409316432614,9.108376000000002,1283441269.2940938,6.00856592893468,1019919.5792065023
89.99,296.33786,-14.988564,16.53,15.09682,C,1.3490000000000002,0.41902572000000005,2.624373960739246,8.6190528862,415961261.08245206,5.1244464701851165,133182.28757653924
89.99,296.281311,-14.988667,16.96,16.0,C,0.9600000000000009,0.19124999999999995,1.553280893010544,9.20422,1600368519.945968,5.861765691067081,727387.2614026419
89.99,296.204498,-14.674287,18.12,17.21,C,0.9100000000000001,0.0013599999999999168,1.0031364240439982,9.77267792,5924857643.254657,4.889191241619591,77480.29072327842
89.99,296.247101,-14.722958,17.93,16.96,C,0.9699999999999989,0.05618999999999974,1.1381250965990457,9.59842818,3966689257.0808625,4.986869815832209,97021.90906560485
89.99,296.244446,-14.75467,17.05,16.15,C,0.9000000000000021,0.18450000000000003,1.5293257464187788,9.221824,1666571689.2101848,5.8208023012006285,661915.1192282644
89.99,296.350891,-14.757086,16.78,15.78,C,1.0000000000000018,0.20114999999999997,1.5890955079691365,9.178400799999999,1507998119.6344187,5.914893333862092,822040.7254883101
89.99,296.234558,-14.767653,16.76,15.549999999999999,C,1.2100000000000026,0.26249999999999973,1.8302061063110548,9.0184,1043277881.4599651,6.003323252562303,1007681.4237316112
89.99,296.290405,-14.774523,17.43,16.62,C,0.8099999999999987,0.12325999999999981,1.328189369711451,9.38527972,2428173527.3668575,5.36302636436571,230688.7226816353
89.99,296.278412,-14.780069,17.45,15.53382,C,1.3490000000000002,0.26808209999999955,1.8538820522995327,9.0038418832,1008885506.8047711,5.989014541875836,975022.2847258495
89.99,296.352264,-14.780713,16.89,15.69,C,1.200000000000001,0.2141999999999995,1.6375704768835826,9.144366400000001,1394332659.5599306,5.970349315564967,934005.2460836256
89.99,296.229034,-14.781347,17.41,15.797419999999999,C,1.3490000000000002,0.20036610000000002,1.5862297833010321,9.180445211199999,1515113651.154355,5.911014130939793,814730.793048617
89.99,296.213776,-14.783867,17.69,16.65,C,1.0400000000000027,0.11960000000000015,1.3170431381998418,9.396911199999998,2494084710.409287,5.336977028343095,217258.62586237883
89.99,296.257843,-14.793209,17.71,16.81,C,0.9000000000000021,0.09084000000000025,1.2326506242932904,9.488310479999999,3078296722.987102,5.15012018365522,141292.84945982628
89.99,296.208191,-14.797331,17.470000000000002,16.38,C,1.0900000000000034,0.15254,1.420823069474702,9.30517568,2019182994.6671681,5.590207093044502,389230.7051601739
89.99,296.184326,-14.799191,17.63,16.71,C,0.9199999999999982,0.11393999999999971,1.2999899653754534,9.41489868,2599553022.0984373,5.29747854822862,198371.16699129125
89.99,296.274109,-14.800164,17.37,16.33,C,1.0400000000000027,0.15864000000000011,1.4409204332535828,9.28926688,1946555899.837866,5.6374803519623695,433990.62890966434
89.99,296.251343,-14.803117,17.21,16.08,C,1.1300000000000026,0.18765000000000007,1.5404584897005518,9.2136088,1635342787.949009,5.8403600517137,692404.77100536
89.99,296.191315,-14.818703,16.75,15.57,C   ,1.1799999999999997,0.2555999999999994,1.801357864669138,9.036395200000001,1087414700.928404,6.015984251050389,1037490.7922995144
89.99,296.212616,-14.82485,17.19,16.18,C   ,1.0100000000000016,0.18315,1.5245792338847222,9.225344799999998,1680137402.4841454,5.812196299440279,648927.6800928205
89.99,296.182983,-14.828946,17.400000000000002,16.509999999999998,C   ,0.8900000000000041,0.13668000000000013,1.3698720351950846,9.346538559999999,2220948867.5968447,5.4647203233957775,291554.8856557786
89.99,296.233093,-14.830748,17.19,16.24,C   ,0.9500000000000028,0.1696200000000001,1.4778147604897272,9.26063104,1822346848.2280097,5.7194738873785695,524172.08341096085
89.99,296.241516,-14.846167,18.21,16.07302,C   ,1.3490000000000002,0.1879641,1.5415730169330797,9.2127896272,1632261087.0139594,5.842268767983507,695454.5742596918
89.99,296.234772,-14.862573,17.51,16.61,C   ,0.9000000000000021,0.12448000000000004,1.3319257034553986,9.38140256,2406592506.0129085,5.371784933227289,235388.3329731693
89.99,296.153625,-14.886689,17.8,16.85,C   ,0.9499999999999993,0.08159999999999945,1.2067019095932736,9.517675200000001,3293632959.414949,5.099091200480764,125629.37537492864
89.99,296.183685,-14.962144,18.04,16.75,C   ,1.2899999999999991,0.1046999999999998,1.2726236800229034,9.4442634,2781399677.7483463,5.235545027089072,172006.5666173032
89.99,296.812988,-14.611956,17.990000000000002,17.12,C   ,0.870000000000001,0.019229999999999636,1.045273643909939,9.71588706,5198607870.968606,4.900661652676889,79553.93253176044
89.99,295.72052,-15.125569,17.43,15.96922,C   ,1.3490000000000002,0.19263509999999998,1.5582426964067972,9.2006076592,1587112306.5527983,5.86971885050124,740830.4941159253
89.99,295.776978,-15.241439,18.04,17.18,C   ,0.8599999999999994,0.005530000000000035,1.0128147091596968,9.75942566,5746794401.46291,4.890291811630478,77676.88687216573
89.99,296.190338,-14.641755,17.39,16.33,C   ,1.0600000000000023,0.15864000000000011,1.4409204332535828,9.28926688,1946555899.837866,5.6374803519623695,433990.62890966434
89.99,296.32608,-14.666169,17.38,16.44,C   ,0.9399999999999977,0.1452199999999998,1.3970758967824897,9.32426624,2109921220.183921,5.532524672109906,340819.6860915154
89.99,296.335388,-14.681108,18.19,17.03,C   ,1.1600000000000001,0.0400199999999995,1.0965286919928694,9.64981644,4464948356.313728,4.9381049377365285,86717.13833915754
89.99,296.539612,-14.704988,17.39,15.51522,C   ,1.3490000000000002,0.2744990999999999,1.881477807177842,8.9871063472,970747648.4957497,5.968262186124995,929527.3785541411
89.99,296.099152,-14.708244,17.28,16.2,C   ,1.0800000000000018,0.1745,1.4945140423664582,9.247904,1769717722.2159884,5.754160259355307,567754.0741446037
89.99,296.374054,-14.711063,17.35,16.45,C   ,0.9000000000000021,0.14400000000000002,1.3931568029453032,9.327447999999999,2125435842.1429305,5.522851495595248,333312.419083244
89.99,296.075775,-14.711885,17.94,17.03,C   ,0.9100000000000001,0.0400199999999995,1.0965286919928694,9.64981644,4464948356.313728,4.9381049377365285,86717.13833915754
89.99,296.341431,-14.712852,17.12,15.78,C   ,1.3400000000000016,0.20114999999999997,1.5890955079691365,9.178400799999999,1507998119.6344187,5.914893333862092,822040.7254883101
89.99,296.110779,-14.725801,16.95,15.296019999999999,C   ,1.3490000000000002,0.3501230999999998,2.239355790042386,8.789878955199999,616423170.9456197,5.500444025528347,316551.2446952361
89.99,295.977081,-14.726664,17.38,16.15,C   ,1.2300000000000004,0.18450000000000003,1.5293257464187788,9.221824,1666571689.2101848,5.8208023012006285,661915.1192282644
89.99,296.08786,-14.740214,17.03,15.83,C   ,1.200000000000001,0.19889999999999994,1.5808839853688907,9.1842688,1528511814.7929869,5.90360227213595,800944.2208913809
89.99,296.171387,-14.745203,17.82,16.9,C   ,0.9200000000000017,0.07005000000000017,1.1750328278061026,9.554381099999999,3584108100.7507133,5.042779958145431,110351.93634939684
89.99,296.342804,-14.764064,18.0,16.95,C   ,1.0500000000000007,0.058499999999999996,1.144194879816986,9.591087,3900201095.919567,4.9952848742784655,98920.17460749405
89.99,296.106384,-14.767224,17.42,16.509999999999998,C   ,0.9100000000000037,0.13668000000000013,1.3698720351950846,9.346538559999999,2220948867.5968447,5.4647203233957775,291554.8856557786
89.99,296.304626,-14.767883,17.560000000000002,16.52,C   ,1.0400000000000027,0.13546000000000002,1.366029253952324,9.34972032,2237279895.381887,5.455042846094335,285129.95536556735
89.99,296.333038,-14.770712,18.04,17.18,C   ,0.8599999999999994,0.005530000000000035,1.0128147091596968,9.75942566,5746794401.46291,4.890291811630478,77676.88687216573
89.99,296.162018,-14.82305,17.25,16.21,C   ,1.0399999999999991,0.17327999999999988,1.4903216138902975,9.25108576,1782730767.9978411,5.745608145641486,556683.2392220467
89.99,296.167816,-14.842195,17.52,16.53,C   ,0.9899999999999984,0.1342399999999998,1.3621972525249768,9.35290208,2253731008.0875716,5.445375915457684,278853.3815965217
89.99,296.066071,-14.844581,17.240000000000002,16.23,C   ,1.0100000000000016,0.17083999999999988,1.4819720058967727,9.25744928,1809044624.8120537,5.728261945943837,534886.880655753
89.99,296.364624,-14.865284,17.25,16.12,C   ,1.129999999999999,0.18584999999999993,1.5340870363948567,9.2183032,1653115507.7973373,5.829275513503751,674956.0795125968
89.99,296.297241,-14.869897,17.29,16.14,C   ,1.1499999999999986,0.18494999999999992,1.5309111988704607,9.2206504,1662074169.0197005,5.8236416469898025,666256.7883464479
89.99,296.207458,-14.896397,17.19,16.13,C   ,1.0600000000000023,0.18540000000000004,1.5324982949611667,9.219476799999999,1657588786.13359,5.82646609769029,670603.9353354962
89.99,296.368011,-14.913227,16.76,14.95422,C   ,1.3490000000000002,0.46950612000000014,2.947855016958383,8.4971427202,314154091.44152665,5.047822108281242,111640.5862191494
89.99,296.08905,-14.945495,18.44,15.350819999999999,C   ,1.3490000000000002,0.33121709999999993,2.1439620811142936,8.8391858032,690535170.7117175,5.637402379358674,433912.7178535248
89.99,296.06134,-14.955141,18.03,17.03,C   ,1.0,0.0400199999999995,1.0965286919928694,9.64981644,4464948356.313728,4.9381049377365285,86717.13833915754
89.99,295.969788,-14.97507,17.490000000000002,16.53,C   ,0.9600000000000009,0.1342399999999998,1.3621972525249768,9.35290208,2253731008.0875716,5.445375915457684,278853.3815965217
89.99,296.090485,-15.010141,18.0,16.669999999999998,C   ,1.3300000000000018,0.11716000000000015,1.3096643323018151,9.404665519999998,2539016481.408686,5.319822615172862,208844.29453492307
89.99,295.9715833,-14.87727778,17.525000000000002,15.693,C,1.3490000000000002,0.2131649999999996,1.6336725055467949,9.14706568,1403025873.4367805,5.96660864004086,925994.9965199778
89.99,295.9795,-14.88288889,17.459,15.75672,C,1.3490000000000002,0.2021976,1.5929333322283965,9.1756686592,1498541101.729746,5.9199849980885,831735.0398350875
89.99,295.9872917,-14.71725,17.719,15.537859999999998,C,1.3490000000000002,0.2666883000000002,1.8479418459007617,9.007476913599998,1017365283.2319597,5.99292018895316,983830.2889561424
89.99,296.0039167,-14.86283333,18.206,16.53684,C,1.3490000000000002,0.13340551999999972,1.359582356361349,9.35507840384,2265053184.163253,5.43877120552755,274644.6892218096
89.99,296.0052083,-14.88833333,16.732,15.18152,C,1.3490000000000002,0.3890419199999995,2.4492996475334166,8.691463763200002,491432374.1990733,5.251573191163445,178473.27422103254
89.99,296.0104583,-14.74452778,16.783,15.23666,C,1.3490000000000002,0.3695223599999995,2.341652033900304,8.73928568512,548637747.9990975,5.366405416994393,232490.6100085073
89.99,296.01275,-14.74005556,17.353,15.549979999999998,C,1.3490000000000002,0.2625069,1.8302351845586033,9.0183820048,1043234653.6365279,6.00330778014,1007645.5241393863
89.99,296.0195,-14.78566667,17.726,16.29144,C,1.3490000000000002,0.16334431999999977,1.4566134640796118,9.27699801344,1892334962.6622317,5.67318732289519,471180.51540725667
89.99,296.0288333,-14.90255556,17.271,14.768320000000001,C,1.3490000000000002,0.5369336799999997,3.4429734998062833,8.334305162800002,215926110.97929862,5.06434044814311,115968.60903984986
89.99,296.0429167,-14.78219444,16.833000000000002,15.163839999999999,C,1.3490000000000002,0.3953006400000003,2.484852647264491,8.6763489544,474623190.49548227,5.219842835804869,165898.6438257199
89.99,296.048125,-14.89977778,17.44,15.748759999999999,C,1.3490000000000002,0.20255580000000004,1.5942477032712816,9.1747344736,1495321141.502124,5.921701462997765,835028.8163695125
89.99,296.0512083,-14.72680556,17.388,15.234459999999999,C,1.3490000000000002,0.37030116000000035,2.345854976412194,8.737254574719998,546077867.1913188,5.361315922140662,229781.9560669541
89.99,296.0512917,-14.86669444,17.477,15.55806,C,1.3490000000000002,0.25971929999999954,1.8185251011068413,9.025652065600001,1060845321.9568148,6.009104644505221,1021185.5116537057
89.99,296.053,-14.92319444,17.744,16.01412,C,1.3490000000000002,0.19061460000000005,1.551010007507121,9.205877123199999,1606486658.5468795,5.858063786138774,721213.3981886768
89.99,296.0642083,-14.73602778,17.490000000000002,15.847059999999997,C,1.3490000000000002,0.19813230000000007,1.5780919337970876,9.1862709616,1535574747.716057,5.899640797190151,793671.5214045272
89.99,296.0672917,-14.90311111,17.914,15.945379999999998,C,1.3490000000000002,0.19370790000000002,1.562096646300423,9.1978097968,1576920491.8389814,5.875767026140524,751219.7999555437
89.99,296.0719583,-14.84902778,17.252000000000002,15.822959999999998,C,1.3490000000000002,0.19921680000000005,1.5820375960573956,9.1834425856,1525606693.9184437,5.905221001687129,803935.1207497478
89.99,296.0726667,-14.85652778,17.653000000000002,16.167379999999998,C,1.3490000000000002,0.18371790000000007,1.5265741357588172,9.223863716799999,1674417355.2731771,5.815832494376954,654383.7322318351
89.99,296.076875,-14.878,17.63,15.949800000000002,C,1.3490000000000002,0.1935089999999999,1.561381394556094,9.198328528,1578805126.8166652,5.874653138951175,749295.5251242664
89.99,296.0774167,-14.78311111,17.357,15.71544,C,1.3490000000000002,0.2054231999999998,1.6048084410288372,9.1672562944,1469793405.143055,5.934983866452452,860961.7678370987
89.99,296.0783333,-14.78972222,17.293,15.289879999999998,C,1.3490000000000002,0.35224140000000004,2.250305076938588,8.784354428799999,608631504.3273348,5.485284086056192,305692.00895712036
89.99,296.0819167,-14.75133333,17.259,15.86998,C,1.3490000000000002,0.19710089999999994,1.5743485917039988,9.1889608528,1545115156.9529457,5.894232927213938,783849.9359914347
89.99,296.0848333,-14.78113889,17.731,15.954199999999998,C,1.3490000000000002,0.19331100000000004,1.5606697045247113,9.198844911999998,1580683471.1612806,5.873540906382619,747379.0268256061
89.99,296.0854167,-14.8265,17.869,15.969379999999997,C,1.3490000000000002,0.1926279000000001,1.5582168631188296,9.200626436799999,1587180930.0457873,5.869677926557972,740760.6883090622
89.99,296.0927917,-14.89219444,17.652,15.360459999999998,C,1.3490000000000002,0.3278913000000001,2.127606458587284,8.8478594896,704465111.4566109,5.661283410395446,458440.95693967387
89.99,296.1002083,-14.78658333,17.418,15.25342,C,1.3490000000000002,0.3648200999999993,2.31643490265492,8.751549179200001,564350844.4173837,5.397698171085397,249860.8258477912
89.99,296.103625,-14.72475,17.162,14.962919999999999,C,1.3490000000000002,0.46642632000000006,2.9270242464971212,8.5045804372,319580621.6444204,5.048522793203293,111820.85103058603
89.99,296.1045,-14.84272222,17.89,15.093379999999998,C,1.3490000000000002,0.42024348000000034,2.6317430214679005,8.616111995799999,413154032.3573921,5.120647966559389,132022.50431471775
89.99,296.106625,-14.87427778,17.696,16.14138,C,1.3490000000000002,0.1848878999999999,1.53069230871019,9.2208123568,1662694104.1633208,5.823250700040194,665657.3014348291
89.99,296.1095,-14.93286111,17.701,15.575059999999999,C,1.3490000000000002,0.2538543,1.7941316186524188,9.040947985599999,1098874222.0423644,6.0182847768155705,1043001.1248819686
89.99,296.1097083,-14.74066667,17.274,15.807699999999999,C,1.3490000000000002,0.19990350000000004,1.5845410691695068,9.181651672,1519328456.143296,5.908697392720089,810396.1940248625
89.99,296.111,-14.85966667,17.229,15.003699999999998,C,1.3490000000000002,0.45199020000000045,2.8313281052144217,8.539443666999999,346292963.5061945,5.0575326500787385,114164.91300999899
89.99,296.1127917,-14.86825,17.334,15.387459999999999,C,1.3490000000000002,0.3185762999999997,2.0824582344284384,8.8721530096,744994402.3319509,5.72672029548041,532991.5152254336
89.99,296.1151667,-14.76961111,17.248,15.247639999999999,C,1.3490000000000002,0.36681419999999987,2.327095465965942,8.7463485664,557633127.8394,5.384313683611501,242277.8347031198
89.99,296.1187083,-14.84547222,18.091,15.854659999999999,C,1.3490000000000002,0.1977903,1.5768497006716513,9.187162897599999,1538731688.1511917,5.8978584377262795,790420.9410416471
89.99,296.1207083,-14.84447222,17.611,15.947359999999998,C,1.3490000000000002,0.19361880000000006,1.5617761989068577,9.198042169599999,1577764461.7589788,5.875268467176241,750357.9136334076
89.99,296.1269167,-14.78975,16.794,14.71222,C,1.3490000000000002,0.5454047799999997,3.5107894126363823,8.313847456300001,205990625.4724044,5.061048460998258,115092.88088290709
89.99,296.1280417,-14.7905,17.6,15.676919999999999,C,1.3490000000000002,0.21871259999999992,1.6546745987203806,9.132597539199999,1357055280.253673,5.985263339400355,966636.8325635369
89.99,296.1295,-14.78983333,17.457,15.884439999999996,C,1.3490000000000002,0.19645020000000016,1.5719915238439435,9.1906578784,1551164576.7660112,5.890771222175171,777626.8045598684
89.99,296.3658333,-14.8525,17.312,15.692519999999998,C,1.3490000000000002,0.21333059999999993,1.6342955568715651,9.1466337952,1401631325.7690105,5.967215057388519,927288.8919807214
89.99,296.3695417,-14.87288889,16.962,15.28732,C,1.3490000000000002,0.3531245999999997,2.2548860509073907,8.782051043200001,605412025.441915,5.478990389555234,301293.9350514686
89.99,296.3714583,-14.90411111,17.297,15.296639999999998,C,1.3490000000000002,0.3499091999999999,2.2382531274850583,8.790436806399999,617215475.1690849,5.501979501378047,317672.41262999305
89.99,296.3826667,-14.75219444,16.95,15.5389,C,1.3490000000000002,0.26632949999999944,1.8464157668331125,9.008412664000002,1019559707.4266095,5.993890067762983,986029.8619466537
89.99,296.4017917,-14.73822222,17.302,15.7943,C,1.3490000000000002,0.20050649999999995,1.5867426672389346,9.180079048,1513836763.9762337,5.911713236650458,816043.3624297804
89.99,296.4022917,-14.87413889,17.012,15.62436,C,1.3490000000000002,0.23684579999999977,1.7252252271400217,9.0853061536,1217043646.8016648,6.02114655342165,1049896.6583186453
89.99,296.4063333,-14.80080556,17.17,15.186199999999998,C,1.3490000000000002,0.38738520000000065,2.439974007944276,8.695464741999999,495980659.7971439,5.260399616465945,182137.60286108375
89.99,296.4102083,-14.84980556,17.09,15.551939999999998,C,1.3490000000000002,0.26183069999999997,1.8273877110062315,9.0201455344,1047479505.2194982,6.0047976769294085,1011108.3034536602
89.99,296.4211667,-14.74713889,17.334,15.880119999999998,C,1.3490000000000002,0.19664460000000003,1.5726953401962518,9.1901508832,1549354804.4447408,5.89180944196559,779488.014774186
89.99,296.4267083,-14.75402778,17.289,15.88066,C,1.3490000000000002,0.19662029999999994,1.5726073459222767,9.1902142576,1549580910.461977,5.891679851252006,779255.455202873
89.99,296.4300833,-14.76258333,17.277,15.669939999999999,C,1.3490000000000002,0.22112069999999973,1.6638750136227465,9.1263172144,1337572140.1121802,5.992274675841562,982369.0601366711
89.99,296.436125,-14.89513889,17.403000000000002,15.72004,C,1.3490000000000002,0.20383619999999958,1.5989548475650124,9.1713951904,1483867730.5651608,5.927733816003749,846708.2979856378
89.99,296.4425,-14.76263889,16.974,15.068859999999999,C,1.3490000000000002,0.4289235600000003,2.6848718408373737,8.5951496026,393685666.0716935,5.096654652533548,124926.52295123046
89.99,296.461375,-14.85475,17.220000000000002,15.42526,C,1.3490000000000002,0.3055352999999994,2.0208556830005286,8.9061639376,805682513.060632,5.8124714518362905,649338.9461528438
89.99,296.4752083,-14.89816667,17.07,15.656139999999999,C,1.3490000000000002,0.22588169999999996,1.6822157701167997,9.1139005264,1299871812.9373071,6.004147181769987,1009594.9783799063
89.99,296.4792917,-14.69538889,16.508,15.01824,C,1.3490000000000002,0.44684303999999964,2.797969912061422,8.551874058400001,356347780.7026494,5.063389101964569,115714.85139870293
89.99,296.5227083,-14.84297222,17.42,15.52728,C,1.3490000000000002,0.27033839999999953,1.8635386306933215,8.997957452800001,995307903.7043679,5.98223141429831,959911.9854364733
89.99,296.545625,-14.90069444,17.223,15.27922,C,1.3490000000000002,0.3559190999999995,2.269442062804475,8.7747629872,595337154.2842374,5.459197163466592,287870.5008916423
89.99,296.337067,-14.850516,16.724,15.623,C  ,1.1010000000000009,0.23731499999999972,1.7270901209750538,9.08408248,1213619315.7843518,6.021546331961579,1050863.5584611718
89.99,296.306183,-14.863027,17.251,15.23546,C  ,1.3490000000000002,0.3699471599999997,2.343943613640918,8.73817780672,547239965.3425744,5.363625883657564,231007.3954916723
89.99,296.289734,-14.876258,17.204,15.921,C  ,1.2830000000000013,0.19480499999999998,1.5660477503732846,9.19494856,1566565507.3031068,5.881849297658699,761814.6107021397
89.99,296.316101,-14.679276,17.243000000000002,16.108999999999998,C  ,1.134000000000004,0.18634500000000007,1.5358365543789023,9.217012239999999,1648208843.3981323,5.832348339438832,679748.6276172097
89.99,296.343781,-14.74656,17.237000000000002,16.058,C  ,1.179000000000002,0.18863999999999995,1.5439740615425492,9.21102688,1625649369.7453978,5.846349864074399,702020.612733763
89.99,296.363739,-14.759742,16.328,14.89206,C  ,1.3490000000000002,0.4915107599999997,3.1010642189758246,8.4440015146,277972296.20133775,5.051403759021903,112565.09935698708
89.99,296.313934,-14.783896,17.188000000000002,15.506419999999999,C  ,1.3490000000000002,0.27753510000000015,1.8946766373305124,8.9791884592,953209713.2997375,5.956908410538123,905541.6087989727
89.99,296.193542,-14.678253,17.288,16.001,C  ,1.286999999999999,0.19120499999999993,1.5531199560842082,9.20433736,1600801048.1887703,5.861504614063626,726950.1224904674
89.99,296.184784,-14.717754,17.235,15.969000000000001,C  ,1.2659999999999982,0.19264499999999993,1.5582782178770618,9.20058184,1587017954.0944843,5.869775113734182,740926.4755765545
89.99,296.138214,-14.72313,17.027,15.393719999999998,C  ,1.3490000000000002,0.31641660000000016,2.0721280990164517,8.877785507199999,754719388.8106891,5.741475188264313,551410.6987640169
89.99,296.197662,-14.763362,16.975,15.405199999999999,C  ,1.3490000000000002,0.3124559999999996,2.0533169866869496,8.888114752,772884774.5598903,5.768012577646042,586155.1399660023
89.99,296.208893,-14.769947,16.825,15.687999999999999,C  ,1.1370000000000005,0.21489000000000003,1.640174290088344,9.142566879999999,1388567128.4856806,5.972777427101338,939241.8322974661
89.99,296.199615,-14.7809,18.214000000000002,17.131,C  ,1.083000000000002,0.016688999999999732,1.0391757414505831,9.723962358,5296175378.804687,4.897923322172731,79053.90403007151
89.99,296.180084,-14.825297,17.031000000000002,15.827,C  ,1.2040000000000024,0.199035,1.5813754779412101,9.18391672,1527273161.3443394,5.9042932206579275,802219.5115339237
89.99,296.212219,-14.830112,17.07,15.966000000000001,C  ,1.1039999999999992,0.19277999999999992,1.5587626823771652,9.20022976,1585731889.2810626,5.870541508238713,742235.1344009246
89.99,296.194489,-14.842676,16.814,15.498,C  ,1.3160000000000007,0.2804399999999996,1.9073921898168238,8.971612480000001,936725795.5632073,5.945160208397282,881373.9461366769
89.99,296.202057,-14.847754,16.978,15.46064,C  ,1.3490000000000002,0.2933291999999996,1.9648490897446182,8.9379974464,866956778.1402893,5.883399564949139,764538.8605442581
89.99,296.164886,-14.853178,17.017,14.85794,C  ,1.3490000000000002,0.5035892400000002,3.1885206942069986,8.4148319854,259915383.94143173,5.056806349180585,113974.14663808777
89.99,296.179565,-14.858191,17.141000000000002,15.731279999999998,C  ,1.3490000000000002,0.20334240000000006,1.597137842668369,9.1726830208,1488274431.9910307,5.925426572769368,842221.9828687723
89.99,296.188385,-14.861088,17.351,16.112,C  ,1.2390000000000008,0.18621000000000001,1.5353592153349478,9.21736432,1649545578.4496207,5.831512127447963,678441.0653483152
89.99,296.178772,-14.868636,17.278000000000002,15.63782,C  ,1.3490000000000002,0.2322020999999994,1.7068765033753317,9.0974169232,1251459856.6237214,6.015731670579392,1036887.5755051152
89.99,296.168549,-14.87782,17.022000000000002,15.42598,C  ,1.3490000000000002,0.3052868999999996,2.019700160554356,8.9068117648,806885228.1473074,5.8140161323489945,651652.5999680178
89.99,296.206696,-14.92662,16.797,14.93602,C  ,1.3490000000000002,0.47594892,2.991912718967386,8.4815833582,303098200.6672445,5.0474905722709025,111555.39344775536
89.99,296.345673,-14.834577,17.019000000000002,15.828,C  ,1.1910000000000025,0.19898999999999997,1.581211630107925,9.18403408,1527685934.2579043,5.904063093889693,801794.5388755462
89.99,296.346741,-14.855356,17.12,15.951999999999998,C  ,1.1680000000000028,0.19341000000000005,1.5610255089819134,9.19858672,1579744019.8158062,5.874097444224177,748337.388843005
89.99,296.365631,-14.891643,15.362,14.248,C  ,1.1140000000000008,0.6184879999999997,4.15420572588665,8.13965424,137928572.03162956,4.862111038623122,72796.59040671593
89.99,296.335785,-14.902986,17.033,15.951999999999998,C  ,1.081000000000003,0.19341000000000005,1.5610255089819134,9.19858672,1579744019.8158062,5.874097444224177,748337.388843005
89.99,296.275116,-14.926181,18.121000000000002,17.053,C  ,1.0680000000000014,0.0347069999999996,1.0831958812987033,9.666701154,4641957436.908377,4.925903235050583,84314.68756749594
89.99,296.293854,-14.708783,17.337,16.274,C  ,1.0629999999999988,0.16547199999999984,1.4637671619518318,9.271449023999999,1868310368.508107,5.689069637545927,488730.71925956616
89.99,296.299103,-14.783449,17.28,15.555639999999999,C  ,1.3490000000000002,0.26055420000000007,1.8220244477586034,9.023474646399999,1055539880.2430416,6.007464287949973,1017335.7071911863
89.99,296.134644,-14.67692,17.150000000000002,15.663,C  ,1.3490000000000002,0.22351499999999946,1.6730734213095177,9.12007288,1318477976.9483547,5.998578661202574,996732.5960931892
89.99,296.121368,-14.679315,17.159000000000002,15.959,C  ,1.2000000000000028,0.193095,1.5598936853644312,9.19940824,1582735122.8563132,5.872323722082283,745287.3023069963
89.99,296.170105,-14.696488,17.166,16.019,C  ,1.147000000000002,0.19039500000000006,1.5502259411325885,9.20644984,1608606576.8504274,5.856776654353023,719079.0804040224
89.99,296.20285,-14.700215,16.915,15.21548,C  ,1.3490000000000002,0.37702007999999987,2.382429620610543,8.7204965068,525407789.03319776,5.319395470697644,208638.9895272166
89.99,296.187347,-14.717557,17.471,16.421,C  ,1.0500000000000007,0.14753800000000006,1.4045525740706553,9.318220896,2080754756.1104193,5.55086803096577,355523.2693220563
89.99,296.198029,-14.719869,17.406000000000002,15.608499999999998,C  ,1.3490000000000002,0.2423175000000004,1.7470989391145961,9.071035959999998,1177703484.462789,6.024119423348091,1057108.155410436
89.99,296.103516,-14.723016,17.247,16.0,C  ,1.2469999999999999,0.19124999999999995,1.553280893010544,9.20422,1600368519.945968,5.861765691067081,727387.2614026419
89.99,296.151001,-14.726998,16.672,15.416,C  ,1.2560000000000002,0.3087299999999993,2.0357760463561356,8.897832160000002,790373116.7251182,5.7922778668357635,619837.5277449564
89.99,296.159454,-14.733295,17.318,15.80478,C  ,1.3490000000000002,0.2000349,1.5850205599439036,9.181308980799999,1518130063.9295342,5.909357521225563,811628.9345528123
89.99,296.179535,-14.737016,16.865000000000002,15.19446,C  ,1.3490000000000002,0.38446115999999986,2.4236012063774988,8.7025262986,504111144.50998145,5.276397298857062,188971.93010752992
89.99,296.179321,-14.742605,17.215,15.774919999999998,C  ,1.3490000000000002,0.20137860000000005,1.589932181865996,9.1778046112,1505929397.1175704,5.916013465171541,824163.6675668298
89.99,296.207184,-14.745038,16.806,15.252759999999999,C  ,1.3490000000000002,0.36504780000000014,2.3176497247277945,8.750955337599999,563579694.8867079,5.396161727043229,248978.43171451936
89.99,296.179443,-14.752915,16.463,15.164,C  ,1.2990000000000013,0.39524399999999993,2.484528597840593,8.67648574,474772701.588847,5.2201182570479805,166003.88693651202
89.99,296.203827,-14.755259,17.767,16.528,C  ,1.2390000000000008,0.13448400000000005,1.3629627918779408,9.352265727999999,2250431136.46171,5.447308327444715,280096.91624715447
89.99,296.181671,-14.7577,16.975,15.874,C  ,1.1010000000000009,0.19691999999999996,1.5736929528104615,9.18943264,1546794574.2055779,5.89327439877767,782121.8138233994
89.99,296.202637,-14.773767,17.096,15.60486,C  ,1.3490000000000002,0.24357329999999955,1.7521581376056894,9.067760833600001,1168855523.8559072,6.024279658587197,1057498.2529982973
89.99,296.194275,-14.821965,17.096,15.831999999999999,C  ,1.2640000000000011,0.19881000000000001,1.580556408521512,9.18450352,1529338141.8063955,5.903140693545266,800093.4103760502
89.99,296.163879,-14.827393,16.905,14.9833,C  ,1.3490000000000002,0.45921179999999984,2.878802028274946,8.522003503,332662236.5220067,5.0517571028971515,112656.72007679299
89.99,296.170105,-14.844587,17.154,15.29992,C  ,1.3490000000000002,0.3487775999999996,2.232428714648665,8.7933880192,621423995.8237607,5.5101154984894976,323679.72652152396
89.99,296.156158,-14.860965,16.908,15.564,C  ,1.3440000000000012,0.2576699999999996,1.8099642630504162,9.03099664,1073981103.2546299,6.012780593241924,1029865.6980306344
89.99,296.171783,-14.865685,16.905,15.55462,C  ,1.3490000000000002,0.2609060999999997,1.82350139546056,9.0225568912,1053311658.5798768,6.006748276686604,1015659.8312189888
89.99,296.178711,-14.876316,17.87,16.65,C  ,1.2200000000000024,0.11960000000000015,1.3170431381998418,9.396911199999998,2494084710.409287,5.336977028343095,217258.62586237883
89.99,296.155457,-14.878673,17.425,15.54608,C  ,1.3490000000000002,0.2638523999999993,1.8359142806159505,9.014872940800002,1034839365.0015541,6.000184941815405,1000425.9349517652
89.99,296.19754,-14.883656,17.666,16.05894,C  ,1.3490000000000002,0.18859769999999995,1.5438236867967328,9.2111371984,1626062365.5914416,5.846095511587167,701609.581928817
89.99,296.201691,-14.886331,16.485,14.861379999999999,C  ,1.3490000000000002,0.5023714800000003,3.1795926178566454,8.417772875799999,261681412.7702482,5.056237589442733,113824.98177479801
89.99,296.089813,-14.905375,17.696,16.20762,C  ,1.3490000000000002,0.17357036000000015,1.4913183441989448,9.250328501119998,1779625012.5973942,5.747651065714881,559308.0443784421
89.99,296.17276,-14.922873,16.332,15.190999999999999,C  ,1.1410000000000018,0.3856860000000002,2.430446132630982,8.69956831,500689299.54910856,5.269631812997643,186050.91618702293
89.99,296.209412,-14.569217,17.253,15.47068,C  ,1.3490000000000002,0.2898653999999996,1.9492403820483801,8.9470310368,885178866.7657931,5.901451090199149,796986.7297047521
89.99,296.040436,-14.607334,17.963,16.56156,C  ,1.3490000000000002,0.13038967999999995,1.3501738115352948,9.362621596959999,2304738183.2571926,5.414644469032702,259803.18387856922
89.99,295.99939,-14.635953,17.617,16.387999999999998,C  ,1.2290000000000028,0.15156400000000014,1.4176336062590742,9.307721088,2031052212.4623845,5.582564172367398,382440.759823533
89.99,296.021149,-14.796692,17.156000000000002,15.580679999999997,C  ,1.3490000000000002,0.25191540000000057,1.7861396032902335,9.046004636799998,1111743596.8894348,6.020406595696886,1048109.3510394191
89.99,296.4646,-14.807542,16.944,15.459760000000001,C  ,1.3490000000000002,0.29363279999999925,1.96622312686239,8.937205657600002,865377616.2483587,5.881770047357055,761675.6070260585
89.99,296.51123,-14.584842,17.555,16.238,C  ,1.3170000000000002,0.16986400000000001,1.4786452755663413,9.259994687999999,1819678601.3807297,5.7212374043504015,526304.8890314605
89.99,296.521149,-14.614511,18.07,16.727,C  ,1.343,0.1100129999999997,1.2882881142250673,9.427378686,2675338171.063703,5.270733772494639,186523.59292537734
89.99,296.488861,-14.638191,17.296,15.88766,C  ,1.3490000000000002,0.19630529999999993,1.5714671248785468,9.1910357776,1552514902.3712075,5.889995145978427,776238.4407201776
89.99,296.294617,-14.567719,18.424,17.029604997096644,C  ,1.3490000000000002,0.04011124567067492,1.0967590978844644,9.649526461258594,4461968102.118762,4.9383307641617,86762.24163769209
89.99,296.326508,-14.641376,16.449,15.02272,C  ,1.3490000000000002,0.44525711999999995,2.7877711540795884,8.5557040552,359504271.76502186,5.065506065335652,116280.2790537279
89.99,296.263336,-14.708953,16.871000000000002,15.487499999999999,C  ,1.3490000000000002,0.28406249999999966,1.9233685039719615,8.962165,916568652.7369263,5.929342799893872,849851.0198050675
89.99,296.264954,-14.715384,17.211000000000002,15.971,C  ,1.240000000000002,0.19255499999999995,1.5579553251976017,9.20081656,1587875910.0445404,5.869263323785816,740053.8525183365
89.99,296.31192,-14.728691,17.338,15.86204,C  ,1.3490000000000002,0.19745819999999994,1.575644362737292,9.1880290144,1541803454.5066435,5.896117375913794,787258.5317571036
89.99,296.318024,-14.739033,16.973,15.9,C  ,1.0729999999999986,0.19574999999999995,1.569459090972159,9.192484,1557700645.96188,5.887003528172384,770909.7318457725
89.99,296.283783,-14.741738,17.903000000000002,16.799,C  ,1.1040000000000028,0.09338099999999994,1.239883840941431,9.480235182,3021587547.3726025,5.16502352425874,146225.6377778889
89.99,296.339813,-14.745103,17.844,16.167939999999998,C  ,1.3490000000000002,0.18369270000000007,1.5264855586441135,9.223929438399999,1674670763.315931,5.815671629686004,654141.3903465377
89.99,296.276062,-14.751641,17.331,15.946119999999999,C  ,1.3490000000000002,0.1936746,1.561976875439224,9.1978966432,1577235862.0945094,5.875580776278877,750897.7037919719
89.99,296.252136,-14.757003,17.714000000000002,16.353959999999997,C  ,1.3490000000000002,0.15571688000000028,1.4312545489421347,9.296890376959999,1981026919.0510423,5.614944235821221,412044.6084447757
89.99,296.248871,-14.764977,16.91,15.004859999999999,C  ,1.3490000000000002,0.4515795600000003,2.828652254773403,8.5404353626,347084614.3594512,5.057944595895268,114273.25440537476
89.99,296.330048,-14.767764,16.905,15.220659999999999,C  ,1.3490000000000002,0.3751863600000003,2.3723915036163548,8.7249249406,530792699.05289894,5.330464144029312,214024.82175373478
89.99,296.261536,-14.769683,17.145,16.002,C  ,1.1430000000000007,0.19116000000000002,1.5529590358327023,9.20445472,1601233693.330067,5.861243369216369,726512.9655073714
89.99,296.301117,-14.779015,16.897000000000002,15.602,C  ,1.2950000000000017,0.24455999999999944,1.756143497630633,9.06518752,1161950213.2843246,6.024268788166773,1057471.784076351
89.99,296.307007,-14.784284,16.747,15.539,C  ,1.2080000000000002,0.2662949999999995,1.8462690948939435,9.008502640000001,1019770959.0347177,5.993982555183717,986239.8693809556
89.99,296.356781,-14.748176,17.054000000000002,15.815,C  ,1.2390000000000025,0.19957499999999997,1.5833429767427905,9.1825084,1522328577.040808,5.907039922386655,807309.2384914121
89.99,296.479218,-14.974156,16.682000000000002,15.31092,C  ,1.3490000000000002,0.3449825999999998,2.2130060437851995,8.8032853792,635748551.2875154,5.537532284461502,344772.23520236247
89.99,296.470612,-14.886045,17.465,16.397,C  ,1.0680000000000014,0.1504660000000001,1.4140540174268355,9.310584672,2044488499.795661,5.573944933226192,374925.46020813787
89.99,296.251434,-14.798083,17.425,15.954559999999999,C  ,1.3490000000000002,0.19329480000000002,1.5606114896987722,9.1988871616,1580837252.7443337,5.873449756377447,747222.1828946181
89.99,296.297028,-14.802626,16.621000000000002,14.736559999999999,C  ,1.3490000000000002,0.5417294399999999,3.4812037285300836,8.322723402400001,210243899.19311547,5.062846629407245,115570.40345774521
89.99,296.256256,-14.807403,17.224,15.33542,C  ,1.3490000000000002,0.3365300999999996,2.1703516206763296,8.8253294992,668851182.4694266,5.598936696510348,397133.6583844947
89.99,296.244385,-14.810474,16.672,15.406,C  ,1.266,0.31217999999999924,2.0520124906078903,8.888834560000001,774166830.7607011,5.7698344876794305,588619.2861434598
89.99,296.244141,-14.813117,17.12,15.092039999999999,C  ,1.3490000000000002,0.42071784,2.634619124438655,8.6149664164,412065653.20051026,5.119197350980224,131582.26290883555
89.99,296.259552,-14.815343,17.228,15.55884,C  ,1.3490000000000002,0.2594501999999994,1.8173986453381927,9.0263538784,1062561016.5900515,6.009615795342274,1022388.1222053808
89.99,296.259796,-14.82215,17.209,15.936,C  ,1.2729999999999997,0.19412999999999994,1.5636156191383928,9.196708959999999,1572928422.0720308,5.878119543606634,755300.1024519654
89.99,296.264984,-14.824442,18.174,16.991,C  ,1.1829999999999998,0.04902899999999999,1.119512636391443,9.621185837999999,4180091977.8203297,4.963091383385771,91852.58505432637
89.99,296.257324,-14.837327,17.811,16.617,C  ,1.193999999999999,0.12362599999999979,1.3293091679678808,9.384116572,2421678979.189999,5.365650247094237,232086.6966219873
89.99,296.257874,-14.842669,17.195,15.40302,C  ,1.3490000000000002,0.31320809999999977,2.0568759489385138,8.8861532752,769401936.7771009,5.76302902099956,579467.4170703483
89.99,296.244781,-14.845008,17.519000000000002,15.845699999999997,C  ,1.3490000000000002,0.1981935000000001,1.5783143313535348,9.186111352,1535010505.1354103,5.899958606767386,794252.5297639375
89.99,296.262543,-14.847853,16.849,15.32336,C  ,1.3490000000000002,0.3406907999999995,2.1912443030793165,8.8144783936,652346585.5734377,5.568693239288607,370418.9866307529
89.99,296.337067,-14.850516,16.724,15.623,C  ,1.1010000000000009,0.23731499999999972,1.7270901209750538,9.08408248,1213619315.7843518,6.021546331961579,1050863.5584611718
89.99,296.275482,-14.853798,17.152,15.433159999999999,C  ,1.3490000000000002,0.3028097999999999,2.0082131196723143,8.913272041599999,818977634.2109865,5.829207686030701,674850.6740966502
89.99,296.278717,-14.858888,16.483,15.01394,C  ,1.3490000000000002,0.4483652399999998,2.8077939893068096,8.5481979454,353344182.4720178,5.061497901868383,115212.04937724155
89.99,296.261169,-14.861171,17.891000000000002,16.576999999999998,C  ,1.3140000000000036,0.12850600000000012,1.3443303391530055,9.368607932,2336726759.5057855,5.400914354894305,251718.04778714705
89.99,296.281311,-14.863727,18.271,17.108999999999998,C  ,1.1620000000000026,0.021771000000000207,1.051407328973644,9.707811761999999,5102837776.908386,4.903786017151769,80128.3162904068
89.99,296.309265,-14.868592,17.126,16.059,C  ,1.0670000000000002,0.18859499999999993,1.5438140889059675,9.21114424,1626088730.5904372,5.846079271517351,701583.3463305453
89.99,296.289734,-14.876258,17.204,15.921,C  ,1.2830000000000013,0.19480499999999998,1.5660477503732846,9.19494856,1566565507.3031068,5.881849297658699,761814.6107021397
89.99,296.262299,-14.882443,16.154,14.834999999999999,C  ,1.3190000000000008,0.5117099999999999,3.2487029290801686,8.39522035,248439330.3693608,5.060433333762511,114929.98069738342
89.99,296.294189,-14.884681,16.706,14.98302,C  ,1.3490000000000002,0.45931092000000007,2.8794591386783415,8.521764128200001,332478929.9911743,5.051696322433966,112640.95462550221
89.99,296.266968,-14.910404,17.64,15.3802,C  ,1.3490000000000002,0.3210809999999995,2.09450306391783,8.865620752,733872733.3169862,5.70938770815612,512138.8337455165
89.99,296.286987,-14.962574,17.246000000000002,15.430559999999998,C  ,1.3490000000000002,0.30370680000000005,2.0123652072850726,8.910932665599999,814577979.4648347,5.823751881991676,666425.9227546521
89.99,296.311035,-14.973057,17.164,15.56522,C  ,1.3490000000000002,0.25724909999999923,1.8082109713319963,9.032094347200001,1076699092.980295,6.013473623374592,1031510.4293447633
89.99,296.334747,-14.99367,17.119,15.340819999999999,C  ,1.3490000000000002,0.3346670999999999,2.1610613690591522,8.830188203199999,676376022.0663142,5.612455767326915,409690.3809306857
89.99,296.325409,-14.997616,17.29,16.054,C  ,1.2360000000000007,0.18882000000000002,1.5446141178724158,9.210557439999999,1623893113.1750026,5.847430630518651,703769.8064167225
89.99,296.250244,-15.015092,18.236,15.3483,C  ,1.3490000000000002,0.3320864999999995,2.148258307886083,8.836918408,686939370.8576514,5.631129673709764,427690.5689706313
89.99,296.216919,-14.990644,17.431,16.148,C  ,1.2830000000000013,0.18459,1.5296427054997241,9.22158928,1665671212.6125438,5.821371355236734,662782.991985538
89.99,296.219086,-14.802538,17.109,15.924,C  ,1.1850000000000023,0.19466999999999998,1.5655610216691012,9.19530064,1567836027.7425778,5.881106539506927,760512.8202344988
89.99,296.16803,-14.836925,17.881,15.610159999999999,C  ,1.3490000000000002,0.24174479999999976,1.74479657475777,9.0725295616,1181760750.0154386,6.023981606472761,1056772.7511271066
89.99,296.22171,-14.839417,17.729,16.431,C  ,1.2979999999999983,0.14631799999999984,1.4006125065698674,9.321402656,2096054911.927454,5.541220293502198,347712.4919791195
89.99,296.204712,-14.849141,17.106,15.395439999999999,C  ,1.3490000000000002,0.31582319999999964,2.0692987718832927,8.8793330944,757413592.0149988,5.745495786004968,556539.2340861546
89.99,296.187256,-14.854028,17.966,16.867,C  ,1.0990000000000002,0.07767299999999966,1.1958397902654,9.530155206,3389652722.1757956,5.0789840282334735,119945.51907525184
89.99,296.227081,-14.876891,17.343,15.70972,C  ,1.3490000000000002,0.20739659999999915,1.612117157023261,9.162109667200001,1452478348.2973075,5.94364240862781,878299.0411502353
89.99,296.226807,-14.881382,17.165,15.838,C  ,1.327,0.19854000000000002,1.5795740851886428,9.18520768,1531819804.1309292,5.901751426203768,797538.0758652957
89.99,295.976105,-14.796489,18.05,16.982,C  ,1.0680000000000014,0.05110799999999993,1.1248846745973928,9.614578776,4116980177.9292984,4.96963554245902,93247.14474488868
89.99,296.003693,-14.974893,18.192,17.14,C  ,1.0519999999999996,0.01460999999999979,1.0342130177938074,9.73056942,5377363809.705303,4.895965274977405,78698.28621393169
89.99,297.181274,-14.445981,18.330000000000002,17.222,C  ,1.1080000000000005,-0.000308000000000197,0.9992910552115496,9.777978824,5997618314.303657,4.889004771005026,77447.03058116681
89.99,297.108337,-14.49365,17.991,16.571620000000003,C  ,1.3490000000000002,0.1291623599999996,1.3463635949368258,9.366522019920001,2325530393.6460814,5.405692114287685,254502.53602918613
89.99,297.013916,-14.348797,18.001,16.874,C,1.1270000000000024,0.07605600000000012,1.1913956223520745,9.535294032,3429999304.6499863,5.0709891329021985,117757.65073412622
