Id-main,Ra(J2000) deg,Dec(J2000) deg,J,Ks,Types,DCG,J-Ks,Log(M/Ms),M/Ms,Log(t),t,Log(dt),dt
10870.0,296.17892,-14.82286,17.32,16.082,S,0.0553008363408852,1.1,0.23695199999999983,1.7256471558779192,9.064864256,1161085645.7379344,5.43840779600378,274414.9677941276
10784.0,296.21545,-14.83469,17.25,16.1224,S,0.0360835544258221,1.1,0.23234640000000006,1.7074437295612634,9.0771704192,1194456722.957566,5.433029290109073,271037.4421423631
11004.0,296.27341,-14.80861,17.400000000000002,16.162,S,0.0439612522569536,1.1,0.22783200000000003,1.6897871375793156,9.089232896,1228097637.7520294,5.427125120181893,267377.6612393023
11029.0,296.28308,-14.80497,17.26,16.146199999999997,S,0.0531824820781841,1.1,0.22963320000000031,1.696809941424532,9.0844200896,1214563119.6935039,5.429556448000987,268878.72990470374
12050.0,296.25427,-14.81764,17.970000000000002,16.5388,S,0.0290529482152862,1.1,0.16561840000000028,1.4642606787816412,9.2554676352,1800808928.2869258,5.279093552626876,190148.7840789154
30528.0,296.19156,-14.89296,17.560000000000002,16.4324,S,0.0990530044976071,1.1,0.18764319999999968,1.5404343700394463,9.196617369600002,1572596734.7973192,5.345913079881902,221775.25122445993
10326.0,296.25522,-14.82579,16.62,15.423399999999999,S,0.0348973179485115,1.1,0.33257519999999996,2.150677046292217,8.8093590656,644702071.4255034,5.430209438735488,269283.3110988869
10293.0,296.29922,-14.8365,17.67,14.2792,LAV,0.0774889495347318,1.1,0.5569672000000003,3.6055141142331464,8.267101670399999,184970159.2219634,5.354703682693835,226309.96772737024
10310.0,296.19168,-14.82965,18.12,15.0604,LAV,0.0474478956329991,1.1,0.3762327999999999,2.37811471393601,8.6950807296,495542297.0025981,5.387948140005595,244313.87950625818
10371.0,296.28415,-14.81194,17.13,14.5672,LAV,0.0551152918889052,1.1,0.47753559999999995,3.002863561592688,8.4551956992,285230326.5919801,5.361808492394772,230042.71914624
10501.0,296.23456,-14.7733,17.8,14.9198,LAV,0.028734134752932,1.1,0.3893085999999999,2.450804110154395,8.6641172352,461442121.2923169,5.378915289117466,239284.89760822995
10968.0,296.20154,-14.81282,18.98,15.0648,LAV,0.0305662248241381,1.1,0.3758235999999999,2.3758750671576534,8.696049715200001,496649171.3545689,5.388244411907976,244480.6051639222
11391.0,296.18323,-14.76308,18.19,15.2408,LAV,0.0606351465736124,1.1,0.3594555999999999,2.2879977866715033,8.737534636800001,546430128.2305037,5.40313903313658,253010.7844471618
11401.0,296.27222,-14.76143,17.89,15.078799999999998,LAV,0.0583248317614268,1.1,0.3745216000000001,2.368762941264367,8.6991328512,500187519.5355087,5.389191194202729,245014.16570659322
11403.0,296.22778,-14.76111,18.150000000000002,15.752799999999999,LAV,0.0406207090041525,1.1,0.2759183999999999,1.8876366459440233,8.960746035200001,913578846.6509135,5.459585811636042,288128.23020531615
11991.0,296.27774,-14.82287,18.26,15.641999999999998,LAV,0.0522355013376701,1.1,0.2949760000000001,1.972313739018041,8.909824128,812501418.758925,5.456071905561305,285806.37100205076
12070.0,296.24905,-14.81619,17.29,15.803600000000001,LAV,0.0239527221834963,1.1,0.26718079999999955,1.8500386434329728,8.984092902400002,964035223.820204,5.458386304076618,287333.5271661565
12660.0,296.25348,-14.76936,18.18,14.858199999999998,LAV,0.0399405370519755,1.1,0.3969286000000003,2.494184637866664,8.6460730752,442662849.37375826,5.374170901868477,236685.0908176715
12711.0,296.24728,-14.76419,18.740000000000002,16.3842,LAV,0.041271646441583,1.1,0.1976205999999998,1.5762336690809498,9.1699577568,1478964524.4181857,5.370966468835672,234945.14165566987
13390.0,296.24246,-14.82114,19.79,15.9438,LAV,0.0231156332381227,1.1,0.2527068,1.7893973918563284,9.0227674304,1053822411.4574685,5.452031510931086,283159.7439429439
14105.0,296.17993,-14.75767,19.03,15.1424,LAV,0.0666558692089493,1.1,0.3686067999999999,2.3367206687739106,8.713139097600001,516581795.6939013,5.393556373099115,247489.26911035465
20438.0,296.27051,-14.73481,19.19,15.219599999999996,LAV,0.0781749301246804,1.1,0.3614272000000003,2.298408398919724,8.7322665216,539841815.6821498,5.401060394587316,251802.70695139814
20608.0,296.18378,-14.68249,19.37,15.123599999999998,LAV,0.1278286384187851,1.1,0.3703552000000001,2.3461468932926475,8.7089988864,511680523.508529,5.3922568916901605,246749.84679406913
20614.0,296.2677,-14.68061,19.400000000000002,15.4434,LAV,0.1267943752695596,1.1,0.32913519999999963,2.133709053672983,8.818550745600001,658492367.6884446,5.433333876370866,271227.59707330045
21316.0,296.17764,-14.6424,18.43,15.977600000000002,LAV,0.1676559050555692,1.1,0.24885359999999968,1.7735915051466538,9.033063180800001,1079103697.9196298,5.449366203897222,281427.2869071973
30767.0,296.26511,-14.96155,17.87,16.2318,LAV,0.1636897263116979,1.1,0.21987480000000004,1.6591085446157507,9.1104945344,1289717326.6923454,5.4151685046490945,260116.86111780477
30924.0,296.21112,-14.91074,19.26,15.427599999999998,LAV,0.1106920019694336,1.1,0.33185280000000006,2.147102610698717,8.8112893184,647573872.9999803,5.430874700631441,269696.1213278029
30961.0,296.30179,-14.90356,19.55,14.917200000000001,LAV,0.1246409892450918,1.1,0.38955039999999985,2.4521690122194286,8.6635446528,460834147.7799656,5.378757969653854,239198.2343969898
40030.0,296.18011,-14.75091,16.82,15.74,LAV,0.0711729562404184,1.08,0.2781199999999997,1.8972300728356302,8.954863360000001,901287525.2001851,5.459594585333666,288134.05108402733
40275.0,296.22681,-14.75065,16.93,14.739799999999999,LAV,0.0511196293022558,1.1,0.42972540000000015,2.6898335116565755,8.5684102528,370177700.0646554,5.360293428224703,229241.59855076188
40327.0,296.23346,-14.74996,17.51,16.45,LAV,0.0518256278302513,1.0600000000000023,0.18399999999999994,1.5275660582380723,9.206352,1608244222.855589,5.3359523147448185,216746.6105367555
40419.0,296.24622,-14.86655,17.78,15.355199999999998,LAV,0.066876773247513,1.1,0.3488164,2.232628169412895,8.7659625792,583394834.1393546,5.414245020499502,259564.33605980763
40493.0,296.26105,-14.73764,18.09,14.671600000000002,LAV,0.0711613898121688,1.1,0.4486167999999995,2.809420842263042,8.523675417600002,333945363.1196246,5.358025901787375,228047.80780961332
40538.0,296.2731,-14.75146,17.11,15.8444,LAV,0.0661713994109114,1.1,0.2640383999999999,1.8367007359027403,8.9924893952,982854872.9101201,5.457482530263236,286736.2032031032
12557.0,296.18398,-14.78018,18.03,17.05,O,0.0507903583369902,0.9800000000000004,0.06479999999999952,1.160913870126181,9.556316,3600111901.014354,4.819510808602739,65994.96587064775
11226.0,296.25229,-14.78475,17.29,15.941599999999998,O,0.0279844689068754,1.1,0.2529576000000002,1.7904310464211237,9.0220972928,1052197565.9298625,5.4521904133303964,283263.3671688046
20331.0,296.20415,-14.63486,16.38,15.39,O,0.168801062200448,0.9899999999999984,0.33831999999999973,2.179314959512118,8.794008960000001,622313124.079867,5.424763414078358,265927.60000303836
10184.0,296.22364,-14.77473,16.240000000000002,15.0296,O,0.0276805563527967,1.1,0.3790971999999999,2.3938514673936684,8.6882978304,487862941.9800434,5.385893347514039,243160.67904444976
30133.0,296.21816,-14.88035,16.1,15.02,O,0.079565872080938,1.0800000000000018,0.37998999999999994,2.3987776844862045,8.686183680000001,485493790.9221922,5.385260326798005,242806.51009182606
20134.0,296.21322,-14.68097,16.150000000000002,14.981,O,0.1218608156874111,1.1,0.3836169999999999,2.4188949063876937,8.677594944,475986838.25799245,5.382730079426671,241396.00555174818
40363.0,296.23649,-14.85697,18.98,15.6306,C,0.0556795303500298,1.1,0.2969367999999999,1.9812386882793818,8.9045848704,802758421.6538551,5.455280165345507,285285.8065722397
10198.0,296.25088,-14.76786,15.3,14.089599999999999,O,0.0397377717039968,1.1,0.6013336000000002,3.993315280541429,8.162042035199999,145225217.37285978,5.2540061351031415,179475.89804903427
30292.0,296.18801,-14.87231,15.680000000000001,14.61,O,0.0821776715416054,1.070000000000002,0.46567999999999987,2.9219985763346217,8.48326976,304277444.40250844,5.35940166540305,228771.36601598738
10091.0,296.26702,-14.76311,15.260000000000002,14.091,O,0.0534542234065639,1.1,0.6010060000000004,3.9903041513297466,8.162817792,145484857.16404372,5.255220167423971,179978.30915418649
20004.0,296.21293,-14.73224,13.520000000000001,12.5,O,0.0714976209394527,1.0200000000000014,1.5306499999999998,33.93516772196704,6.783803850000001,6078603.978662576,3.0530895504112365,1130.028899720003
10817.0,296.23639,-14.83054,17.5,15.806599999999998,LPV,0.0295687165768042,1.1,0.26666480000000004,1.8478418550874176,8.9854716544,967100603.7169986,5.458255450207693,287246.9659926867
12751.0,296.21027,-14.75973,17.69,16.0794,LPV,0.0463490722668915,1.1,0.23724840000000003,1.7268252882689188,9.064072275200001,1158970215.6961758,5.438731863029816,274619.8104376913
11032.0,296.18048,-14.80431,18.0,15.478599999999998,LPV,0.0495903216364133,1.1,0.32308080000000006,2.1041698817920698,8.8347281024,683483606.526699,5.438540351048633,274498.73731373734
10748.0,296.17438,-14.83893,18.38,15.5688,LPV,0.0669469342091456,1.1,0.3075663999999998,2.03032891646899,8.876182579200002,751938945.8278278,5.4497677807338585,281687.63317174674
12208.0,296.23352,-14.80653,17.67,15.162399999999998,LPV,0.0060008332754601,1.1,0.36674680000000004,2.326734342187596,8.7180525504,522459403.6858799,5.395453811959041,248572.91881614376
21419.0,296.27563,-14.74923,19.73,15.6906,LPV,0.0695129520305118,1.1,0.2866167999999998,1.9347141144219153,8.932159910400001,855381612.6637812,5.4585835676056895,287464.0683138817
13364.0,296.19489,-14.82267,17.900000000000002,15.406199999999998,LPV,0.0409110266309982,1.1,0.3355336,2.1653774012758764,8.8014542208,633073625.5839151,5.427437894630141,267570.2932563423
20239.0,296.22632,-14.72554,17.84,15.153,LPV,0.0762188907030278,1.1,0.36762099999999986,2.331422588969354,8.715473472000001,519365948.11963445,5.394291593837205,247908.60059579014
20558.0,296.19647,-14.70265,18.01,14.6054,LPV,0.1045429160680085,1.1,0.4669542,2.930584174243492,8.4802524544,302170772.1836646,5.359613220619882,228882.83316035673
20840.0,296.30347,-14.74166,18.5,15.3438,LPV,0.0948632752965971,1.1,0.34987659999999987,2.238085120944668,8.7631297248,579601799.0155199,5.41315249446715,258912.18777755654
12466.0,296.17462,-14.78854,18.220000000000002,15.5192,LPV,0.0569152114992251,1.1,0.31609759999999976,2.070606628707944,8.853387212800001,713488886.4794269,5.444007968904516,277976.427341044
40114.0,296.19916,-14.8616,20.01,16.1638,LPV,0.0673996327883223,1.1,0.22762680000000013,1.6889889178660005,9.0897811904,1229649083.4196563,5.426841732563609,267203.24778077996
11059.0,296.21259,-14.80142,18.18,15.203199999999999,LPV,0.0174117948529558,1.1,0.36295239999999995,2.3064943760463956,8.7281911872,534799739.6897253,5.399451671585166,250871.69931833044
11296.0,296.21729,-14.77647,18.17,15.193199999999997,LPV,0.0282238214988806,1.1,0.36388240000000016,2.3114388047646597,8.7257062272,531748443.33149326,5.39847092105083,250305.8046128141
30928.0,296.22229,-14.90997,18.75,15.6628,LPV,0.1085740949766584,1.1,0.2913983999999996,1.956133091451736,8.919383475200002,830583836.2925757,5.457322029716698,286630.25478254945
13106.0,296.24048,-14.84939,18.900000000000002,15.1642,LPV,0.0488572287384316,1.1,0.3665794,2.325837668873218,8.7184998432,522997777.35620993,5.395629909414997,248673.7304455411
11305.0,296.17957,-14.77527,17.82,14.8708,LPV,0.0569222706855631,1.1,0.39343839999999997,2.4742204948851247,8.6543378688,451167563.62398684,5.3762873286862405,237841.33214883794
30920.0,296.24246,-14.91158,18.75,15.083199999999998,LPV,0.1106140122226819,1.1,0.3741124000000001,2.366532101743042,8.7001018368,501304769.747849,5.389489977483483,245182.7870615607
11140.0,296.22876,-14.79337,18.55,15.255799999999999,LPV,0.0083921153471572,1.1,0.35806059999999995,2.280660285509838,8.7412620768,551140183.8966177,5.404608021541412,253868.0350335493
20439.0,296.2464,-14.73473,18.95,14.883,LPV,0.0689196894943604,1.1,0.3900590000000004,2.4550424167312555,8.662340288,459557954.79761887,5.378428420234685,239016.79589791058
10753.0,296.24295,-14.83836,18.2,15.3198,LPV,0.0389083358677768,1.1,0.3521085999999999,2.2496170764202628,8.757165820800001,571696878.3074753,5.410839483891974,257536.91195049955
40520.0,296.26687,-14.74039,18.21,14.805399999999999,LPV,0.071516678474307,1.1,0.4115542000000003,2.579610880066369,8.6114396544,408732954.36188257,5.366527712686513,232556.08770827024
31168.0,296.23883,-14.87026,19.29,14.8228,LPV,0.0691560337208537,1.1,0.4067343999999995,2.5511406330783135,8.622852940800001,419616870.81012535,5.368810199658468,233781.53165822054
21671.0,296.26569,-14.72024,19.580000000000002,15.181799999999999,LPV,0.0889079355288324,1.1,0.3649426,2.3170883839015106,8.7228733728,528291195.50451124,5.397353384334987,249662.53985045123
11174.0,296.21774,-14.78943,18.92,15.073799999999999,LPV,0.0173241219113883,1.1,0.37498660000000006,2.371300538907851,8.6980317312,498920939.18212646,5.388852362851194,244823.08313986068
20569.0,296.29114,-14.6977,19.04,15.207600000000001,LPV,0.1206145119792636,1.1,0.36254319999999984,2.3043221794453066,8.7292845696,536147851.02582544,5.39988327387428,251121.13978980065
12445.0,296.21661,-14.79057,20.060000000000002,15.371999999999998,LPV,0.0173925875015878,1.1,0.34141599999999994,2.1949063755503944,8.785736448,610571386.6564355,5.421727008296207,264074.82964386966
21141.0,296.29965,-14.69757,17.96,14.7762,LPV,0.12525147703718,1.1,0.4196426,2.6281043192766167,8.5922863232,391098655.7177689,5.363273514381818,230820.04129161642
21234.0,296.28125,-14.67393,19.96,15.1616,LPV,0.1376374589274226,1.1,0.36682119999999996,2.327132974615535,8.7178537536,522220304.4248665,5.395375557958609,248528.13336817204
12147.0,296.28897,-14.81087,19.73,15.235199999999997,LPV,0.0596833385460178,1.1,0.3599764000000002,2.290743168092224,8.7361430592,544682044.817893,5.40259016942385,252691.23002059403
11299.0,296.25732,-14.77645,18.86,14.862,LPV,0.0371810543153172,1.1,0.3958759999999999,2.4881467998068323,8.648565632,445210739.5369474,5.374798531858909,237027.38863584553
13293.0,296.25696,-14.83051,20.1,15.343000000000002,LPV,0.0394789462878461,1.1,0.3499509999999998,2.238468565366972,8.762930928000001,579336549.0059516,5.41307566801599,258866.39040710585
21029.0,296.19858,-14.71837,18.91,14.5946,LPV,0.0890286830184605,1.1,0.4699458000000001,2.95084093840593,8.4731683456,297281816.2132809,5.360159089582495,229170.69909461812
40102.0,296.19682,-14.75119,19.490000000000002,14.567399999999997,LPV,0.0604081352137365,1.1,0.47748020000000047,3.0024805310959355,8.4553268864,285316499.04301643,5.361795302750311,230035.73279083183
12177.0,296.28424,-14.80892,20.3,14.825400000000002,LPV,0.0547223912123661,1.1,0.40601419999999955,2.54691352691234,8.624558374400001,421267906.4204339,5.369172140324186,233976.44620486815
10807.0,296.21631,-14.83196,20.17,14.584999999999999,LPV,0.033240039109483,1.1,0.47260500000000016,2.9689644674962334,8.46687136,293002522.99075705,5.360697465779859,229454.96831919314
40623.0,296.29793,-14.74687,20.2,14.877199999999998,LPV,0.0872784331894119,1.1,0.3916656000000005,2.4641412561192673,8.658535859199999,455549798.84017366,5.377399773088767,238451.34315862705
30268.0,296.25891,-14.88796,16.53,13.854999999999999,LPV,0.091004132873182,1.1,0.7294550000000015,5.3635829308347835,7.903007819999997,79984865.71245886,4.097664010775265,12521.72064986889
20540.0,296.18011,-14.71067,17.68,16.2212,C,0.1037786688101189,1.1,0.22108320000000004,1.6637313493077124,9.1072656896,1280164234.447295,5.417112878272416,261284.0374269086
40590.0,296.28567,-14.73952,17.810000000000002,16.1718,C,0.0834372302991646,1.1,0.22671479999999988,1.6854458342082523,9.0922180544,1236568144.6347375,5.425566347446469,266419.70767745946
20578.0,296.29065,-14.69641,17.6,15.9066,C,0.1214828798637942,1.1,0.25694760000000005,1.8069560937411466,9.0114360128,1026682153.3101116,5.454482224238083,284762.1244068836
20542.0,296.17703,-14.71031,17.64,15.7258,C,0.1056052579183522,1.1,0.28056239999999977,1.9079298381552126,8.948337267200001,887845232.9407717,5.459471411253415,288052.3424375251
30430.0,296.21802,-14.92573,17.470000000000002,15.569599999999998,C,0.1246370891829549,1.1,0.30742880000000006,2.0296857376640394,8.8765502464,752575795.6064371,5.449851507033517,281741.9441006704
12400.0,296.17468,-14.79389,17.8,15.4718,C,0.0558643965330282,1.1,0.3242503999999997,2.109844266540611,8.8316029312,678582930.9201239,5.437565997475718,273883.5809287883
30583.0,296.30014,-14.87872,18.17,15.3312,C,0.1041936759117235,1.1,0.3510483999999998,2.244132007404704,8.7599986752,575438181.980601,5.411940215474919,258190.47438577836
20375.0,296.18277,-14.74815,17.830000000000002,15.060199999999998,C,0.0713797121036582,1.1,0.3762514,2.378216566210773,8.6950366848,495492043.18739986,5.387934688340771,244306.31234236286
20657.0,296.22934,-14.65254,17.78,15.0378,C,0.1491314604635786,1.1,0.37833459999999985,2.389651668977518,8.6901036672,489895744.7758903,5.386436963164332,243465.2390162882
20588.0,296.29919,-14.69143,17.36,14.6454,C,0.1301541920185389,1.1,0.4558741999999998,2.8567629186980765,8.506489894400001,320988811.2442645,5.358253514168365,228167.35827841636
89.99,296.22287,-14.71018,17.400000000000002,16.3,C,0.0917674070680887,1.1,0.21209999999999984,1.629671235110528,9.1312688,1352909667.0841346,5.401544307895949,252083.43488486586
89.99,296.22888,-14.72012,17.3,16.23,C,0.08155769062449,1.0700000000000003,0.22007999999999994,1.659892642801851,9.109946240000001,1288090093.0482593,5.415501947545235,260316.65049582755
89.99,296.22033,-14.72841,18.060000000000002,17.08,C,0.0738954430259435,0.980000000000004,0.05934000000000017,1.146410090527025,9.5738153,3748135648.330561,4.788488310666291,61445.249307310194
89.99,296.12738,-14.73369,17.36,16.34,C,0.1230940485969992,1.0199999999999996,0.2067699999999999,1.6097928718228018,9.14551056,1398010907.9621553,5.391080569215217,246082.40876719708
89.99,296.31088,-14.73645,16.98,15.8248,C,0.1039000615976556,1.1,0.2635343999999997,1.8345704757220351,8.993836083200001,985907302.058922,5.4573135990689146,286624.69068867236
89.99,296.28564,-14.74075,16.470000000000002,14.886999999999999,C,0.0825048847038646,1.1,0.3889510000000005,2.4487869377831637,8.664964031999999,462342728.87515724,5.37914870241098,239413.53679217031
89.99,296.18609,-14.7787,16.52,15.469999999999999,C,0.0495551107354571,1.0500000000000007,0.32455999999999996,2.1113488692859415,8.83077568,677291585.3835601,5.437305456225927,273719.3224054933
89.99,296.24578,-14.7865,17.38,16.39,C,0.0218892051020632,0.9899999999999984,0.19641999999999982,1.5718822143882474,9.173165760000002,1489929640.3383625,5.3681242467893435,233412.5734011696
89.99,296.23651,-14.79789,17.05,16.15,C,0.0075278482981448,0.9000000000000021,0.22920000000000018,1.6951182515314007,9.0855776,1217804571.4615679,5.428980897665928,268522.63340528484
89.99,296.22512,-14.86821,17.11,16.25,C,0.0667187080210649,0.8599999999999994,0.2178,1.6512012168506316,9.1160384,1306286383.9110458,5.411721792459943,258060.65334254032
89.99,296.21267,-14.87307,17.46,16.4,C,0.0734730488002275,1.0600000000000023,0.19435000000000024,1.5644078985569132,9.178696799999999,1509026268.9912224,5.363113098613499,230734.7988161293
89.99,296.117004,-14.632751,16.26,15.19,C,0.2032282573290481,1.070000000000002,0.36417999999999995,2.3130232594535913,8.72491104,530775710.0760174,5.398157157464903,250125.03214900903
89.99,296.233887,-14.671288,16.94,15.940000000000001,C,0.1304399275260435,1.0,0.2531399999999998,1.7911831702112377,9.021609920000001,1051017433.8782339,5.45230486799841,283338.02869109646
89.99,295.968842,-14.682981,16.62,15.61,C,0.2868633467088676,1.0100000000000016,0.30047999999999986,1.9974687794878918,8.89511744,785448003.2827079,5.453665608493904,284227.18151910964
89.99,296.259827,-14.684196,17.11,16.14,C,0.121201446381622,0.9699999999999989,0.23033999999999988,1.6995736922001232,9.08253152,1209292947.1955817,5.430483026852696,269453.00223578163
89.99,296.411377,-14.685686,17.27,15.990599999999999,C,0.215290279355569,1.1,0.24737160000000014,1.7675495610439809,9.0370230848,1088987976.6420453,5.448228011710136,280690.6923237565
89.99,296.156006,-14.687428,17.11,15.458,C,0.1361115226569883,1.1,0.3266239999999998,2.1214070119277335,8.825260672,668745191.0088396,5.435541300674534,272609.69738375227
89.99,296.179413,-14.688039,17.04,16.009999999999998,C,0.1243826705373409,1.0300000000000011,0.24516000000000016,1.758571376266893,9.04293248,1103906981.539484,5.446411202408702,279518.91535665694
89.99,296.248596,-14.689795,17.060000000000002,16.04,C,0.1134099944493428,1.0200000000000031,0.24174000000000007,1.7447772906599393,9.05207072,1127381022.62214,5.443319762881267,277536.28001345735
89.99,295.969452,-14.694445,17.12,16.06,C,0.2817489324363355,1.0600000000000023,0.23946000000000012,1.7356413970291662,9.05816288,1143307046.0513484,5.441066358674117,276099.96950646024
89.99,296.350922,-14.720666,16.85,15.6534,C,0.1455464808918504,1.1,0.2930151999999997,1.9634289942609744,8.915063385600002,822362665.6263536,5.456788702262787,286278.47974160337
89.99,296.375854,-14.73088,15.95,14.959999999999999,C,0.1621253015910708,0.9900000000000002,0.38556999999999997,2.4297970474721393,8.67297024,470945053.81326556,5.381398034063056,240656.74261888958
89.99,296.436554,-14.743853,17.25,16.49,C,0.2144932642415442,0.7600000000000016,0.1757200000000001,1.498718264576511,9.22847616,1692295345.6544495,5.311700293840659,204974.7162297757
89.99,296.485382,-14.756809,16.54,15.56,C,0.2592922583591699,0.9799999999999986,0.3090799999999996,2.037417349286199,8.872138240000002,744969066.7988441,5.448826753648273,281077.9346181212
89.99,296.131714,-14.759347,17.17,16.11,C,0.1070110934670134,1.0600000000000023,0.23376000000000008,1.7130104013612497,9.07339328,1184113356.8407516,5.434748952224181,272112.78812571586
89.99,296.112915,-14.776258,17.150000000000002,15.774,C,0.1198109634758327,1.1,0.27227199999999985,1.8718541214435649,8.970489216,934306168.1402715,5.459315144801863,287948.7150094585
89.99,296.152313,-14.788395,16.94,15.91,C,0.0788130420298824,1.0300000000000011,0.2565599999999999,1.8053441374131225,9.01247168,1029133416.0294484,5.454278939142645,284628.8637921541
89.99,296.283356,-14.789384,17.27,16.38,C,0.0547522468214852,0.8900000000000006,0.19849000000000006,1.5793922404695757,9.16763472,1471074678.2710226,5.372995203524135,236045.21635093607
89.99,296.374786,-14.798067,17.53,16.48,C,0.1448308233940088,1.0500000000000007,0.1777899999999999,1.505878733187011,9.22294512,1670879458.8332477,5.317973066359476,207956.7714555265
89.99,296.170349,-14.798781,17.2,15.5342,C,0.0597209186299379,1.1,0.31351759999999973,2.0583423041980367,8.860280972800002,724904795.5461143,5.445863557500069,279166.6644238229
89.99,296.073059,-14.801702,17.42,16.39,C,0.15694100326239,1.0300000000000011,0.19641999999999982,1.5718822143882474,9.173165760000002,1489929640.3383625,5.3681242467893435,233412.5734011696
89.99,296.160095,-14.802064,17.18,16.28,C,0.069906110326643,0.8999999999999986,0.2143799999999998,1.638249333721557,9.125176640000001,1334063923.825576,5.405740386239261,254530.82562850512
89.99,296.338257,-14.808908,17.21,15.9306,C,0.1084986944299137,1.1,0.2542116,1.7956082825841655,9.0187466048,1044110840.3648064,5.452958451609048,283764.75413879956
89.99,296.100708,-14.828527,16.52,15.57,C,0.1320519583838322,0.9499999999999993,0.30735999999999963,2.0293642246717463,8.876734080000002,752894422.7331126,5.449893255208938,281769.0288967182
89.99,296.129822,-14.832311,17.36,16.419999999999998,C,0.1047592600441874,0.9400000000000013,0.1902100000000002,1.5495657192412302,9.18975888,1547956955.646848,5.352669861552318,225252.62540727895
89.99,296.084503,-14.832314,17.3,16.034399999999998,C,0.1486890437961386,1.1,0.24237840000000022,1.747343947490609,9.0503649152,1122961624.5935771,5.443923019059104,277922.05928858096
89.99,296.434357,-14.834667,17.28,16.25,C,0.207003829573231,1.0300000000000011,0.2178,1.6512012168506316,9.1160384,1306286383.9110458,5.411721792459943,258060.65334254032
89.99,296.30838,-14.840508,17.05,16.009999999999998,C,0.0874746514368425,1.0400000000000027,0.24516000000000016,1.758571376266893,9.04293248,1103906981.539484,5.446411202408702,279518.91535665694
89.99,296.173828,-14.855554,17.64,16.58,C,0.0778381592793689,1.0600000000000023,0.15709000000000017,1.4357869444709368,9.27825552,1897822188.899464,5.2490085909618545,177422.45772258163
89.99,296.080383,-14.858717,16.11,15.219999999999999,C,0.1601237237201611,0.8900000000000006,0.36139,2.2982115345010574,8.73236592,539965385.1863438,5.4010996293164055,251825.45616345547
89.99,296.28244,-14.868937,17.28,16.48,C,0.0852924550531821,0.8000000000000007,0.1777899999999999,1.505878733187011,9.22294512,1670879458.8332477,5.317973066359476,207956.7714555265
89.99,296.236908,-14.87212,17.82,16.75,C,0.0707878730009616,1.0700000000000003,0.1218999999999999,1.3240366293918922,9.373310499999999,2362166466.830771,5.102032557095016,126483.11625944918
89.99,296.096558,-14.8814,17.78,16.96,C,0.1554465833140135,0.8200000000000003,0.08117999999999959,1.205535489490245,9.5038181,3190201390.55863,4.908728542040072,81045.43209334661
89.99,296.261414,-14.883708,17.740000000000002,16.72,C,0.0878468715436076,1.0200000000000031,0.12811000000000017,1.3431051055767993,9.35569008,2268245615.173631,5.129822883416603,134841.28526147094
89.99,296.431213,-14.889406,17.13,16.11,C,0.2195091730771135,1.0199999999999996,0.23376000000000008,1.7130104013612497,9.07339328,1184113356.8407516,5.434748952224181,272112.78812571586
89.99,296.163086,-14.894488,16.55,15.339599999999999,C,0.1144231817421619,1.1,0.3502672,2.240098937200791,8.7620860416,578210590.0455594,5.412748933474157,258671.7096397116
89.99,296.118591,-14.89873,16.69,15.66,C,0.1477586169433393,1.0300000000000011,0.2918799999999997,1.9583034994900201,8.918096640000002,828126419.4119624,5.457168691429186,286529.0708253392
89.99,296.251007,-14.9064,17.76,16.7,C,0.1068160425638391,1.0600000000000023,0.13224999999999998,1.3559697466625227,9.344628,2211199869.179085,5.148408545169824,140737.08294471353
89.99,296.35376,-14.912353,17.02,15.8786,C,0.1660339245124352,1.1,0.2601395999999999,1.8202858788731355,9.002906988800001,1006716041.2109107,5.456000233854585,285759.2082102373
89.99,296.223907,-14.922441,17.02,15.6716,C,0.1209246008469746,1.1,0.28988479999999983,1.9493274568550085,8.9234278144,838354721.1794635,5.457773042407172,286928.07351191255
89.99,296.332458,-14.951111,17.560000000000002,16.391,C,0.1811912090720486,1.1,0.1962130000000002,1.571133178651954,9.173718864,1491828377.4078472,5.3676294425766935,233146.79116850518
89.99,296.034485,-14.951339,17.37,16.32,C,0.2462253536620477,1.0500000000000007,0.2109099999999997,1.6252119238630087,9.134448480000001,1362851322.6775184,5.399287754700494,250777.03003358791
89.99,296.345795,-14.960103,16.71,15.65,C,0.1962383691177598,1.0600000000000005,0.29359999999999964,1.9660746338790986,8.913500800000001,819409132.5862932,5.456582876304685,286142.83541691734
89.99,296.33786,-14.988564,16.53,15.002199999999998,C,0.2157849550733125,1.1,0.3816454,2.4079385520028826,8.6822636928,481131390.785659,5.384096910706171,242156.9347900177
89.99,296.281311,-14.988667,16.96,16.0,C,0.1939089908436423,0.9600000000000009,0.24629999999999996,1.7631935968238324,9.0398864,1096191423.828791,5.447365461547602,280133.76713841903
89.99,296.204498,-14.674287,18.12,17.21,C,0.1299106642774213,0.9100000000000001,0.03567999999999949,1.0856254104800946,9.649645600000001,4463192308.752568,4.647448966272657,44406.74761525111
89.99,296.247101,-14.722958,17.93,16.96,C,0.0805482659341517,0.9699999999999989,0.08117999999999959,1.205535489490245,9.5038181,3190201390.55863,4.908728542040072,81045.43209334661
89.99,296.244446,-14.75467,17.05,16.15,C,0.0491699798250807,0.9000000000000021,0.22920000000000018,1.6951182515314007,9.0855776,1217804571.4615679,5.428980897665928,268522.63340528484
89.99,296.350891,-14.757086,16.78,15.78,C,0.1288501724368005,1.0000000000000018,0.2712399999999999,1.8674113754063517,8.97324672,940257313.2130165,5.459179401444386,287858.7276412713
89.99,296.234558,-14.767653,16.76,15.508199999999999,C,0.0343210089158199,1.1,0.3179896,2.0796468854426626,8.8483317888,705231640.4021425,5.442588725614466,277069.50295676204
89.99,296.290405,-14.774523,17.43,16.62,C,0.0662247962171294,0.8099999999999987,0.14880999999999966,1.4086723818681002,9.30037968,1997007426.8021824,5.217594175772565,165041.8852100935
89.99,296.278412,-14.780069,17.45,15.4392,C,0.0530124980075316,1.1,0.32985759999999975,2.1372611920522204,8.8166204928,655572145.7691292,5.432687070953417,270823.95181856694
89.99,296.352264,-14.780713,16.89,15.652,C,0.1240470940610594,1.1,0.29325599999999996,1.964517943853797,8.914419968,821145217.8477015,5.456704775292337,286223.16205944703
89.99,296.229034,-14.781347,17.41,15.702799999999998,C,0.0203459451734242,1.1,0.28451840000000006,1.9253886173784276,8.9377668352,866496544.6372448,5.458983283834968,287728.7664672972
89.99,296.213776,-14.783867,17.69,16.65,C,0.0240866142286683,1.0400000000000027,0.14260000000000028,1.3886730268999354,9.3169728,2074783569.0380893,5.192630442209705,155822.5984408163
89.99,296.257843,-14.793209,17.71,16.81,C,0.0291001919237291,0.9000000000000021,0.10847999999999991,1.2837486503010866,9.4163216,2608084151.0517573,5.043173684893207,110452.02560162461
89.99,296.208191,-14.797331,17.470000000000002,16.38,C,0.0222364431058751,1.0900000000000034,0.19849000000000006,1.5793922404695757,9.16763472,1471074678.2710226,5.372995203524135,236045.21635093607
89.99,296.184326,-14.799191,17.63,16.71,C,0.0457412255738931,0.9199999999999982,0.13017999999999974,1.349522096799497,9.350159040000001,2239541115.3935056,5.139178928127084,137777.69922924807
89.99,296.274109,-14.800164,17.37,16.33,C,0.0441347019588811,1.0400000000000027,0.20884000000000014,1.617484024723613,9.13997952,1380319171.4360204,5.395253520972602,248458.30663843834
89.99,296.251343,-14.803117,17.21,16.068599999999996,C,0.021391995185117,1.1,0.23847960000000035,1.731727684852425,9.0607825088,1150224221.6038709,5.440049624548034,275454.34325582685
89.99,296.191315,-14.818703,16.75,15.5396,C ,0.0422688101796509,1.1,0.31258879999999967,2.053944952737676,8.862762726400002,729059085.3503747,5.446508205253763,279581.3549211989
89.99,296.212616,-14.82485,17.19,16.18,C ,0.0289744000110398,1.0100000000000016,0.22577999999999998,1.6818218868850183,9.094715840000001,1243700588.9876719,5.424232112096895,265602.4715973198
89.99,296.182983,-14.828946,17.400000000000002,16.509999999999998,C ,0.0543560343016645,0.8900000000000041,0.1715800000000003,1.4844993097584922,9.23953824,1735954108.3839338,5.29873658600581,198946.62957363945
89.99,296.233093,-14.830748,17.19,16.24,C ,0.0292420370870409,0.9500000000000028,0.21894000000000013,1.6555412261963849,9.11299232,1297156332.058571,5.4136325522205375,259198.5407677398
89.99,296.241516,-14.846167,18.21,15.978399999999999,C ,0.0459630423818891,1.1,0.24876240000000005,1.7732190975531257,9.0333068672,1079709362.2683923,5.449297987250861,281383.085290956
89.99,296.234772,-14.862573,17.51,16.61,C ,0.0610896668267227,0.9000000000000021,0.1508799999999999,1.4154026357198453,9.294848640000001,1971735428.5405812,5.225649490422441,168131.6559517416
89.99,296.153625,-14.886689,17.8,16.85,C ,0.1142863552048382,0.9499999999999993,0.10119999999999951,1.262408761467047,9.439654,2752035298.4904838,5.00918604256571,102137.69262667325
89.99,296.183685,-14.962144,18.04,16.6778,C ,0.1670239021846859,1.1,0.13684539999999967,1.370393846995972,9.332349091200001,2149557620.5122714,5.168442058342633,147381.1898362933
89.99,296.190338,-14.641755,17.39,16.33,C ,0.164760072435653,1.0600000000000023,0.20884000000000014,1.617484024723613,9.13997952,1380319171.4360204,5.395253520972602,248458.30663843834
89.99,296.32608,-14.666169,17.38,16.44,C ,0.1661080594101158,0.9399999999999977,0.1860699999999995,1.5348643537676652,9.200820960000001,1587891997.4914002,5.341665154714071,219616.59544610523
89.99,296.335388,-14.681108,18.19,17.0072,C ,0.1601306541171956,1.1,0.07258959999999948,1.1819241320800422,9.531350332,3398993483.8059816,4.8626811185854795,72892.21015031452
89.99,296.539612,-14.704988,17.39,15.4206,C ,0.3243562850754928,1.1,0.3330567999999996,2.1530633086428823,8.8080722304,642794615.8694705,5.429763348409557,269006.8558077257
89.99,296.099152,-14.708244,17.28,16.2,C ,0.1607781595242451,1.0800000000000018,0.22350000000000003,1.673015636398645,9.100808,1261269808.5520291,5.420862970138205,263549.969407198
89.99,296.374054,-14.711063,17.35,16.45,C ,0.170179855931879,0.9000000000000021,0.18399999999999994,1.5275660582380723,9.206352,1608244222.855589,5.3359523147448185,216746.6105367555
89.99,296.075775,-14.711885,17.94,17.03,C ,0.1784564284356235,0.9100000000000001,0.06843999999999961,1.1706848550576416,9.5446498,3504691538.1582804,4.839846624303875,69158.66866223435
89.99,296.341431,-14.712852,17.12,15.688799999999999,C ,0.1424973855374053,1.1,0.2869264,1.936093825813013,8.9313326592,853753818.6577126,5.458516513668612,287419.6880364952
89.99,296.110779,-14.725801,16.95,15.2014,C ,0.1413143729491416,1.1,0.3631198,2.307383591998327,8.7277438944,534249217.0848229,5.399275116184429,250769.7322125517
89.99,295.977081,-14.726664,17.38,16.1006,C ,0.2638065969550611,1.1,0.23483159999999992,1.7172423881552754,9.0705299648,1176332144.6877458,5.436011841841371,272905.2194443325
89.99,296.08786,-14.740214,17.03,15.792,C ,0.154856771037018,1.1,0.26917599999999986,1.8585574921679457,8.978761728,952273563.8275608,5.458828193525044,287626.0343844013
89.99,296.171387,-14.745203,17.82,16.9,C ,0.0813879957856455,0.9200000000000017,0.09210000000000007,1.2362320536249598,9.468819499999999,2943198137.5333023,4.96475840732945,92205.83547554289
89.99,296.342804,-14.764064,18.0,16.95,C ,0.1189073322045202,1.0500000000000007,0.08299999999999996,1.2105981335504823,9.497985,3147639596.6036425,4.918265700839965,82844.88527090683
89.99,296.106384,-14.767224,17.42,16.509999999999998,C ,0.1283255328140373,0.9100000000000037,0.1715800000000003,1.4844993097584922,9.23953824,1735954108.3839338,5.29873658600581,198946.62957363945
89.99,296.304626,-14.767883,17.560000000000002,16.52,C ,0.0819182595334826,1.0400000000000027,0.16951000000000005,1.4774405005226778,9.245069280000001,1758204065.7434688,5.29204623019855,195905.32015946956
89.99,296.333038,-14.770712,18.04,17.18,C ,0.1075882298766632,0.8599999999999994,0.04113999999999973,1.099360174166282,9.6321463,4286929090.8434844,4.680887799498367,47960.95249319695
89.99,296.162018,-14.82305,17.25,16.21,C ,0.0712646947934528,1.0399999999999991,0.2223599999999999,1.668629817801881,9.103854080000001,1270147272.638232,5.419117050010728,262492.5911813787
89.99,296.167816,-14.842195,17.52,16.53,C ,0.0742234833526445,0.9899999999999984,0.1674399999999996,1.4704152559961894,9.250600320000002,1780739203.7999532,5.285217316167175,192848.96667470108
89.99,296.066071,-14.844581,17.240000000000002,16.23,C ,0.1694522675032668,1.0100000000000016,0.22007999999999994,1.659892642801851,9.109946240000001,1288090093.0482593,5.415501947545235,260316.65049582755
89.99,296.364624,-14.865284,17.25,16.108600000000003,C ,0.1488971536732422,1.1,0.23391959999999967,1.7136400356605341,9.072966828800002,1182951199.0408247,5.434939264077374,272232.0565931192
89.99,296.297241,-14.869897,17.29,16.121000000000002,C ,0.0957928787018932,1.1,0.23250599999999977,1.708071317774024,9.076743968,1193284413.5758278,5.433226514010636,271160.5549229982
89.99,296.207458,-14.896397,17.19,16.13,C ,0.0973722049303707,1.0600000000000023,0.23148000000000013,1.7040408435276968,9.07948544,1200840813.384257,5.431944983250296,270361.58463371
89.99,296.368011,-14.913227,16.76,14.8596,C ,0.1774598556575585,1.1,0.3965407999999999,2.491958468471551,8.6469913856,443599844.8686718,5.374401036886367,236810.54477640087
89.99,296.08905,-14.945495,18.44,15.2562,C ,0.2013765952761366,1.1,0.3580233999999999,2.2804649412614046,8.741361475200002,551266339.591283,5.404647165921641,253890.9180200224
89.99,296.06134,-14.955141,18.03,17.03,C ,0.2280340839458329,1.0,0.06843999999999961,1.1706848550576416,9.5446498,3504691538.1582804,4.839846624303875,69158.66866223435
89.99,295.969788,-14.97507,17.490000000000002,16.53,C ,0.3126944913873809,0.9600000000000009,0.1674399999999996,1.4704152559961894,9.250600320000002,1780739203.7999532,5.285217316167175,192848.96667470108
89.99,296.090485,-15.010141,18.0,16.582599999999996,C ,0.250847748776036,1.1,0.1565518000000008,1.4340087456828654,9.279693590399999,1904116824.4403503,5.247032301316872,176616.91773372405
89.99,295.9715833,-14.87727778,17.525000000000002,15.59838,C,0.2692503059151788,1.1,0.3024786399999997,2.0066823924943398,8.889777073920001,775848766.3642993,5.452654046198668,283565.9276177096
89.99,295.9795,-14.88288889,17.459,15.662099999999999,C,0.263337726300002,1.1,0.29151879999999997,1.9566754678428182,8.9190617664,829968799.2686696,5.4572841373263365,286605.24725389836
89.99,295.9872917,-14.71725,17.719,15.44324,C,0.2569709230416777,1.1,0.3291627199999998,2.1338442650009934,8.818477212160001,658380883.1727718,5.4333093302815305,271212.2678693441
89.99,296.0039167,-14.86283333,18.206,16.44222,C,0.2342106134990288,1.1,0.18561046000000014,1.5332411267641892,9.20204885088,1592387834.0290093,5.340409018138697,218982.30263710953
89.99,296.0052083,-14.88833333,16.732,15.0869,C,0.2409187438859635,1.1,0.37376829999999994,2.364657794762343,8.700916665600001,502246206.98952705,5.389741656346097,245324.91460652003
89.99,296.0104583,-14.74452778,16.783,15.14204,C,0.2268563231330222,1.1,0.36864027999999993,2.3369008147966124,8.713059816960001,516487502.07715434,5.39353143272368,247475.05686885965
89.99,296.01275,-14.74005556,17.353,15.455359999999999,C,0.2258182935825372,1.1,0.32707807999999994,2.123626225614786,8.82404737024,666879504.4675106,5.435146995261283,272362.30143078056
89.99,296.0195,-14.78566667,17.726,16.196820000000002,C,0.2111074526659332,1.1,0.22386251999999973,1.6744127410309722,9.099839346560001,1258459798.4763932,5.421409588110595,263881.89130377857
89.99,296.0288333,-14.90255556,17.271,14.6737,C,0.2250465227578987,1.1,0.4480350999999998,2.8056603843280556,8.5250528832,335006229.7356424,5.358032740565439,228051.39887671126
89.99,296.0429167,-14.78219444,16.833000000000002,15.069219999999998,C,0.188094281083234,1.1,0.37541254000000013,2.3736273638078846,8.69702310528,497763566.2286858,5.388542663961502,244648.56006355098
89.99,296.048125,-14.89977778,17.44,15.65414,C,0.2066486199361741,1.1,0.29288791999999964,1.9628536504881766,8.915403477760002,823006902.7571845,5.456832595738568,286307.4149297375
89.99,296.0512083,-14.72680556,17.388,15.13984,C,0.1938328051837856,1.1,0.36884487999999993,2.3380020089631364,8.712575324160001,515911637.175962,5.393379064023354,247388.24747927362
89.99,296.0512917,-14.86669444,17.477,15.46344,C,0.1901705400061158,1.1,0.3256883199999996,2.1168413970022177,8.82776080896,672606111.2430549,5.436346840526966,273115.80963785533
89.99,296.053,-14.92319444,17.744,15.9195,C,0.2147025605746726,1.1,0.25547700000000007,1.8008477599966954,9.015365456,1036013598.7240456,5.453688974451186,284242.47395112994
89.99,296.0642083,-14.73602778,17.490000000000002,15.752439999999998,C,0.178313737091168,1.1,0.27598031999999995,1.8879057969434134,8.96058058496,913230872.9654475,5.459587632597343,288129.43830599193
89.99,296.0672917,-14.90311111,17.914,15.85076,C,0.1917401619038861,1.1,0.26331336000000005,1.8336369840554458,8.99442670208,987248999.0336282,5.457237400842906,286574.40596710326
89.99,296.0719583,-14.84902778,17.252000000000002,15.728339999999998,C,0.1649846606973581,1.1,0.2801255200000001,1.9060115147281762,8.94950461056,890234888.8776599,5.459503576942707,288073.6776044651
89.99,296.0726667,-14.85652778,17.653000000000002,16.072759999999995,C,0.1666227574955473,1.1,0.2380053600000005,1.7298377084914303,9.06204967808,1153585206.5863276,5.439547448772877,275136.01879791537
89.99,296.076875,-14.878,17.63,15.85518,C,0.1710951037435437,1.1,0.26280947999999993,1.8315107833703836,8.99577306944,990314343.7658465,5.4570588781147915,286456.6298190921
89.99,296.0774167,-14.78311111,17.357,15.62082,C,0.1537078262058348,1.1,0.29861895999999977,1.98892753391422,8.900090138880001,794493116.5988896,5.45454266770024,284801.75927956635
89.99,296.0783333,-14.78972222,17.293,15.19526,C,0.1521365746157866,1.1,0.36369081999999997,2.3104193863575726,8.726218128960001,532375583.3502471,5.39867292930403,250422.25923507754
89.99,296.0819167,-14.75133333,17.259,15.775360000000001,C,0.1564047444471483,1.1,0.2720380799999995,1.8708461735322774,8.971114250240001,935651784.5304657,5.459286687597844,287929.8477495374
89.99,296.0848333,-14.78113889,17.731,15.859579999999998,C,0.1466113817775528,1.1,0.26230788000000027,1.8293966522426721,8.997113344639999,993375271.3118525,5.456874486491328,286335.0326225373
89.99,296.0854167,-14.8265,17.869,15.874759999999998,C,0.1466998961788874,1.1,0.2605773600000002,1.8221216150337032,9.00173729408,1004008279.2000775,5.456186887905362,285882.0501519018
89.99,296.0927917,-14.89219444,17.652,15.265839999999999,C,0.1643800225885223,1.1,0.35712688000000004,2.27576220213134,8.74375697664,554315441.230396,5.405590000073571,254442.70273057252
89.99,296.1002083,-14.78658333,17.418,15.1588,C,0.130665576953452,1.1,0.3670816,2.328528726025055,8.7171579648,521384318.37954944,5.395101726908936,248371.48097660375
89.99,296.103625,-14.72475,17.162,14.8683,C,0.1479436616587506,1.1,0.39413089999999995,2.478168885968248,8.6526980288,449467225.1912714,5.37585946772993,237607.12952192238
89.99,296.1045,-14.84272222,17.89,14.998759999999999,C,0.1320436850702818,1.1,0.38196532000000005,2.409712996622793,8.68150612224,480292850.8699894,5.383873690363756,242032.5020214663
89.99,296.106625,-14.87427778,17.696,16.04676,C,0.1431547426442131,1.1,0.24096936000000013,1.7416839911486979,9.05412987008,1132739043.377736,5.4425754374910555,277061.0255812081
89.99,296.1095,-14.93286111,17.701,15.48044,C,0.178132976573767,1.1,0.32276431999999966,2.1026370851926734,8.83557373696,684815745.0902677,5.438801263111076,274663.69807802845
89.99,296.1097083,-14.74066667,17.274,15.71308,C,0.134875866484623,1.1,0.2827502399999997,1.9175656436780946,8.942491358720002,875974287.9518385,5.459244897226105,287902.14277753385
89.99,296.111,-14.85966667,17.229,14.90908,C,0.1323805640231811,1.1,0.39030555999999994,2.4564366023413364,8.66175643392,458940552.27191037,5.378269328500308,238929.2547611291
89.99,296.1127917,-14.86825,17.334,15.29284,C,0.1347986720590885,1.1,0.3546158799999999,2.262642185476829,8.750466368640001,562945521.729617,5.408223694838717,255990.40935753754
89.99,296.1151667,-14.76961111,17.248,15.15302,C,0.1192244069682549,1.1,0.36761913999999996,2.3314126039547847,8.715477876480001,519371215.39478165,5.394292982541002,247909.39331174621
89.99,296.1187083,-14.84547222,18.091,15.76004,C,0.119601325100631,1.1,0.27467311999999966,1.8822318586044282,8.964073423360002,920605199.3659482,5.4595296509171805,288090.973360022
89.99,296.1207083,-14.84447222,17.611,15.852739999999999,C,0.1173742123544377,1.1,0.26308764000000007,1.8326842180894907,8.99502982592,988620987.5711204,5.457158258845693,286522.1879321047
89.99,296.1269167,-14.78975,16.794,14.6176,C,0.1037701938848417,1.1,0.46357479999999995,2.9078687483360888,8.4882548736,307790260.78230196,5.3590814835247205,228602.76739385002
89.99,296.1280417,-14.7905,17.6,15.582299999999998,C,0.1025683374092472,1.1,0.3052444000000001,2.0195025226369405,8.8823869632,762758336.9853766,5.45113910382764,282578.49243707844
89.99,296.1295,-14.78983333,17.457,15.789819999999997,C,0.1011946478658386,1.1,0.26955096000000034,1.8601628214321613,8.977759834879999,950079253.9363878,5.458899954215637,287673.5642266175
89.99,296.3658333,-14.8525,17.312,15.5979,C,0.145032321531755,1.1,0.30256119999999975,2.0070639019388286,8.8895564736,775454773.2741681,5.452610738828443,283537.65214370785
89.99,296.3695417,-14.87288889,16.962,15.192699999999999,C,0.1566653003435058,1.1,0.3639289,2.3116863042452205,8.725581979200001,531596336.3317656,5.398421892499522,250277.54858192665
89.99,296.3714583,-14.90411111,17.297,15.20202,C,0.1746557518575017,1.1,0.3630621399999999,2.3070772678060187,8.72789796192,534438777.526088,5.399335928952904,250804.84909764625
89.99,296.3826667,-14.75219444,16.95,15.44428,C,0.1604834954947167,1.1,0.3289838399999998,2.132965544501727,8.818955179520001,659105870.0514365,5.433468745424185,271311.83919773344
89.99,296.4017917,-14.73822222,17.302,15.699679999999999,C,0.1831338553512388,1.1,0.2850550399999998,1.9277692121599728,8.936332933120001,863640366.6687026,5.4588902051645665,287667.1065972712
89.99,296.4022917,-14.87413889,17.012,15.52974,C,0.1869121983892656,1.1,0.31428471999999963,2.0619812887402222,8.858231228160001,721491515.2657024,5.445321687245969,278818.56472272606
89.99,296.4063333,-14.80080556,17.17,15.091579999999999,C,0.1763354188624258,1.1,0.37333306,2.362289175872357,8.70194731392,503439530.72809577,5.390060539975689,245505.11221431295
89.99,296.4102083,-14.84980556,17.09,15.45732,C,0.1865263078640786,1.1,0.32674095999999975,2.121978405735542,8.824948154880001,668264136.9039036,5.43543994638676,272546.08400849585
89.99,296.4211667,-14.74713889,17.334,15.785499999999999,C,0.1987922260721497,1.1,0.2702939999999998,1.8633481219733534,8.975774432000001,945745823.3151443,5.459031694868083,287760.84153110994
89.99,296.4267083,-14.75402778,17.289,15.78604,C,0.2023954950471986,1.1,0.27020111999999985,1.8629496613075913,8.976022607360001,946286419.3735195,5.45901598591869,287750.43306650425
89.99,296.4300833,-14.76258333,17.277,15.57532,C,0.2038653837966685,1.1,0.3064449599999999,2.025092941858145,8.87917906688,757145014.2258629,5.450441170691064,282124.7392473366
89.99,296.436125,-14.89513889,17.403000000000002,15.625419999999998,C,0.2263270841565948,1.1,0.2978277600000001,1.9853073937373396,8.90220422528,798370029.3904525,5.454896164606522,285033.66995146684
89.99,296.4425,-14.76263889,16.974,14.97424,C,0.2160548021864416,1.1,0.3842456799999999,2.422399008159103,8.67610622976,474358000.4901394,5.382298823387111,241156.41739397612
89.99,296.461375,-14.85475,17.220000000000002,15.330639999999999,C,0.2373855029798159,1.1,0.35110048000000005,2.2444011367807506,8.75985951744,575253828.1286886,5.411886227937682,258158.38049078808
89.99,296.4752083,-14.89816667,17.07,15.56152,C,0.2635122724086675,1.1,0.30881855999999974,2.0361912178983737,8.87283680768,746168322.3792527,5.448991898369364,281184.8375738849
89.99,296.4792917,-14.69538889,16.508,14.923620000000001,C,0.271001893040807,1.1,0.3889533399999998,2.448800132003005,8.66495849088,462336829.9280041,5.379147172142937,239412.69320272995
89.99,296.5227083,-14.84297222,17.42,15.432659999999998,C,0.2956078860006851,1.1,0.3309824800000001,2.1428041558907718,8.813614813440001,651050704.8788257,5.431669864816251,270190.3692392103
89.99,296.545625,-14.90069444,17.223,15.1846,C,0.3307944684275797,1.1,0.36468219999999996,2.315699489986797,8.7235691616,529138256.01580215,5.397627798688342,249820.34207130107
89.99,296.306183,-14.863027,17.251,15.14084,C,0.0978188680060942,1.1,0.3687518799999998,2.3375014018478457,8.71279554816,516173314.3108974,5.393448312928691,247427.69705077092
89.99,296.316101,-14.679276,17.243000000000002,16.096079999999997,C,0.1496451584148228,1.1,0.23534688000000026,1.719281064296278,9.069153136639999,1172608766.4056878,5.436606642083844,273279.2405429087
89.99,296.343781,-14.74656,17.237000000000002,16.02798,C,0.1264247921136945,1.1,0.24311028,1.7502910820113518,9.04840933184,1117916411.5212207,5.444599775912585,278355.48013175
89.99,296.363739,-14.759742,16.328,14.79744,C,0.1401573305432068,1.1,0.4137591199999999,2.5927409080574426,8.60621840384,403848434.63213897,5.365567263400367,232042.3544249573
89.99,296.313934,-14.783896,17.188000000000002,15.411799999999998,C,0.0857952879358759,1.1,0.33457040000000005,2.1605802407471946,8.8040278912,636836418.4148089,5.428348313832689,268131.79393012
89.99,296.193542,-14.678253,17.288,15.929940000000002,C,0.1286893222182897,1.1,0.2542868399999998,1.7959193923873618,9.01854556352,1043627618.0099617,5.45300313487167,283793.9513491318
89.99,296.184784,-14.717754,17.235,15.905920000000002,C,0.095322514192627,1.1,0.2570251199999998,1.807278657679741,9.01122887936,1026192601.8426374,5.454522385565966,284788.4589663376
89.99,296.138214,-14.72313,17.027,15.2991,C,0.1208023236366026,1.1,0.3540337,2.2596111027267862,8.7520219536,564965533.1163177,5.408832489369892,256349.5086577945
89.99,296.197662,-14.763362,16.975,15.310579999999998,C,0.0501323160047727,1.1,0.3529660600000001,2.254063050832054,8.754874687680001,568688816.4003086,5.409946781495894,257008.08254224836
89.99,296.208893,-14.769947,16.825,15.673939999999998,C,0.0381032043009665,1.1,0.28948232000000007,1.947521765293141,8.92450324096,840433278.8823125,5.457885002858183,287002.0526644197
89.99,296.199615,-14.7809,18.214000000000002,17.131,C,0.0368054496644369,1.083000000000002,0.050057999999999714,1.1221683098004185,9.60356411,4013877462.390412,4.73438603397319,54248.28762052247
89.99,296.180084,-14.825297,17.031000000000002,15.787479999999999,C,0.0552253762775742,1.1,0.2699534399999999,1.8618875160518653,8.97668440832,947729520.0536344,5.4589730368216545,287721.9776964492
89.99,296.212219,-14.830112,17.07,15.964480000000002,C,0.0335426791565683,1.1,0.2503492799999998,1.7797101610410484,9.029066723840002,1069219138.566383,5.450450957288126,282131.0968511491
89.99,296.194489,-14.842676,16.814,15.41592,C,0.054245028869041,1.1,0.3338617599999998,2.157057688204372,8.80592137728,639619031.2475489,5.429013232735739,268542.6268007774
89.99,296.202057,-14.847754,16.978,15.366019999999999,C,0.0538938429229134,1.1,0.34781014,2.2274611598518006,8.76865130592,587017847.936944,5.4152778473644485,260182.3592206111
89.99,296.164886,-14.853178,17.017,14.76332,C,0.0830235331698142,1.1,0.4232103599999997,2.649783308127043,8.583837867520002,383564025.1686474,5.362079308059076,230186.21302556922
89.99,296.179565,-14.858191,17.141000000000002,15.63666,C,0.0757516512427241,1.1,0.29589447999999985,1.9764893565615735,8.907369949440001,807922958.350809,5.455710251965082,285568.46819409955
89.99,296.188385,-14.861088,17.351,16.059179999999998,C,0.0725417600351898,1.1,0.2395534800000002,1.7360150265072536,9.05791310144,1142649677.6219623,5.441161798503084,276160.651441406
89.99,296.178772,-14.868636,17.278000000000002,15.543199999999999,C,0.08431342206318,1.1,0.31196959999999985,2.051018605396721,8.8644172288,731841829.833388,5.446930911143189,279853.60847836477
89.99,296.168549,-14.87782,17.022000000000002,15.331359999999998,C,0.0978521737162959,1.1,0.3510335200000001,2.2440551192248868,8.76003843456,575490865.36043,5.411955638847647,258199.6438290905
89.99,296.206696,-14.92662,16.797,14.8414,C,0.1271045983275185,1.1,0.4015822,2.521054300721365,8.6350533504,431572089.5424357,5.37151332013101,235241.16424768412
89.99,296.345673,-14.834577,17.019000000000002,15.79342,C,0.1202626857258325,1.1,0.26893175999999985,1.857512564170402,8.979414337280001,953705609.9553268,5.458779538634196,287593.8128618881
89.99,296.346741,-14.855356,17.12,15.926159999999998,C,0.128493765128888,1.1,0.25471776000000024,1.7977022417811206,9.017394145279999,1040864376.9393882,5.453256006952324,283959.2411847389
89.99,296.365631,-14.891643,15.362,14.242679999999998,C,0.1627602804433477,1.1,0.5655128800000004,3.677162986876168,8.246865500159998,176549096.8178178,5.3439723806549395,220786.43174528636
89.99,296.335785,-14.902986,17.033,15.951999999999998,C,0.146476612744129,1.081000000000003,0.2517720000000002,1.7855499339571757,9.025265216,1059900790.3484354,5.45142362064411,282763.6770931589
89.99,296.275116,-14.926181,18.121000000000002,17.053,C,0.1324327851289123,1.0680000000000014,0.06425399999999959,1.1594552729783307,9.558065930000001,3614647322.3148623,4.816436286551198,65529.41434363144
89.99,296.293854,-14.708783,17.337,16.274,C,0.1127179137714979,1.0629999999999988,0.2150639999999998,1.64083155725796,9.123348992,1328461559.0765944,5.406966635749318,255250.52014020784
89.99,296.299103,-14.783449,17.28,15.461019999999998,C,0.0714648826347446,1.1,0.3261045600000001,2.1188712096684017,8.82664861568,670885824.7225615,5.435989662820178,272891.28278074117
89.99,296.134644,-14.67692,17.150000000000002,15.56838,C,0.1570201555087974,1.1,0.30763863999999974,2.0306666669269076,8.87598955392,751604815.4591118,5.449723701885219,281659.04465179454
89.99,296.121368,-14.679315,17.159000000000002,15.921,C,0.1636204676958226,1.1,0.25530600000000003,1.80013883008323,9.015822368,1037104140.1935142,5.453592855705733,284179.57191577146
89.99,296.170105,-14.696488,17.166,16.001139999999996,C,0.121039927912258,1.1,0.24617004000000042,1.7626660507284195,9.04023365312,1097068266.9176853,5.447258587851457,280064.83868345094
89.99,296.20285,-14.700215,16.915,15.12086,C,0.105024947155427,1.1,0.3706100199999999,2.347523886558329,8.708395472640001,510970082.3520218,5.392068049365599,246642.57698678126
89.99,296.187347,-14.717557,17.471,16.421,C,0.0943094649438888,1.0500000000000007,0.19000299999999992,1.5488273177956091,9.190311984000001,1549929641.5872421,5.352132961252706,224974.32696588893
89.99,296.198029,-14.719869,17.406000000000002,15.513879999999999,C,0.087826809357963,1.1,0.31701263999999996,2.0749739080185017,8.85094222592,709483379.2990826,5.443327600018908,277541.28838851873
89.99,296.103516,-14.723016,17.247,15.94414,C,0.1489451374567202,1.1,0.25266803999999987,1.7892376984895115,9.02287099712,1054073747.7043784,5.452006795387431,283143.62988170574
89.99,296.151001,-14.726998,16.672,15.356720000000001,C,0.1087048737867882,1.1,0.3486750399999998,2.2319015818710675,8.76634029312,583902444.0922174,5.414390361929009,259651.21665937145
89.99,296.159454,-14.733295,17.318,15.710159999999998,C,0.0982439755964964,1.1,0.28325248000000003,1.9197844958620403,8.94114937344,873271674.2158939,5.45917766197549,287857.5746901718
89.99,296.179535,-14.737016,16.865000000000002,15.099839999999999,C,0.0820174124256734,1.1,0.37256488,2.3581144524244695,8.70376636416,505552618.5111547,5.390624774508541,245824.27925675805
89.99,296.179321,-14.742605,17.215,15.680299999999999,C,0.077826957193509,1.1,0.2883883999999999,1.9426224349183916,8.9274261952,846108767.3144538,5.458172193724879,287191.90455189085
89.99,296.207184,-14.745038,16.806,15.15814,C,0.0610553296609036,1.1,0.3671429799999999,2.3288578464712675,8.71699395744,521187459.50844324,5.395037194513339,248334.57786919444
89.99,296.179443,-14.752915,16.463,15.088379999999999,C,0.0702357478354337,1.1,0.37363066,2.3639084876852463,8.70124259712,502623276.73886466,5.3898424350852645,245381.84925662688
89.99,296.203827,-14.755259,17.767,16.475179999999998,C,0.053282331499301,1.1,0.1787877400000002,1.5093422877837597,9.22027915872,1660654010.7643664,5.320946654734785,209385.52476006365
89.99,296.181671,-14.7577,16.975,15.87362,C,0.0653379915592933,1.1,0.26070731999999985,1.822666955509843,9.00139004096,1003205815.262913,5.456241308980556,285917.8760350696
89.99,296.202637,-14.773767,17.096,15.51024,C,0.0390808287783411,1.1,0.3176387199999997,2.0779673527001177,8.849269340160001,706755733.1818684,5.442855561192646,277239.7899880089
89.99,296.194275,-14.821965,17.096,15.76968,C,0.0410872565402096,1.1,0.27301503999999976,1.875059441901201,8.968503813120002,930044680.5413533,5.45939659427394,288002.72322554636
89.99,296.163879,-14.827393,16.905,14.888679999999999,C,0.0709482865896092,1.1,0.3884856400000003,2.446164391990172,8.66606600448,463517360.18361783,5.379453781972062,239581.77709938397
89.99,296.170105,-14.844587,17.154,15.2053,C,0.0736836475346116,1.1,0.36275709999999994,2.305457390541896,8.7287130288,535442733.0968047,5.399657660342634,250990.71765503736
89.99,296.156158,-14.860965,16.908,15.47128,C,0.0947023652767027,1.1,0.3243398399999997,2.1102788193880446,8.831363947520002,678209622.8505712,5.437490841610621,273836.18871597963
89.99,296.171783,-14.865685,16.905,15.459999999999999,C,0.0865282573151769,1.1,0.3262799999999999,2.11972733350751,8.82617984,670162064.0013137,5.435838553797196,272796.3491268327
89.99,296.178711,-14.876316,17.87,16.6044,C,0.0905681336729405,1.1,0.15203920000000015,1.41918561349714,9.2917512576,1957723065.3885725,5.2301019468858225,169864.23473128318
89.99,296.155457,-14.878673,17.425,15.45146,C,0.107173321577717,1.1,0.3277488799999997,2.1269088581212108,8.822254992640001,664132896.4332764,5.434560532449586,271994.7569007599
89.99,296.19754,-14.883656,17.666,15.964319999999999,C,0.0881779779536877,1.1,0.25036752000000007,1.7797849089284532,9.02901798656,1069099155.6726636,5.450463791488777,282139.43446712336
89.99,296.201691,-14.886331,16.485,14.76676,C,0.0892686081553986,1.1,0.42225747999999985,2.6439758256583787,8.58609428736,385562055.90255857,5.362383447039258,230347.47024259716
89.99,296.089813,-14.905375,17.696,16.112999999999996,C,0.1743763802640918,1.1,0.23341800000000046,1.711661963910166,9.074307103999999,1186607541.0230594,5.434338518224161,271855.7469078266
89.99,296.17276,-14.922873,16.332,15.175419999999999,C,0.1340394897371814,1.1,0.36553594,2.3202561902129792,8.72128796832,526366169.1415481,5.396728317556336,249303.46664840166
89.99,296.209412,-14.569217,17.253,15.376059999999999,C,0.2333629425444432,1.1,0.3407176799999998,2.1913799310279614,8.787602359040001,613200300.5434253,5.4224174013018445,264494.96025143133
89.99,296.040436,-14.607334,17.963,16.46694,C,0.2714792643868163,1.1,0.18049341999999968,1.5152818454745212,9.21572158176,1643317884.4476635,5.325954888241577,211814.1104746846
89.99,295.99939,-14.635953,17.617,16.338979999999996,C,0.2839772811141863,1.1,0.20698114000000079,1.6105756915838407,9.144946393919998,1396196014.370258,5.391512573810177,246327.31545469872
89.99,296.021149,-14.796692,17.156000000000002,15.486059999999998,C,0.2089103173254399,1.1,0.32179768,2.09796230128012,8.838156599040001,688900657.1647817,5.439590812812659,275163.4923335776
89.99,296.4646,-14.807542,16.944,15.36514,C,0.2346734760981738,1.1,0.3478919799999999,2.2278809501236028,8.768432629440001,586722346.4058343,5.415194003901228,260132.13411901807
89.99,296.51123,-14.584842,17.555,16.15554,C,0.3551122280124922,1.1,0.2285684400000001,1.692654967094167,9.08726512832,1222545772.7739573,5.428131374553154,267997.8898744965
89.99,296.521149,-14.614511,18.07,16.63466,C,0.3461159220289894,1.1,0.1457753799999999,1.3988636338475573,9.30848818464,2034642840.8652222,5.2055441075040765,160525.5281601647
89.99,296.488861,-14.638191,17.296,15.79304,C,0.3061607433391531,1.1,0.26899711999999987,1.8577921352043565,8.97923969536,953322175.4387414,5.458792706956235,287602.53317844216
89.99,296.294617,-14.567719,18.424,16.943119999999997,C,0.2427105829789865,1.1,0.08425216000000035,1.2140935726939424,9.493971827199998,3118687267.448896,4.924781791957896,84097.24950819949
89.99,296.326508,-14.641376,16.449,14.9281,C,0.1871041434602522,1.1,0.38853669999999985,2.446452004432099,8.665945094400001,463388332.24823236,5.379420235381301,239563.27158811755
89.99,296.263336,-14.708953,16.871000000000002,15.39288,C,0.0985278183306501,1.1,0.3378246399999998,2.176830631324854,8.79533256192,624212644.6730422,5.425243119038924,266221.49567249673
89.99,296.264954,-14.715384,17.211000000000002,15.9178,C,0.093097024184438,1.1,0.2556708,1.8016515514147973,9.0148476224,1034779037.9323117,5.453796929327648,284313.13838866435
89.99,296.31192,-14.728691,17.338,15.76742,C,0.1097124461535463,1.1,0.2734037599999999,1.8767384855614013,8.967465153280001,927823040.9040492,5.459433804307458,288027.4001453298
89.99,296.318024,-14.739033,16.973,15.9,C,0.1080352643584182,1.0729999999999986,0.25769999999999993,1.8100892952707561,9.0094256,1021940474.5985416,5.454865060315086,285013.25649186346
89.99,296.283783,-14.741738,17.903000000000002,16.79748,C,0.080526118203978,1.1,0.1107586399999998,1.2905018753659796,9.4090185588,2564593627.510122,5.0535192283975245,113114.74698035883
89.99,296.339813,-14.745103,17.844,16.07332,C,0.1235261934085004,1.1,0.23794152000000013,1.7295834461702175,9.06222025856,1154038396.245849,5.439479331296258,275092.868119258
89.99,296.276062,-14.751641,17.331,15.8515,C,0.0680044754777258,1.1,0.26322900000000005,1.8332808418527344,8.994652112,987761539.4595819,5.457207979962289,286554.9929048626
89.99,296.252136,-14.757003,17.714000000000002,16.259339999999998,C,0.0498512124727128,1.1,0.21673524000000022,1.6471579244919607,9.11888343872,1314871883.3860393,5.4098996984538825,256980.22110965004
89.99,296.248871,-14.764977,16.91,14.91024,C,0.0412612516775678,1.1,0.3901976799999999,2.4558264921948854,8.66201189376,459210588.7869956,5.378338883574419,238967.5238932166
89.99,296.330048,-14.767764,16.905,15.126039999999998,C,0.1056372052829479,1.1,0.3701282800000001,2.344921345622905,8.70953623296,512314010.56981796,5.392425183288008,246845.4823006728
89.99,296.261536,-14.769683,17.145,15.98566,C,0.0449186761269454,1.1,0.24793476000000003,1.7698430713678908,9.03551832128,1085221330.1464596,5.44866798384969,280975.19665440114
89.99,296.301117,-14.779015,16.897000000000002,15.527899999999999,C,0.0746383059426866,1.1,0.3146011999999998,2.063484447763553,8.8573855936,720088033.1208133,5.4450956800064505,278673.50503840233
89.99,296.307007,-14.784284,16.747,15.497959999999999,C,0.0789452408001711,1.1,0.31975087999999996,2.088098012476055,8.84362564864,697630803.9190904,5.4412249960447925,276200.84063310246
89.99,296.356781,-14.748176,17.054000000000002,15.762179999999999,C,0.1376046147372912,1.1,0.27430504,1.8806372760735688,8.96505693312,922692378.064665,5.4595058882063965,288075.21070246765
89.99,296.479218,-14.974156,16.682000000000002,15.216299999999999,C,0.3030858487623478,1.1,0.36173410000000006,2.30003317395002,8.7314464848,538823445.6783284,5.400736697489521,251615.09821843205
89.99,296.470612,-14.886045,17.465,16.397,C,0.2549770090988584,1.0680000000000014,0.19497100000000023,1.566646453848967,9.177037488,1503271721.8674498,5.364631169984663,231542.74090759602
89.99,296.251434,-14.798083,17.425,15.85994,C,0.0217320713462837,1.1,0.26226684,1.8292237859170244,8.99722300352,993626129.1468668,5.456859104397382,286324.8912218128
89.99,296.297028,-14.802626,16.621000000000002,14.64194,C,0.0670348172220907,1.1,0.45683262000000013,2.8630743092401874,8.50422035584,319315761.4229332,5.358325210711799,228205.02894195393
89.99,296.256256,-14.807403,17.224,15.2408,C,0.0268746130204595,1.1,0.3594555999999999,2.2879977866715033,8.737534636800001,546430128.2305037,5.40313903313658,253010.7844471618
89.99,296.244385,-14.810474,16.672,15.342920000000001,C,0.0168653088023942,1.1,0.34995843999999976,2.2385069134222078,8.762911048320001,579310030.6823337,5.413067984266385,258861.8104572967
89.99,296.244141,-14.813117,17.12,14.99742,C,0.0181934518439979,1.1,0.38208993999999985,2.410404558536001,8.681211022080001,479966605.9828648,5.383786885014248,241984.1301971189
89.99,296.259552,-14.815343,17.228,15.46422,C,0.0325618124955916,1.1,0.3255541599999998,2.1161875743243574,8.828119284480001,673161523.2333987,5.436461560734623,273187.9635386642
89.99,296.259796,-14.82215,17.209,15.87026,C,0.0361556636780272,1.1,0.26109035999999997,1.8242752244382565,9.00036655808,1000844387.4652665,5.456399071752835,286021.7580609975
89.99,296.264984,-14.824442,18.174,16.95946,C,0.0417425950319405,1.1,0.08127827999999981,1.2058083307068772,9.5035031126,3187888423.294395,4.909245536870187,81141.96801650291
89.99,296.257324,-14.837327,17.811,16.58128,C,0.0449224067142233,1.1,0.15682503999999997,1.4349112481390511,9.278963493120001,1900918481.6237214,5.248036795335376,177025.89360737355
89.99,296.257874,-14.842669,17.195,15.3084,C,0.0495769893902395,1.1,0.35316879999999984,2.2551155519475623,8.754332966400002,567979899.3204982,5.409735409638874,256883.02670979974
89.99,296.244781,-14.845008,17.519000000000002,15.751079999999998,C,0.0457893022986719,1.1,0.27621424000000006,1.888922935996135,8.95995555072,911917501.4195253,5.459593684866025,288133.45366653515
89.99,296.262543,-14.847853,16.849,15.22874,C,0.0564970471617632,1.1,0.36057717999999994,2.2939142537972614,8.73453777504,542672451.0584627,5.401956800336219,252322.9772056174
89.99,296.337067,-14.850516,16.724,15.62262,C,0.1176829393114998,1.1,0.29830935999999975,1.9875101718328887,8.900917390080002,796007922.2779971,5.454682383276409,284893.39673939376
89.99,296.275482,-14.853798,17.152,15.33854,C,0.0691804936958338,1.1,0.35036577999999985,2.2406074723703178,8.761822635840002,577860003.4543791,5.412646996640627,258611.0017979144
89.99,296.278717,-14.858888,16.483,14.91932,C,0.0751481577485141,1.1,0.3893532399999998,2.451056034880358,8.664011527680001,461329819.6893847,5.378886214505618,239268.87879395552
89.99,296.261169,-14.861171,17.891000000000002,16.495679999999997,C,0.0671704962167072,1.1,0.17454424000000057,1.4946662908330386,9.23161779072,1704581578.6203418,5.308075230935632,203270.9097756043
89.99,296.281311,-14.863727,18.271,17.08544,C,0.0805226053353961,1.1,0.058349919999999944,1.1437995464494377,9.5769885064,3775621986.1261764,4.782797868104958,60645.40044991165
89.99,296.309265,-14.868592,17.126,16.059,C,0.1037376224375432,1.0670000000000002,0.23957399999999984,1.7360970534991176,9.057858272,1142505427.8331678,5.441182713698572,276173.95138726284
89.99,296.289734,-14.876258,17.204,15.85146,C,0.0955589896346704,1.1,0.2632335600000001,1.8333000910140185,8.99463992768,987733827.77003,5.457209575082803,286556.0453948349
89.99,296.262299,-14.882443,16.154,14.751779999999998,C,0.0869913957239331,1.1,0.42640694000000057,2.6693587194771045,8.576268366079999,376936649.6588805,5.361138747849309,229688.23359578036
89.99,296.294189,-14.884681,16.706,14.8884,C,0.1049335687089694,1.1,0.38856319999999966,2.446601287830354,8.665882342400002,463321381.2619039,5.379402831836437,239553.67172723467
89.99,296.266968,-14.910404,17.64,15.28558,C,0.1148464878870927,1.1,0.35529106,2.266162559208314,8.74866228768,560611868.3394303,5.407516707861459,255574.02217519694
89.99,296.286987,-14.962574,17.246000000000002,15.335939999999999,C,0.1706974381325017,1.1,0.35060758000000003,2.2418553117032527,8.76117654624,577000973.970422,5.412396819601607,258462.07081665983
89.99,296.311035,-14.973057,17.164,15.4706,C,0.189578941325238,1.1,0.3244567999999999,2.1108472158548097,8.8310514304,677721760.616244,5.437392423914898,273774.14032628847
89.99,296.334747,-14.99367,17.119,15.2462,C,0.218714274817614,1.1,0.35895339999999987,2.285353570717286,8.738876515200001,548121093.15682,5.403668089656856,253319.18940291315
89.99,296.325409,-14.997616,17.29,16.002319999999997,C,0.2179396985337755,1.1,0.24603552000000029,1.762120160489077,9.04059309056,1097976615.1709366,5.447147446717037,279993.17592311377
89.99,296.250244,-15.015092,18.236,15.25368,C,0.2143799655284967,1.1,0.35825776,2.281695889420874,8.74073526528,550472040.5475408,5.404400528779639,253746.77353825877
89.99,296.216919,-14.990644,17.431,16.07846,C,0.1894261999750826,1.1,0.23735556000000002,1.7272514263782974,9.063785943680001,1158206355.3510535,5.438848372645248,274693.49348464975
89.99,296.219086,-14.802538,17.109,15.891699999999998,C,0.0109484619924582,1.1,0.25864620000000016,1.8140372468573038,9.0068973536,1016008528.7707613,5.455324531716299,285314.9521012137
89.99,296.16803,-14.836925,17.881,15.515539999999998,C,0.0712965351542688,1.1,0.31672712000000014,2.0736101977475094,8.85170513536,710730798.4692094,5.443541118646991,277677.77367093426
89.99,296.22171,-14.839417,17.729,16.35576,C,0.0386466054007426,1.1,0.20350767999999997,1.5977457831112005,9.154227479040001,1426354507.980782,5.384221581228804,242226.4594248138
89.99,296.204712,-14.849141,17.106,15.300819999999998,C,0.0537864182206094,1.1,0.35387374000000005,2.2587789926015205,8.75244936672,565521820.5066344,5.4089996220754,256448.18048955736
89.99,296.187256,-14.854028,17.966,16.867,C,0.0675900118360866,1.0990000000000002,0.09810599999999958,1.253447071474611,9.44957027,2815595549.1128087,4.994318689391559,98700.34924395397
89.99,296.227081,-14.876891,17.343,15.6151,C,0.0752776155440662,1.1,0.2996027999999997,1.9934383086283947,8.897461318400001,789698509.6568087,5.45408691141048,284503.0400578302
89.99,296.226807,-14.881382,17.165,15.75174,C,0.0797759248959244,1.1,0.27610071999999986,1.8884292559745601,8.960258876160001,912554636.8364712,5.4595909109671785,288131.6133242429
89.99,295.976105,-14.796489,18.05,16.982,C,0.2539478564311972,1.0680000000000014,0.07717599999999991,1.1944720721438618,9.51665092,3285874106.086202,4.887475088025941,77174.72453960465
89.99,296.003693,-14.974893,18.192,17.14,C,0.2849930981234616,1.0519999999999996,0.048419999999999686,1.1179438727442406,9.608813900000001,4062692010.0350294,4.724667894557755,53047.86315265127
10032.0,296.22696,-14.80191,14.280000000000001,13.27,s,0.0030494589684059,1.0100000000000016,1.1684800000000002,14.739406619349289,7.1605684799999985,14473330.5206543,2.6711830555701113,469.0110291185518
10074.0,296.24005,-14.80796,14.540000000000001,13.59,s,0.0118560786097075,0.9500000000000011,0.9915399999999988,9.80708636765906,7.425178960000002,26618216.923753127,1.4354853403181158,27.257457293788683
40397.0,296.24301,-14.74652,13.9,12.92,s,0.0566637679650775,0.9800000000000004,1.30933,20.385905186232524,6.984646829999999,9652656.019112468,3.237668956245704,1728.4982980147668
