,index,Id-main,Ra(J2000) deg,Dec(J2000) deg,J,eJ,H,eH,Ks,eKs,Types,DCG,Catalog,index,_RAJ2000(deg),_DEJ2000(deg),RAJ2000(deg),DEJ2000(deg),IRAC1(mag),dIRAC1(mag),IRAC2(mag),dIRAC2(mag),l_IRAC3( ),IRAC3(mag),dIRAC3(mag),l_IRAC4( ),IRAC4(mag),dIRAC4(mag),l_MIPS24( ),MIPS24(mag)
0,210,,296.0429167,-14.78219444,17.033,,,,15.322,,C,0.188094281,demmers,190,296.04299889,-14.7822,296.042999,-14.7822,15.04,0.07,14.95,-0.06, ,14.85,-0.08, ,14.33,-0.45,>,12.37
1,212,,296.0512083,-14.72680556,17.588,,,,15.526,,C,0.193832805,demmers,401,296.0513,-14.72687,296.0513,-14.72687,14.9,0.05,15.03,0.01, ,15.09,-0.26, ,14.64,0.0,>,12.31
2,213,,296.0512917,-14.86669444,17.677,,,,15.785,,C,0.19017054,demmers,405,296.05136111,-14.86675,296.051361,-14.86675,15.45,0.03,15.77,-0.02, ,15.34,0.09, ,14.94,0.18, ,11.63
3,215,,296.0642083,-14.73602778,17.69,,,,15.998,,C,0.178313737,demmers,902,296.06420889,-14.73609,296.064209,-14.73609,15.6,-0.04,15.71,0.03, ,15.4,-0.25, ,15.12,-0.17,>,12.3
4,192,,296.066071,-14.844581,17.44,,16.78,,16.3,,C ,0.169452268,Sibbons,973,296.06619306,-14.84463,296.066193,-14.84463,15.77,0.02,15.98,0.2, ,15.41,-0.09, ,14.93,-0.85,>,11.85
5,216,,296.0672917,-14.90311111,18.114,,,,16.186,,C,0.191740162,demmers,1041,296.06738306,-14.9031,296.067383,-14.9031,15.64,0.03,15.65,-0.07, ,16.31,0.86, ,15.76,0.22,>,12.55
6,217,,296.0719583,-14.84902778,17.452,,,,15.915,,C,0.164984661,demmers,1264,296.07205194,-14.84899,296.072052,-14.84899,15.68,-0.03,15.82,0.0, ,15.66,-0.54, ,15.31,0.16,>,12.23
7,218,,296.0726667,-14.85652778,17.853,,,,16.275,,C,0.166622757,demmers,1300,296.07272306,-14.85657,296.072723,-14.85657,16.15,0.02,16.13,-0.06, ,16.3,0.0, ,15.56,-0.12,>,11.88
8,126,,296.073059,-14.801702,17.62,,16.74,,16.46,,C,0.156941003,Sibbons,1315,296.07312,-14.80167,296.07312,-14.80167,15.87,0.0,15.98,0.08, ,15.71,-0.04, ,15.07,-0.09,>,12.01
9,219,,296.076875,-14.878,17.83,,,,16.111,,C,0.171095104,demmers,1507,296.076965,-14.878,296.076965,-14.878,15.62,-0.02,15.61,-0.01, ,15.73,0.2, ,15.56,0.28,>,12.01
10,220,,296.0774167,-14.78311111,17.557,,,,15.866,,C,0.153707826,demmers,1544,296.077545,-14.78311,296.077545,-14.78311,15.66,0.02,15.84,0.11, ,15.71,-0.11, ,15.37,-0.46,>,12.32
11,221,,296.0783333,-14.78972222,17.493,,,,15.54,,C,0.152136575,demmers,1590,296.0784,-14.78974,296.0784,-14.78974,15.07,-0.03,15.16,-0.03, ,15.4,-0.13, ,14.48,-0.34, ,11.58
12,135,,296.080383,-14.858717,16.31,,15.7,,15.29,,C,0.160123724,Sibbons,1700,296.080505,-14.85869,296.080505,-14.85869,15.17,0.5,14.89,0.24, ,14.69,0.3, ,14.86,0.13,>,12.29
13,222,,296.0819167,-14.75133333,17.459,,,,15.951,,C,0.156404744,demmers,1762,296.08200111,-14.75137,296.082001,-14.75137,15.7,0.0,15.78,0.03, ,15.48,-0.26, ,15.89,-0.13,>,12.36
14,131,,296.084503,-14.832314,17.5,,16.6,,16.15,,C,0.148689044,Sibbons,1899,296.08456389,-14.83232,296.084564,-14.83232,15.67,-0.02,15.91,0.01, ,15.46,0.0, ,15.6,0.49,>,12.4
15,223,,296.0848333,-14.78113889,17.931,,,,16.142,,C,0.146611382,demmers,1918,296.08486889,-14.78116,296.084869,-14.78116,15.74,-0.01,15.83,-0.01, ,15.77,0.3, ,15.35,-0.18, ,12.14
16,224,,296.0854167,-14.8265,18.069,,,,16.191,,C,0.146699896,demmers,1948,296.08544889,-14.82648,296.085449,-14.82648,15.7,-0.02,15.79,-0.07, ,15.51,-0.33, ,14.95,-0.25,>,12.32
17,184,,296.08786,-14.740214,17.23,,18.14,,15.9,,C ,0.154856771,Sibbons,2095,296.08804306,-14.7402,296.088043,-14.7402,15.55,-0.02,15.61,-0.01, ,15.32,-0.31, ,14.78,-0.12,>,12.58
18,197,,296.08905,-14.945495,18.64,, ,,15.9,,C ,0.201376595,Sibbons,2147,296.08908111,-14.94552,296.089081,-14.94552,14.94,0.01,14.61,-0.01, ,14.32,0.08, ,13.91,0.2,>,12.45
19,311,,296.089813,-14.905375,17.896,,16.855,,16.316,,C,0.17437638,Kacharov,2198,296.08996611,-14.9054,296.089966,-14.9054,15.63,-0.01,15.81,-0.02, ,15.11,-0.28, ,15.06,-0.3,>,11.82
20,225,,296.0927917,-14.89219444,17.852,,,,15.69,,C,0.164380023,demmers,2366,296.09289611,-14.89217,296.092896,-14.89217,15.75,0.65,15.19,-0.07, ,15.11,-0.36, ,14.81,0.08,>,12.33
21,138,,296.096558,-14.8814,17.98,,17.19,,17.03,,C,0.155446583,Sibbons,2572,296.09661889,-14.88143,296.096619,-14.88143,16.52,-0.06,16.58,-0.11, ,16.34,0.0, ,16.36,0.26,>,12.34
22,178,,296.099152,-14.708244,17.48,,16.63,,16.27,,C ,0.16077816,Sibbons,2728,296.09918194,-14.70826,296.099182,-14.70826,15.9,-0.02,15.92,-0.03, ,15.82,0.06, ,15.28,-0.41,>,13.22
23,226,,296.1002083,-14.78658333,17.618,,,,15.548,,C,0.130665577,demmers,2787,296.10028111,-14.78661,296.100281,-14.78661,15.02,-0.04,15.15,-0.05, ,15.08,0.03, ,14.52,-0.11,>,12.78
24,129,,296.100708,-14.828527,16.72,,15.96,,15.64,,C,0.132051958,Sibbons,2824,296.10086111,-14.82853,296.100861,-14.82853,15.4,0.54,15.69,0.74, ,15.49,0.76, ,14.98,0.23,>,12.18
25,292,,296.103516,-14.723016,17.447,,16.545,,16.07,,C,0.148945137,Kacharov,2970,296.10357694,-14.72305,296.103577,-14.72305,15.73,0.09,15.71,0.01, ,15.63,-0.31, ,15.49,-0.51,>,12.32
26,227,,296.103625,-14.72475,17.362,,,,15.267,,C,0.147943662,demmers,2984,296.10372889,-14.7247,296.103729,-14.7247,14.75,0.02,14.91,-0.05, ,14.91,-0.16, ,14.24,-0.05, ,11.78
27,228,,296.1045,-14.84272222,18.09,,,,15.562,,C,0.132043685,demmers,3041,296.10461389,-14.84272,296.104614,-14.84272,15.11,-0.02,14.95,-0.02, ,15.12,0.15, ,14.93,0.14,>,12.37
28,187,,296.106384,-14.767224,17.62,,16.8,,16.58,,C ,0.128325533,Sibbons,3135,296.10629306,-14.76726,296.106293,-14.76726,16.31,-0.03,16.33,-0.02, ,16.68,0.29, ,15.29,-0.05,>,12.96
29,229,,296.106625,-14.87427778,17.896,,,,16.268,,C,0.143154743,demmers,3160,296.10678111,-14.87421,296.106781,-14.87421,15.92,-0.01,15.9,0.02, ,15.67,-0.07, ,15.48,-0.04, ,11.59
30,230,,296.1095,-14.93286111,17.901,,,,15.859,,C,0.178132977,demmers,3330,296.10952806,-14.9329,296.109528,-14.9329,15.01,-0.01,15.04,-0.03, ,15.09,-0.08, ,14.73,-0.29,>,12.5
31,231,,296.1097083,-14.74066667,17.474,,,,15.91,,C,0.134875866,demmers,3344,296.10974111,-14.74068,296.109741,-14.74068,15.5,-0.04,15.58,-0.02, ,15.3,-0.14, ,15.04,-0.35, ,12.27
32,182,,296.110779,-14.725801,17.15,,16.18,,15.45,,C ,0.141314373,Sibbons,3414,296.11071806,-14.72588,296.110718,-14.72588,15.15,0.35,15.19,0.33, ,15.18,0.33, ,14.58,0.29,>,12.41
33,232,,296.111,-14.85966667,17.429,,,,15.315,,C,0.132380564,demmers,3442,296.11108389,-14.85967,296.111084,-14.85967,14.78,-0.03,14.88,-0.06, ,14.97,-0.18, ,14.5,-0.02,>,12.52
34,233,,296.1127917,-14.86825,17.534,,,,15.622,,C,0.134798672,demmers,3560,296.11285389,-14.86825,296.112854,-14.86825,15.01,-0.03,15.33,0.03, ,14.92,-0.21, ,14.71,0.05,>,12.57
35,121,,296.112915,-14.776258,17.35,,16.46,,15.92,,C,0.119810963,Sibbons,3570,296.11297611,-14.77625,296.112976,-14.77625,15.44,0.04,15.43,0.0, ,15.65,0.39, ,15.17,0.23,>,12.64
36,234,,296.1151667,-14.76961111,17.448,,,,15.497,,C,0.119224407,demmers,3710,296.115265,-14.76965,296.115265,-14.76965,15.05,-0.09,15.2,-0.07, ,14.97,-0.14, ,14.79,0.03,>,12.25
37,142,,296.118591,-14.89873,16.89,,16.03,,15.73,,C,0.147758617,Sibbons,3937,296.11862194,-14.89873,296.118622,-14.89873,15.43,-0.04,15.47,-0.03, ,15.34,0.01, ,14.8,-0.24,>,12.61
38,235,,296.1187083,-14.84547222,18.291,,,,16.169,,C,0.119601325,demmers,3952,296.118805,-14.84548,296.118805,-14.84548,15.08,0.01,14.76,-0.01, ,14.6,0.06, ,14.3,0.07, ,11.35
39,236,,296.1207083,-14.84447222,17.811,,,,16.104,,C,0.117374212,demmers,4104,296.12081889,-14.84449,296.120819,-14.84449,15.9,-0.07,16.04,0.11, ,15.54,-0.44, ,15.48,-0.44,>,12.44
40,287,,296.121368,-14.679315,17.359,,16.399,,16.029,,C,0.163620468,Kacharov,4149,296.12139889,-14.67934,296.121399,-14.67934,15.64,0.1,15.51,-0.01, ,15.56,-0.03, ,14.89,-0.4,>,12.73
41,237,,296.1269167,-14.78975,16.994,,,,14.984,,C,0.103770194,demmers,4538,296.12698389,-14.78975,296.126984,-14.78975,14.81,0.0,14.76,-0.07, ,14.75,-0.15, ,14.31,-0.24, ,10.18
42,99,,296.12738,-14.73369,17.56,,16.81,,16.41,,C,0.123094049,Sibbons,4570,296.12747194,-14.73369,296.127472,-14.73369,16.11,0.06,16.15,0.03, ,15.87,-0.53, ,15.81,0.0,>,12.36
43,238,,296.1280417,-14.7905,17.8,,,,15.905,,C,0.102568337,demmers,4610,296.12820389,-14.79049,296.128204,-14.79049,15.41,-0.08,15.37,-0.09, ,15.26,-0.23, ,14.72,-0.44, ,9.77
44,239,,296.1295,-14.78983333,17.657,,,,16.016,,C,0.101194648,demmers,4698,296.12954694,-14.7898,296.129547,-14.7898,15.82,0.0,15.7,-0.11, ,15.73,-0.13, ,15.61,-0.14, ,8.31
45,130,,296.129822,-14.832311,17.56,,16.74,,16.49,,C,0.10475926,Sibbons,4726,296.12988306,-14.83232,296.129883,-14.83232,15.99,0.0,16.01,0.05, ,15.81,-0.38, ,15.81,-0.06,>,12.14
46,120,,296.131714,-14.759347,17.37,,16.47,,16.18,,C,0.107011093,Sibbons,4849,296.13171389,-14.75936,296.131714,-14.75936,15.84,0.0,15.8,-0.08, ,15.58,-0.37, ,15.33,-0.2,>,12.69
47,286,,296.134644,-14.67692,17.35,,16.321,,15.771,,C,0.157020156,Kacharov,5076,296.13467389,-14.67695,296.134674,-14.67695,15.32,0.0,15.26,-0.09, ,14.98,-0.24, ,14.67,-0.29,>,12.56
48,265,,296.138214,-14.72313,17.227,,16.188,,15.542,,C,0.120802324,Kacharov,5362,296.138275,-14.72316,296.138275,-14.72316,14.96,-0.04,15.03,-0.08, ,14.92,-0.07, ,14.74,0.35, ,12.28
49,293,,296.151001,-14.726998,16.872,,16,,15.486,,C,0.108704874,Kacharov,6321,296.15109306,-14.72699,296.151093,-14.72699,15.18,-0.01,15.1,-0.1, ,14.91,0.02, ,14.54,-0.06,>,12.25
50,172,,296.153625,-14.886689,18.0,,17.21,,16.92,,C ,0.114286355,Sibbons,6528,296.15368694,-14.8867,296.153687,-14.8867,16.6,0.5,16.53,0.3, ,16.2,0.35, ,15.91,-0.09, ,11.61
51,308,,296.155457,-14.878673,17.625,,16.429,,15.762,,C,0.107173322,Kacharov,6679,296.15554806,-14.87867,296.155548,-14.87867,15.05,-0.08,15.28,-0.05, ,15.08,-0.2, ,14.84,-0.01,>,12.36
52,112,,296.156006,-14.687428,17.31,,16.25,,15.68,,C,0.136111523,Sibbons,6719,296.155975,-14.68745,296.155975,-14.68745,15.03,0.01,15.06,-0.03, ,14.89,-0.25, ,14.47,-0.04,>,12.39
53,305,,296.156158,-14.860965,17.108,,16.214,,15.634,,C,0.094702365,Kacharov,6740,296.15621889,-14.86099,296.156219,-14.86099,14.82,0.0,14.69,-0.03, ,14.28,0.0, ,13.94,0.06,>,12.21
54,294,,296.159454,-14.733295,17.518,,16.572,,15.92,,C,0.098243976,Kacharov,7006,296.15945389,-14.73332,296.159454,-14.73332,15.28,0.06,15.18,-0.03, ,15.1,0.12, ,14.6,-0.1,>,12.87
55,127,,296.160095,-14.802064,17.38,,16.61,,16.35,,C,0.06990611,Sibbons,7065,296.16012611,-14.80209,296.160126,-14.80209,15.99,0.04,16.01,-0.1, ,15.85,-0.29, ,15.17,-0.24, ,11.58
56,190,,296.162018,-14.82305,17.45,,16.64,,16.28,,C ,0.071264695,Sibbons,7223,296.16210889,-14.82302,296.162109,-14.82302,15.85,-0.04,15.91,-0.07, ,15.73,0.03, ,15.65,-0.37,>,12.95
57,141,,296.163086,-14.894488,16.75,,15.88,,15.44,,C,0.114423182,Sibbons,7326,296.16320806,-14.89449,296.163208,-14.89449,14.89,0.05,14.88,0.06, ,14.65,0.01, ,14.44,0.26,>,12.21
58,303,,296.163879,-14.827393,17.105,,15.991,,15.211,,C,0.070948287,Kacharov,7386,296.16397111,-14.82744,296.163971,-14.82744,14.61,-0.06,14.55,-0.05, ,14.36,-0.04, ,14.07,-0.11, ,12.01
59,273,,296.164886,-14.853178,17.217,,16.028,,15.151,,C,0.083023533,Kacharov,7466,296.16500889,-14.85327,296.165009,-14.85327,14.63,-0.02,14.7,-0.05, ,14.79,-0.14, ,14.28,-0.15, ,10.67
60,191,,296.167816,-14.842195,17.72,,16.99,,16.6,,C ,0.074223483,Sibbons,7725,296.16799889,-14.84227,296.167999,-14.84227,16.34,0.32,16.13,0.12, ,16.03,0.3, ,16.0,0.64, ,11.79
61,368,,296.16803,-14.836925,18.081,,16.862,,15.934,,C,0.071296535,Kacharov,7733,296.16806,-14.83692,296.16806,-14.83692,15.13,-0.05,15.02,-0.08, ,14.76,-0.37, ,14.26,-0.18,>,11.9
62,277,,296.168549,-14.87782,17.222,,16.157,,15.564,,C,0.097852174,Kacharov,7776,296.16864,-14.8778,296.16864,-14.8778,14.97,-0.08,15.11,-0.03, ,14.97,-0.15, ,14.6,-0.02,>,12.64
63,288,,296.170105,-14.696488,17.366,,16.439,,16.089,,C,0.121039928,Kacharov,7922,296.170135,-14.69651,296.170135,-14.69651,15.68,-0.03,15.75,-0.05, ,15.96,0.37, ,15.28,-0.78,>,13.04
64,304,,296.170105,-14.844587,17.354,,16.234,,15.509,,C,0.073683648,Kacharov,7925,296.17016611,-14.84462,296.170166,-14.84462,14.8,0.0,14.98,0.02, ,14.9,-0.04, ,14.18,0.06, ,10.95
65,125,,296.170349,-14.798781,17.4,,16.44,,15.76,,C,0.059720919,Sibbons,7946,296.17050194,-14.79877,296.170502,-14.79877,15.56,0.04,15.43,-0.03, ,15.2,-0.01, ,15.2,0.42,>,12.52
66,185,,296.171387,-14.745203,18.02,,17.23,,16.97,,C ,0.081387996,Sibbons,8013,296.17132611,-14.74525,296.171326,-14.74525,16.59,0.1,16.59,0.02, ,15.99,-0.49, ,16.36,0.0,>,12.62
67,306,,296.171783,-14.865685,17.105,,16.145,,15.625,,C,0.086528257,Kacharov,8057,296.17184389,-14.86569,296.171844,-14.86569,15.08,-0.02,15.1,-0.02, ,14.99,0.11, ,14.62,-0.13,>,12.56
68,312,,296.17276,-14.922873,16.532,,15.67,,15.261,,C,0.13403949,Kacharov,8151,296.17285194,-14.92291,296.172852,-14.92291,14.87,0.0,14.93,0.05, ,14.93,0.08, ,14.64,0.0, ,11.89
69,134,,296.173828,-14.855554,17.84,,16.97,,16.65,,C,0.077838159,Sibbons,8244,296.17388889,-14.85556,296.173889,-14.85556,16.37,-0.08,16.6,0.08, ,15.88,-0.38, ,16.41,0.0,>,12.7
70,48,10748.0,296.17438,-14.83893,18.58,,17.16,,16.11,,LPV,0.066946934,Whitelock,8291,296.17437694,-14.83888,296.174377,-14.83888,14.93,0.02,14.85,0.17, ,14.5,0.01, ,14.08,-0.21, ,9.8
71,55,12466.0,296.17462,-14.78854,18.42,,17.09,,16.03,,LPV,0.056915211,Whitelock,8311,296.17462194,-14.78841,296.174622,-14.78841,14.36,-0.07,13.95,-0.07, ,13.74,0.01, ,13.46,0.02,>,12.62
72,88,12400.0,296.17468,-14.79389,18.0,,16.75,,15.88,,C,0.055864397,Whitelock,8315,296.17465194,-14.79376,296.174652,-14.79376,15.0,0.37,14.84,0.35, ,14.87,0.34, ,14.46,0.33, ,11.36
73,86,20542.0,296.17703,-14.71031,17.84,,16.76,,16.02,,C,0.105605258,Whitelock,8528,296.17703194,-14.7102,296.177032,-14.7102,15.39,-0.02,15.29,-0.06, ,15.2,-0.05, ,14.76,-0.01,>,12.8
74,307,,296.178711,-14.876316,18.07,,17.083,,16.72,,C,0.090568134,Kacharov,8679,296.17874111,-14.87628,296.178741,-14.87628,16.18,-0.04,16.22,-0.04, ,15.8,-0.15, ,15.46,-0.37, ,12.15
75,276,,296.178772,-14.868636,17.478,,16.402,,15.788,,C,0.084313422,Kacharov,8683,296.17883306,-14.86864,296.178833,-14.86864,15.12,-0.05,15.14,-0.02, ,14.97,-0.05, ,14.54,0.04,>,12.47
76,0,10870.0,296.17892,-14.82286,17.52,0.04,16.53,0.04,16.19,0.05,S,0.055300836,Whitelock,8690,296.178925,-14.82271,296.178925,-14.82271,15.94,-0.05,16.01,-0.08, ,16.12,-0.24, ,15.53,0.02,>,13.24
77,296,,296.179321,-14.742605,17.415,,16.49,,15.87,,C,0.077826957,Kacharov,8730,296.17938194,-14.74265,296.179382,-14.74265,15.21,0.0,15.08,-0.06, ,14.77,-0.07, ,14.56,0.16, ,11.78
78,113,,296.179413,-14.688039,17.24,,16.35,,16.08,,C,0.124382671,Sibbons,8731,296.17938194,-14.68802,296.179382,-14.68802,15.87,-0.02,15.88,-0.03, ,15.96,-0.39, ,15.56,0.0,>,12.85
79,298,,296.179443,-14.752915,16.663,,15.734,,15.234,,C,0.070235748,Kacharov,8741,296.17950389,-14.75292,296.179504,-14.75292,14.65,-0.03,14.55,-0.06, ,14.41,-0.04, ,14.16,-0.01, ,12.29
80,61,11305.0,296.17957,-14.77527,18.02,,16.56,,15.45,,LPV,0.056922271,Whitelock,8749,296.179565,-14.77517,296.179565,-14.77517,14.11,0.11,13.7,0.07, ,13.31,0.0, ,13.04,0.06,>,12.56
81,295,,296.179535,-14.737016,17.065,,16.054,,15.353,,C,0.082017412,Kacharov,8754,296.17962611,-14.73701,296.179626,-14.73701,15.0,0.01,15.1,-0.06, ,14.96,-0.04, ,14.48,-0.06,>,12.31
82,274,,296.179565,-14.858191,17.341,,16.375,,15.818,,C,0.075751651,Kacharov,8755,296.17962611,-14.85822,296.179626,-14.85822,15.1,-0.16,15.25,-0.1, ,15.37,-0.05, ,14.69,-0.22,>,12.35
83,83,20540.0,296.18011,-14.71067,17.88,,16.89,,16.39,,C,0.103778669,Whitelock,8795,296.18008389,-14.71055,296.180084,-14.71055,16.07,-0.01,15.97,-0.02, ,15.92,-0.15, ,15.96,0.09,>,12.52
84,269,,296.180084,-14.825297,17.231,,16.366,,15.897,,C,0.055225376,Kacharov,8799,296.180145,-14.8253,296.180145,-14.8253,15.45,-0.04,15.42,-0.06, ,15.09,-0.04, ,14.86,0.17,>,12.25
85,47,11032.0,296.18048,-14.80431,18.2,,16.91,,15.94,,LPV,0.049590322,Whitelock,8831,296.18045,-14.80418,296.18045,-14.80418,15.52,0.98,14.05,-0.03, ,13.69,-0.08, ,13.52,-0.07,>,12.4
86,300,,296.181671,-14.7577,17.175,,16.282,,15.944,,C,0.065337992,Kacharov,8961,296.18173194,-14.7577,296.181732,-14.7577,15.71,-0.07,15.59,-0.18, ,15.41,-0.19, ,14.92,-0.58,>,11.92
87,90,20375.0,296.18277,-14.74815,18.03,,16.62,,15.59,,C,0.071379712,Whitelock,9039,296.18273889,-14.748,296.182739,-14.748,14.54,0.01,14.14,-0.04, ,14.01,0.01, ,13.69,-0.01, ,11.71
88,168,,296.182983,-14.828946,17.6,,16.81,,16.58,,C ,0.054356034,Sibbons,9068,296.183075,-14.82892,296.183075,-14.82892,16.11,0.23,16.09,0.23, ,15.48,-0.14, ,15.62,0.05,>,12.15
89,12,11391.0,296.18323,-14.76308,18.39,0.32,16.94,0.18,15.82,0.14,LAV,0.060635147,Whitelock,9085,296.18319694,-14.76298,296.183197,-14.76298,14.58,-0.07,14.25,-0.07, ,14.06,-0.16, ,13.65,-0.04,>,12.6
90,22,20608.0,296.18378,-14.68249,19.57,1.4,17.64,0.95,16.06,0.67,LAV,0.127828638,Whitelock,9135,296.18377694,-14.68244,296.183777,-14.68244,14.08,-0.07,13.64,0.0, ,13.03,-0.08, ,12.39,-0.01, ,10.57
91,34,12557.0,296.18398,-14.78018,18.23,,17.51,,17.12,,O,0.050790358,Whitelock,9152,296.18396,-14.78008,296.18396,-14.78008,16.38,-0.05,16.23,-0.01, ,15.79,-0.56, ,16.42,0.0,>,12.36
92,163,,296.184326,-14.799191,17.83,,17.03,,16.78,,C,0.045741226,Sibbons,9189,296.18435694,-14.79921,296.184357,-14.79921,16.39,-0.14,16.55,-0.15, ,16.58,0.0,>,16.59,0.0,>,12.19
93,264,,296.184784,-14.717754,17.435,,16.459,,16.039,,C,0.095322514,Kacharov,9229,296.18481389,-14.71779,296.184814,-14.71779,15.58,-0.08,15.69,-0.11, ,15.55,-0.08, ,14.97,0.01,>,12.2
94,102,,296.18609,-14.7787,16.72,,15.9,,15.54,,C,0.049555111,Sibbons,9346,296.18615694,-14.77872,296.186157,-14.77872,15.16,-0.07,15.29,-0.12, ,15.14,-0.23, ,15.0,-0.22,>,12.68
95,371,,296.187256,-14.854028,18.166,,17.224,,16.937,,C,0.067590012,Kacharov,9449,296.18734694,-14.85399,296.187347,-14.85399,16.37,0.4,16.23,0.32, ,16.11,0.44, ,16.26,0.0,>,12.89
96,290,,296.187347,-14.717557,17.671,,16.723,,16.491,,C,0.094309465,Kacharov,9458,296.18743889,-14.71755,296.187439,-14.71755,16.37,-0.04,16.45,-0.06, ,16.04,-0.03, ,16.2,0.0,>,12.65
97,42,30292.0,296.18801,-14.87231,15.88,,15.19,,14.68,,O,0.082177672,Whitelock,9501,296.18804889,-14.87223,296.188049,-14.87223,13.84,-0.03,13.82,0.17, ,13.53,0.03, ,13.21,-0.02,>,11.91
98,275,,296.188385,-14.861088,17.551,,16.547,,16.182,,C,0.07254176,Kacharov,9534,296.18847694,-14.86113,296.188477,-14.86113,15.59,-0.05,15.75,-0.05, ,15.87,-0.06, ,15.45,-0.25,>,12.63
99,5,30528.0,296.19156,-14.89296,17.76,0.06,16.85,0.04,16.51,0.1,S,0.099053004,Whitelock,9820,296.19155889,-14.89288,296.191559,-14.89288,16.22,0.05,16.2,0.02, ,16.66,0.0, ,15.98,-0.27,>,12.61
100,8,10310.0,296.19168,-14.82965,18.32,0.31,16.8,0.19,15.67,0.1,LAV,0.047447896,Whitelock,9830,296.19168111,-14.82955,296.191681,-14.82955,14.84,0.24,14.02,-0.01, ,13.71,-0.07, ,13.4,-0.08,>,11.84
101,263,,296.193542,-14.678253,17.488,,16.498,,16.071,,C,0.128689322,Kacharov,10016,296.193665,-14.67825,296.193665,-14.67825,15.67,0.03,15.58,-0.03, ,15.08,-0.07, ,14.8,-0.4,>,12.63
102,302,,296.194275,-14.821965,17.296,,16.408,,15.902,,C,0.041087257,Kacharov,10066,296.194305,-14.82202,296.194305,-14.82202,15.46,0.41,15.29,0.38, ,15.1,0.52, ,14.85,0.58, ,11.85
103,271,,296.194489,-14.842676,17.014,,16.111,,15.568,,C,0.054245029,Kacharov,10106,296.19458,-14.84272,296.19458,-14.84272,15.01,-0.04,15.14,-0.06, ,15.24,-0.05, ,14.71,-0.01,>,11.85
104,51,13364.0,296.19489,-14.82267,18.1,,16.85,,15.86,,LPV,0.040911027,Whitelock,10134,296.194885,-14.82261,296.194885,-14.82261,14.9,0.14,14.72,0.13, ,14.63,0.36, ,14.09,0.06, ,12.0
105,53,20558.0,296.19647,-14.70265,18.21,,16.6,,15.31,,LPV,0.104542916,Whitelock,10275,296.19647194,-14.70255,296.196472,-14.70255,13.78,-0.02,13.52,-0.04, ,13.16,0.02, ,12.75,-0.05,>,12.55
106,78,40102.0,296.19682,-14.75119,19.69,,17.43,,15.69,,LPV,0.060408135,Whitelock,10311,296.19677694,-14.7511,296.196777,-14.7511,13.94,-0.06,13.22,-0.07, ,12.59,-0.04, ,11.91,0.06, ,10.58
107,266,,296.197662,-14.763362,17.175,,16.255,,15.536,,C,0.050132316,Kacharov,10402,296.19778389,-14.76335,296.197784,-14.76335,14.79,-0.01,14.72,-0.05, ,14.77,0.13, ,14.18,-0.21,>,12.07
108,291,,296.198029,-14.719869,17.606,,16.479,,15.802,,C,0.087826809,Kacharov,10433,296.19805889,-14.71992,296.198059,-14.71992,15.09,-0.05,15.25,-0.04, ,15.03,0.0, ,14.56,0.2,>,13.17
109,77,21029.0,296.19858,-14.71837,19.11,,17.07,,15.55,,LPV,0.089028683,Whitelock,10474,296.19854694,-14.71823,296.198547,-14.71823,13.11,-0.04,12.57,-0.02, ,11.96,0.01, ,11.61,0.12, ,11.01
110,56,40114.0,296.19916,-14.8616,20.21,,18.61,,16.99,,LPV,0.067399633,Whitelock,10542,296.19918806,-14.86156,296.199188,-14.86156,14.53,-0.06,13.9,-0.04, ,13.32,-0.01, ,12.94,0.03, ,10.88
111,268,,296.199615,-14.7809,18.414,,17.421,,17.201,,C,0.03680545,Kacharov,10591,296.19964611,-14.7809,296.199646,-14.7809,16.85,0.88,16.95,0.78, ,16.41,0.15, ,15.71,0.0,>,12.38
112,11,10968.0,296.20154,-14.81282,19.18,0.6,17.3,0.3,15.91,0.2,LAV,0.030566225,Whitelock,10797,296.20153806,-14.81271,296.201538,-14.81271,14.36,0.04,13.83,-0.04, ,13.44,0.0, ,13.0,-0.07,>,13.9
113,310,,296.201691,-14.886331,16.685,,15.619,,15.007,,C,0.089268608,Kacharov,10811,296.20163,-14.88634,296.20163,-14.88634,14.34,-0.01,14.41,-0.08, ,14.49,0.01, ,14.09,-0.11,>,11.15
114,272,,296.202057,-14.847754,17.178,,16.174,,15.577,,C,0.053893843,Kacharov,10864,296.20208694,-14.84781,296.202087,-14.84781,14.86,-0.05,15.07,-0.01, ,14.97,0.03, ,14.4,-0.06,>,13.55
115,301,,296.202637,-14.773767,17.296,,16.414,,15.714,,C,0.039080829,Kacharov,10916,296.20269806,-14.77378,296.202698,-14.77378,15.17,0.0,15.48,0.13, ,15.43,0.09, ,14.78,-0.07,>,11.84
116,289,,296.20285,-14.700215,17.115,,15.986,,15.382,,C,0.105024947,Kacharov,10944,296.20288111,-14.70022,296.202881,-14.70022,15.0,-0.05,15.12,-0.07, ,15.98,0.99, ,14.77,0.03,>,12.62
117,299,,296.203827,-14.755259,17.967,,17.164,,16.598,,C,0.053282331,Kacharov,11035,296.20385694,-14.75527,296.203857,-14.75527,16.31,0.01,16.23,0.06, ,15.8,-0.22, ,15.78,0.0,>,12.14
118,151,,296.204498,-14.674287,18.32,,17.55,,17.28,,C,0.129910664,Sibbons,11108,296.20455889,-14.67432,296.204559,-14.67432,16.83,0.29,16.96,0.32, ,16.67,0.0,>,16.17,0.0,>,12.2
119,370,,296.204712,-14.849141,17.306,,16.262,,15.565,,C,0.053786418,Kacharov,11127,296.20474194,-14.84915,296.204742,-14.84915,15.01,-0.07,15.08,-0.11, ,15.26,-0.15, ,14.57,-0.03,>,12.31
120,278,,296.206696,-14.92662,16.997,,15.861,,15.147,,C,0.127104598,Kacharov,11320,296.206665,-14.92663,296.206665,-14.92663,14.53,-0.03,14.7,-0.07, ,14.82,-0.11, ,14.38,-0.27,>,12.56
121,297,,296.207184,-14.745038,17.006,,15.993,,15.379,,C,0.06105533,Kacharov,11374,296.20721389,-14.74505,296.207214,-14.74505,14.72,-0.07,14.75,-0.11, ,14.61,-0.15, ,14.26,-0.15,>,12.95
122,195,,296.207458,-14.896397,17.39,,16.58,,16.2,,C ,0.097372205,Sibbons,11396,296.20745806,-14.89638,296.207458,-14.89638,15.69,-0.09,15.82,-0.05, ,15.48,-0.16, ,15.05,-0.17,>,13.98
123,162,,296.208191,-14.797331,17.67,,16.91,,16.45,,C,0.022236443,Sibbons,11473,296.20825194,-14.79721,296.208252,-14.79721,15.98,-0.01,16.19,0.11, ,16.05,0.38, ,15.51,0.14,>,12.88
124,267,,296.208893,-14.769947,17.025,,16.201,,15.758,,C,0.038103204,Kacharov,11540,296.20898389,-14.76994,296.208984,-14.76994,15.26,0.04,15.2,-0.03, ,14.99,-0.17, ,14.9,-0.15,>,13.0
125,46,12751.0,296.21027,-14.75973,17.89,,16.91,,16.29,,LPV,0.046349072,Whitelock,11678,296.21023611,-14.75964,296.210236,-14.75964,15.66,0.6,15.64,0.67, ,15.39,0.84, ,15.17,0.57,>,12.21
126,26,30924.0,296.21112,-14.91074,19.46,0.36,17.55,0.2,16.25,0.13,LAV,0.110692002,Whitelock,11767,296.21112111,-14.91068,296.211121,-14.91068,14.63,-0.02,14.12,-0.02, ,13.66,0.03, ,13.28,0.07,>,12.51
127,270,,296.212219,-14.830112,17.27,,16.343,,16.036,,C,0.033542679,Kacharov,11890,296.21225,-14.83015,296.21225,-14.83015,15.54,-0.09,15.72,0.04, ,15.49,-0.88, ,15.7,0.6,>,12.54
128,167,,296.212616,-14.82485,17.39,,16.56,,16.25,,C ,0.0289744,Sibbons,11915,296.21252389,-14.82485,296.212524,-14.82485,15.82,0.11,15.96,0.16, ,15.98,0.17, ,15.37,-0.54,>,12.9
129,106,,296.21267,-14.87307,17.66,,16.8,,16.47,,C,0.073473049,Sibbons,11916,296.21252389,-14.87303,296.212524,-14.87303,15.79,0.03,15.98,0.17, ,15.75,0.01, ,15.33,0.0, ,10.42
130,57,11059.0,296.21259,-14.80142,18.38,,16.9,,15.79,,LPV,0.017411795,Whitelock,11924,296.212585,-14.80132,296.212585,-14.80132,14.47,-0.11,14.02,-0.1, ,13.67,-0.07, ,13.43,-0.05,>,12.26
131,44,20004.0,296.21293,-14.73224,13.72,,12.97,,12.57,,O,0.071497621,Whitelock,11967,296.21295194,-14.73218,296.212952,-14.73218,12.38,-0.04,12.11,-0.02, ,11.74,0.06, ,11.14,0.05, ,9.14
132,39,20134.0,296.21322,-14.68097,16.35,,15.55,,15.07,,O,0.121860816,Whitelock,11993,296.21319611,-14.68089,296.213196,-14.68089,14.2,-0.02,14.06,-0.04, ,13.83,-0.05, ,13.5,-0.03, ,11.74
133,160,,296.213776,-14.783867,17.89,,17.08,,16.72,,C,0.024086614,Sibbons,12062,296.21383694,-14.7839,296.213837,-14.7839,16.26,0.17,16.31,0.16, ,16.36,-0.31, ,15.61,-0.72,>,12.2
134,1,10784.0,296.21545,-14.83469,17.45,0.03,16.53,0.04,16.2,0.06,S,0.036083554,Whitelock,12238,296.215485,-14.83459,296.215485,-14.83459,15.96,-0.19,16.11,-0.2, ,16.11,0.0, ,15.85,0.0, ,11.2
135,80,10807.0,296.21631,-14.83196,20.37,,18,,15.89,,LPV,0.033240039,Whitelock,12315,296.21627806,-14.83186,296.216278,-14.83186,14.12,-0.05,13.12,-0.05, ,12.45,0.0, ,11.91,0.17, ,9.97
136,71,12445.0,296.21661,-14.79057,20.26,,18.34,,16.43,,LPV,0.017392588,Whitelock,12348,296.21664389,-14.79046,296.216644,-14.79046,14.73,0.04,14.0,-0.04, ,13.51,0.13, ,12.88,-0.06, ,11.35
137,58,11296.0,296.21729,-14.77647,18.37,,16.99,,15.78,,LPV,0.028223821,Whitelock,12416,296.217285,-14.77642,296.217285,-14.77642,14.29,0.02,13.83,-0.08, ,13.72,-0.01, ,13.24,0.0,>,12.24
138,87,30430.0,296.21802,-14.92573,17.67,,16.56,,15.86,,C,0.124637089,Whitelock,12495,296.21804806,-14.92567,296.218048,-14.92567,15.22,-0.06,15.26,-0.09, ,15.25,0.07, ,14.65,-0.12,>,12.39
139,38,30133.0,296.21816,-14.88035,16.3,,15.53,,15.09,,O,0.079565872,Whitelock,12508,296.21817,-14.88028,296.21817,-14.88028,14.29,-0.05,14.21,-0.01, ,14.02,-0.02, ,13.84,-0.15,>,11.14
140,367,,296.219086,-14.802538,17.309,,16.477,,15.994,,C,0.010948462,Kacharov,12589,296.219055,-14.8026,296.219055,-14.8026,15.66,-0.07,15.65,-0.24, ,15.33,-0.21, ,14.93,-0.08,>,12.26
141,98,,296.22033,-14.72841,18.26,,17.25,,17.15,,C,0.073895443,Sibbons,12729,296.22042806,-14.72842,296.220428,-14.72842,16.63,-0.07,16.7,-0.11, ,16.92,0.0, ,15.36,0.0, ,9.89
142,369,,296.22171,-14.839417,17.929,,17,,16.501,,C,0.038646605,Kacharov,12878,296.22171,-14.83946,296.22171,-14.83946,16.02,0.04,16.07,0.1, ,15.74,-0.42, ,15.95,0.23,>,11.99
143,59,30928.0,296.22229,-14.90997,18.95,,17.42,,16.28,,LPV,0.108574095,Whitelock,12939,296.22232111,-14.9099,296.222321,-14.9099,14.45,-0.04,13.93,-0.06, ,13.57,-0.07, ,13.33,0.06,>,12.71
144,96,,296.22287,-14.71018,17.6,,16.76,,16.37,,C,0.091767407,Sibbons,12991,296.2229,-14.7102,296.2229,-14.7102,16.05,0.07,16.02,0.01, ,15.76,0.22, ,14.86,0.06,>,10.31
145,37,10184.0,296.22364,-14.77473,16.44,,15.58,,15.13,,O,0.027680556,Whitelock,13064,296.22360194,-14.77464,296.223602,-14.77464,14.34,0.01,14.19,-0.02, ,14.03,-0.08, ,13.49,0.07,>,12.42
146,145,,296.223907,-14.922441,17.22,,16.33,,15.81,,C,0.120924601,Sibbons,13107,296.22393806,-14.92243,296.223938,-14.92243,15.16,-0.04,14.97,-0.01, ,14.62,0.03, ,14.5,0.04,>,12.42
147,105,,296.22512,-14.86821,17.31,,16.58,,16.32,,C,0.066718708,Sibbons,13253,296.22515889,-14.86821,296.225159,-14.86821,15.94,0.19,15.81,0.06, ,15.66,0.03, ,15.42,-0.03,>,14.0
148,52,20239.0,296.22632,-14.72554,18.04,,16.71,,15.66,,LPV,0.076218891,Whitelock,13371,296.22631806,-14.72547,296.226318,-14.72547,14.43,-0.01,14.16,-0.03, ,13.76,-0.01, ,13.51,-0.06,>,10.13
149,29,40275.0,296.22681,-14.75065,17.13,0.34,15.92,0.29,15.11,0.28,LAV,0.051119629,Whitelock,13419,296.22674611,-14.75058,296.226746,-14.75058,14.43,-0.04,14.45,-0.03, ,14.15,-0.06, ,13.67,-0.2, ,11.91
150,373,,296.226807,-14.881382,17.365,,16.369,,15.908,,C,0.079775925,Kacharov,13426,296.22683694,-14.88139,296.226837,-14.88139,15.34,-0.07,15.32,-0.06, ,15.08,-0.25, ,14.89,-0.27,>,11.97
151,93,10032.0,296.22696,-14.80191,14.48,,13.66,,13.34,,s,0.0030494589684059,Whitelock,13439,296.22695889,-14.80182,296.226959,-14.80182,13.3,-0.05,13.09,-0.02, ,12.76,-0.07, ,12.48,-0.03, ,10.82
152,372,,296.227081,-14.876891,17.543,,16.457,,15.858,,C,0.075277616,Kacharov,13467,296.22717306,-14.87691,296.227173,-14.87691,15.43,0.15,15.37,0.05, ,15.24,-0.31, ,15.05,-0.06,>,13.11
153,14,11403.0,296.22778,-14.76111,18.35,0.34,17.01,0.15,16.18,0.09,LAV,0.040620709,Whitelock,13521,296.22772194,-14.76104,296.227722,-14.76104,15.14,-0.05,15.03,-0.09, ,14.9,-0.09, ,14.84,0.44, ,11.42
154,63,11140.0,296.22876,-14.79337,18.75,,17.25,,15.93,,LPV,0.008392115,Whitelock,13627,296.22872889,-14.79328,296.228729,-14.79328,14.19,0.02,13.55,0.01, ,13.13,0.0, ,12.66,0.05, ,10.85
155,97,,296.22888,-14.72012,17.5,,16.56,,16.3,,C,0.081557691,Sibbons,13665,296.22900389,-14.72017,296.229004,-14.72017,15.93,0.19,15.96,0.1, ,16.01,-0.09, ,16.08,0.0, ,10.02
156,159,,296.229034,-14.781347,17.61,,16.51,,15.94,,C,0.020345945,Sibbons,13686,296.22924806,-14.78127,296.229248,-14.78127,15.34,0.07,15.52,0.08, ,15.2,-0.41, ,14.99,-0.39,>,12.96
157,91,20657.0,296.22934,-14.65254,17.98,,16.59,,15.56,,C,0.14913146,Whitelock,13694,296.22934,-14.65249,296.22934,-14.65249,14.6,0.0,14.26,-0.08, ,14.14,0.06, ,13.65,-0.07, ,11.03
158,169,,296.233093,-14.830748,17.39,,16.6,,16.31,,C ,0.029242037,Sibbons,14100,296.23315389,-14.83075,296.233154,-14.83075,15.83,0.09,15.82,-0.04, ,15.89,0.01, ,15.85,-0.07,>,12.24
159,30,40327.0,296.23346,-14.74996,17.71,0.18,16.93,0.23,16.52,0.18,LAV,0.051825628,Whitelock,14125,296.23339806,-14.7499,296.233398,-14.7499,15.85,0.03,15.82,-0.01, ,15.8,-0.23, ,15.58,-0.76,>,12.16
160,108,,296.233887,-14.671288,17.14,,16.26,,16.01,,C,0.130439928,Sibbons,14180,296.23394806,-14.67129,296.233948,-14.67129,15.77,0.04,15.82,-0.09, ,15.62,-0.38, ,15.18,-0.09,>,12.83
161,10,10501.0,296.23456,-14.7733,18.0,0.37,16.56,0.32,15.48,0.27,LAV,0.028734135,Whitelock,14238,296.23455806,-14.77322,296.234558,-14.77322,14.13,-0.06,13.91,-0.05, ,13.65,-0.1, ,13.32,-0.07,>,13.05
162,155,,296.234558,-14.767653,16.96,,16.04,,15.62,,C,0.034321009,Sibbons,14253,296.23465,-14.76764,296.23465,-14.76764,15.07,0.02,15.17,-0.02, ,15.16,-0.2, ,15.03,-0.06,>,12.28
163,171,,296.234772,-14.862573,17.71,,16.99,,16.68,,C ,0.061089667,Sibbons,14271,296.23483306,-14.86258,296.234833,-14.86258,16.16,0.19,16.21,0.1, ,16.22,0.17, ,15.35,-0.23,>,12.5
164,45,10817.0,296.23639,-14.83054,17.7,,16.76,,16.04,,LPV,0.029568717,Whitelock,14443,296.23635889,-14.83041,296.236359,-14.83041,14.94,-0.03,14.69,-0.03, ,14.74,0.07, ,14.17,-0.07,>,12.28
165,104,,296.23651,-14.79789,17.25,,16.52,,16.22,,C,0.007527848,Sibbons,14449,296.23645,-14.79791,296.23645,-14.79791,15.82,-0.14,15.79,-0.21, ,15.53,0.42, ,14.66,0.96, ,8.84
166,40,40363.0,296.23649,-14.85697,19.18,,17.73,,16.32,,C,0.05567953,Whitelock,14457,296.23651111,-14.85692,296.236511,-14.85692,14.34,0.28,13.63,0.11, ,13.08,0.14, ,12.53,0.1, ,11.63
167,137,,296.236908,-14.87212,18.02,,17.07,,16.82,,C,0.070787873,Sibbons,14506,296.23693806,-14.87214,296.236938,-14.87214,16.27,-0.11,16.37,-0.3, ,16.16,0.0, ,15.77,0.0,>,12.55
168,67,31168.0,296.23883,-14.87026,19.49,,17.5,,15.82,,LPV,0.069156034,Whitelock,14713,296.23883111,-14.87026,296.238831,-14.87026,13.81,-0.03,13.18,-0.07, ,12.73,-0.04, ,12.43,0.11, ,11.39
169,94,10074.0,296.24005,-14.80796,14.74,,13.94,,13.66,,s,0.0118560786097075,Whitelock,14836,296.24011194,-14.80786,296.240112,-14.80786,13.4,-0.01,13.25,-0.03, ,12.98,-0.01, ,12.62,-0.02, ,11.42
170,60,13106.0,296.24048,-14.84939,19.1,,17.38,,15.96,,LPV,0.048857229,Whitelock,14870,296.24050889,-14.84932,296.240509,-14.84932,14.7,-0.03,14.04,-0.03, ,13.41,-0.08, ,13.1,0.11,>,12.56
171,170,,296.241516,-14.846167,18.41,,17.3,,16.36,,C ,0.045963042,Sibbons,14970,296.241455,-14.84612,296.241455,-14.84612,15.51,0.01,15.28,-0.05, ,15.03,-0.04, ,15.07,-0.04,>,12.41
172,19,13390.0,296.24246,-14.82114,19.99,0.74,18.4,0.44,16.77,0.21,LAV,0.023115633,Whitelock,15081,296.24246194,-14.82105,296.242462,-14.82105,14.64,-0.07,14.0,-0.09, ,13.51,-0.11, ,13.23,0.04, ,12.0
173,62,30920.0,296.24246,-14.91158,18.95,,17.21,,15.86,,LPV,0.110614012,Whitelock,15087,296.24249306,-14.91156,296.242493,-14.91156,14.04,-0.12,13.53,-0.05, ,13.14,-0.02, ,12.87,-0.01,>,12.23
174,65,10753.0,296.24295,-14.83836,18.4,,17.06,,15.88,,LPV,0.038908336,Whitelock,15132,296.24298111,-14.83828,296.242981,-14.83828,14.25,-0.01,13.64,-0.03, ,13.04,-0.05, ,12.61,0.06, ,11.44
175,343,,296.244141,-14.813117,17.32,,16.187,,15.349,,C,0.018193452,Kacharov,15278,296.24420194,-14.81313,296.244202,-14.81313,14.65,-0.12,14.79,-0.12, ,14.84,-0.22, ,14.33,-0.16,>,12.92
176,342,,296.244385,-14.810474,16.872,,15.96,,15.476,,C,0.016865309,Kacharov,15302,296.244415,-14.81048,296.244415,-14.81048,15.01,-0.12,15.1,-0.12, ,15.04,0.0, ,14.51,0.05, ,11.17
177,153,,296.244446,-14.75467,17.25,,16.49,,16.22,,C,0.04916998,Sibbons,15312,296.24447611,-14.75469,296.244476,-14.75469,15.78,0.01,15.9,0.04, ,16.01,-0.26, ,15.62,0.0,>,12.71
178,349,,296.244781,-14.845008,17.719,,16.678,,16.005,,C,0.045789302,Kacharov,15341,296.24478111,-14.84503,296.244781,-14.84503,15.03,0.0,14.67,-0.05, ,14.24,-0.18, ,14.17,-0.09,>,12.59
179,103,,296.24578,-14.7865,17.58,,16.73,,16.46,,C,0.021889205,Sibbons,15436,296.24566694,-14.78655,296.245667,-14.78655,16.05,-0.18,16.19,-0.11, ,16.64,0.42, ,15.9,1.68, ,9.62
180,31,40419.0,296.24622,-14.86655,17.98,0.08,16.67,0.06,15.79,0.08,LAV,0.066876773,Whitelock,15492,296.24627694,-14.86645,296.246277,-14.86645,14.93,-0.08,14.92,-0.09, ,14.94,-0.13, ,14.46,0.09,>,12.87
181,64,20439.0,296.2464,-14.73473,19.15,,17.32,,15.77,,LPV,0.068919689,Whitelock,15512,296.24642889,-14.73465,296.246429,-14.73465,13.56,-0.01,12.9,-0.07, ,12.46,-0.02, ,12.05,0.08, ,10.87
182,152,,296.247101,-14.722958,18.13,,17.27,,17.03,,C,0.080548266,Sibbons,15596,296.24710111,-14.72296,296.247101,-14.72296,16.7,0.64,16.59,0.51, ,16.12,0.21, ,15.83,0.07,>,12.48
183,18,12711.0,296.24728,-14.76419,18.94,1.05,17.79,0.92,16.8,0.63,LAV,0.041271646,Whitelock,15618,296.24728389,-14.76411,296.247284,-14.76411,16.43,0.26,15.87,0.08, ,15.41,-0.21, ,15.34,-0.04,>,12.29
184,114,,296.248596,-14.689795,17.26,,16.43,,16.11,,C,0.113409994,Sibbons,15748,296.24865694,-14.6898,296.248657,-14.6898,15.68,0.01,15.92,0.05, ,15.54,-0.24, ,15.17,-0.21,>,12.69
185,331,,296.248871,-14.764977,17.11,,15.994,,15.228,,C,0.041261252,Kacharov,15778,296.24890111,-14.76497,296.248901,-14.76497,14.5,-0.06,14.56,-0.09, ,14.62,0.02, ,14.12,0.23, ,11.07
186,16,12070.0,296.24905,-14.81619,17.49,0.09,16.92,0.21,15.98,0.27,LAV,0.023952722,Whitelock,15808,296.24908389,-14.81614,296.249084,-14.81614,14.0,-0.05,13.3,-0.08, ,12.79,-0.06, ,12.38,0.05,>,12.13
187,41,10198.0,296.25088,-14.76786,15.5,,14.68,,14.19,,O,0.039737772,Whitelock,15995,296.250885,-14.76778,296.250885,-14.76778,13.35,-0.03,13.14,-0.03, ,12.95,-0.02, ,12.76,0.06, ,11.11
188,143,,296.251007,-14.9064,17.96,,17.09,,16.77,,C,0.106816043,Sibbons,16022,296.25109889,-14.90636,296.251099,-14.90636,16.27,0.16,16.22,0.18, ,16.02,0.32, ,15.71,0.39,>,12.56
189,339,,296.251434,-14.798083,17.625,,16.616,,16.058,,C,0.021732071,Kacharov,16062,296.251465,-14.79806,296.251465,-14.79806,15.54,0.44,15.68,0.53, ,15.31,-0.62, ,14.57,0.22, ,11.0
190,330,,296.252136,-14.757003,17.914,,16.978,,16.427,,C,0.049851212,Kacharov,16135,296.25213611,-14.757,296.252136,-14.757,15.8,0.01,15.77,0.08, ,15.47,-0.06, ,15.02,-0.59,>,12.3
191,35,11226.0,296.25229,-14.78475,17.49,,16.54,,16.08,,O,0.027984469,Whitelock,16162,296.25231889,-14.78467,296.252319,-14.78467,15.36,0.32,15.38,0.37, ,15.11,0.28, ,14.53,0.36, ,11.4
192,17,12660.0,296.25348,-14.76936,18.38,0.35,16.83,0.3,15.54,0.27,LAV,0.039940537,Whitelock,16282,296.25351,-14.76931,296.25351,-14.76931,13.89,0.01,13.41,-0.03, ,13.07,-0.03, ,12.69,0.0,>,12.6
193,4,12050.0,296.25427,-14.81764,18.17,0.07,17.25,0.1,16.7,0.05,S,0.029052948,Whitelock,16379,296.25433306,-14.81753,296.254333,-14.81753,15.92,0.26,15.68,0.13, ,15.7,0.25, ,14.84,0.16,>,12.12
194,6,10326.0,296.25522,-14.82579,16.82,0.03,15.86,0.03,15.52,0.02,S,0.034897318,Whitelock,16477,296.25524889,-14.82573,296.255249,-14.82573,15.35,0.08,15.45,0.09, ,15.14,-0.11, ,15.27,-0.5,>,11.95
195,341,,296.256256,-14.807403,17.424,,16.327,,15.554,,C,0.026874613,Kacharov,16596,296.25631694,-14.8074,296.256317,-14.8074,14.97,-0.01,15.02,-0.05, ,14.72,0.03, ,13.48,0.11, ,10.91
196,76,13293.0,296.25696,-14.83051,20.3,,18.37,,16.42,,LPV,0.039478946,Whitelock,16671,296.25698889,-14.83044,296.256989,-14.83044,14.38,0.0,13.54,-0.02, ,12.91,0.01, ,12.19,0.04, ,10.64
197,75,11299.0,296.25732,-14.77645,19.06,,17.3,,15.73,,LPV,0.037181054,Whitelock,16698,296.257355,-14.77634,296.257355,-14.77634,13.54,-0.04,12.96,-0.05, ,12.59,0.01, ,11.99,-0.05, ,11.92
198,347,,296.257324,-14.837327,18.011,,17.107,,16.687,,C,0.044922407,Kacharov,16705,296.257385,-14.83734,296.257385,-14.83734,15.99,-0.05,16.0,-0.07, ,15.81,-0.7, ,15.51,0.06,>,12.27
199,348,,296.257874,-14.842669,17.395,,16.265,,15.595,,C,0.049576989,Kacharov,16763,296.257965,-14.84268,296.257965,-14.84268,14.93,-0.05,15.04,-0.09, ,14.91,-0.17, ,14.48,0.07,>,12.79
200,161,,296.257843,-14.793209,17.91,,17.14,,16.88,,C,0.029100192,Sibbons,16774,296.25805694,-14.79324,296.258057,-14.79324,16.46,0.64,16.51,0.63, ,16.42,0.93, ,15.69,1.22, ,11.9
201,82,30268.0,296.25891,-14.88796,16.73,,15.44,,14.45,,LPV,0.091004133,Whitelock,16861,296.25894194,-14.88794,296.258942,-14.88794,12.98,-0.02,12.43,-0.03, ,12.07,-0.01, ,11.07,0.08, ,8.97
202,344,,296.259552,-14.815343,17.428,,16.335,,15.717,,C,0.032561812,Kacharov,16931,296.25961306,-14.81533,296.259613,-14.81533,14.97,-0.09,15.11,-0.08, ,15.03,-0.29, ,14.73,-0.05,>,12.35
203,345,,296.259796,-14.82215,17.409,,16.47,,16.006,,C,0.036155664,Kacharov,16955,296.25979611,-14.82211,296.259796,-14.82211,15.42,-0.01,15.4,-0.1, ,15.21,-0.12, ,15.1,-0.43,>,12.0
204,110,,296.259827,-14.684196,17.31,,16.47,,16.21,,C,0.121201446,Sibbons,16970,296.25991806,-14.68419,296.259918,-14.68419,15.93,0.0,15.88,-0.15, ,16.04,0.3, ,15.3,0.0,>,12.54
205,32,40493.0,296.26105,-14.73764,18.29,0.15,16.78,0.16,15.38,0.19,LAV,0.07116139,Whitelock,17075,296.26107806,-14.73758,296.261078,-14.73758,13.9,-0.03,13.51,-0.05, ,13.18,0.01, ,12.74,0.03,>,13.32
206,354,,296.261169,-14.861171,18.091,,17.198,,16.647,,C,0.067170496,Kacharov,17092,296.26126111,-14.86125,296.261261,-14.86125,16.0,0.09,15.93,0.01, ,15.89,-0.16, ,15.63,0.03,>,12.53
207,139,,296.261414,-14.883708,17.94,,17.07,,16.79,,C,0.087846872,Sibbons,17101,296.26132194,-14.88373,296.261322,-14.88373,16.32,0.09,16.18,0.04, ,16.19,-0.31, ,15.79,0.0,>,12.2
208,333,,296.261536,-14.769683,17.345,,16.483,,16.072,,C,0.044918676,Kacharov,17128,296.26156611,-14.76971,296.261566,-14.76971,15.65,0.09,15.6,-0.01, ,15.54,-0.15, ,15.01,-0.37,>,12.48
209,358,,296.262299,-14.882443,16.354,,15.396,,14.905,,C,0.086991396,Kacharov,17202,296.26232889,-14.88244,296.262329,-14.88244,14.07,-0.05,14.06,-0.07, ,14.19,0.34, ,13.67,0.02,>,12.19
210,350,,296.262543,-14.847853,17.049,,16.052,,15.442,,C,0.056497047,Kacharov,17229,296.26260389,-14.84786,296.262604,-14.84786,14.86,0.23,14.94,0.24, ,14.85,0.05, ,14.36,0.37,>,13.59
211,323,,296.263336,-14.708953,17.071,,16.053,,15.567,,C,0.098527818,Kacharov,17312,296.26336694,-14.70896,296.263367,-14.70896,15.4,-0.04,15.28,-0.07, ,15.18,-0.36, ,14.85,0.03,>,12.58
212,346,,296.264984,-14.824442,18.374,,17.308,,17.061,,C,0.041742595,Kacharov,17488,296.26498389,-14.8244,296.264984,-14.8244,17.12,1.1,16.87,0.85, ,16.28,0.63, ,16.29,0.54,>,12.14
213,324,,296.264954,-14.715384,17.411,,16.435,,16.041,,C,0.093097024,Kacharov,17489,296.265015,-14.71538,296.265015,-14.71538,15.65,0.13,15.69,0.13, ,15.62,-0.33, ,15.39,-0.1, ,11.15
214,68,21671.0,296.26569,-14.72024,19.78,,17.78,,16.16,,LPV,0.088907936,Whitelock,17569,296.26568611,-14.72019,296.265686,-14.72019,13.91,-0.04,13.28,-0.07, ,12.85,0.03, ,12.51,0.06, ,9.83
215,66,40520.0,296.26687,-14.74039,18.41,,16.86,,15.51,,LPV,0.071516678,Whitelock,17706,296.26687611,-14.74033,296.266876,-14.74033,13.57,-0.04,13.06,-0.06, ,12.65,-0.01, ,12.24,0.2, ,10.81
216,43,10091.0,296.26702,-14.76311,15.46,,14.67,,14.18,,O,0.053454223,Whitelock,17719,296.26702889,-14.76307,296.267029,-14.76307,13.83,0.22,13.63,0.21, ,13.37,0.17, ,13.19,0.13, ,11.35
217,360,,296.266968,-14.910404,17.84,,16.579,,15.701,,C,0.114846488,Kacharov,17720,296.26702889,-14.91036,296.267029,-14.91036,15.15,0.12,15.32,0.29, ,15.24,0.18, ,14.7,0.31,>,12.37
218,23,20614.0,296.2677,-14.68061,19.6,1.62,17.6,0.76,16.3,0.53,LAV,0.126794375,Whitelock,17789,296.2677,-14.68058,296.2677,-14.68058,14.36,-0.03,13.99,-0.08, ,13.71,-0.07, ,13.42,-0.06,>,12.11
219,21,20438.0,296.27051,-14.73481,19.39,0.38,17.7,0.27,16.08,0.21,LAV,0.07817493,Whitelock,18092,296.27050806,-14.73476,296.270508,-14.73476,14.01,-0.03,13.47,-0.06, ,13.07,-0.04, ,12.67,0.08, ,11.86
220,13,11401.0,296.27222,-14.76143,18.09,0.24,16.73,0.17,15.62,0.07,LAV,0.058324832,Whitelock,18255,296.27218611,-14.76137,296.272186,-14.76137,14.62,-0.06,14.49,-0.02, ,14.37,0.02, ,13.95,0.01,>,13.17
221,33,40538.0,296.2731,-14.75146,17.31,0.16,16.57,0.17,15.96,0.2,LAV,0.066171399,Whitelock,18344,296.27310194,-14.75142,296.273102,-14.75142,15.47,0.05,14.95,-0.07, ,14.88,-0.08, ,14.61,0.06, ,11.94
222,2,11004.0,296.27341,-14.80861,17.6,0.03,16.62,0.03,16.27,0.05,S,0.043961252,Whitelock,18384,296.27343806,-14.80854,296.273438,-14.80854,15.96,-0.09,16.12,-0.02, ,15.61,-0.28, ,15.69,-0.06,>,11.96
223,164,,296.274109,-14.800164,17.57,,16.75,,16.4,,C,0.044134702,Sibbons,18463,296.27417,-14.80017,296.27417,-14.80017,15.99,-0.04,16.15,-0.06, ,16.03,-0.06, ,16.27,0.24,>,12.04
224,283,,296.275116,-14.926181,18.321,,17.4,,17.123,,C,0.132432785,Kacharov,18577,296.27526889,-14.92612,296.275269,-14.92612,16.72,-0.09,16.77,-0.2, ,16.75,0.0, ,15.98,0.0,>,12.11
225,352,,296.275482,-14.853798,17.352,,16.271,,15.605,,C,0.069180494,Kacharov,18606,296.27554306,-14.85384,296.275543,-14.85384,14.8,-0.06,14.93,-0.03, ,14.86,-0.02, ,14.45,0.04,>,11.99
226,50,21419.0,296.27563,-14.74923,19.93,,18.27,,16.57,,LPV,0.069512952,Whitelock,18615,296.275635,-14.74918,296.275635,-14.74918,14.29,-0.01,13.58,-0.09, ,13.17,-0.01, ,12.75,0.03,>,12.1
227,329,,296.276062,-14.751641,17.531,,16.642,,16.026,,C,0.068004475,Kacharov,18660,296.27609306,-14.75169,296.276093,-14.75169,15.6,0.02,15.73,0.02, ,15.6,-0.17, ,15.3,0.23,>,12.47
228,15,11991.0,296.27774,-14.82287,18.46,0.18,17.17,0.22,16.13,0.2,LAV,0.052235501,Whitelock,18829,296.27780194,-14.82281,296.277802,-14.82281,14.68,-0.05,14.33,0.06, ,13.75,0.0, ,13.37,-0.08,>,12.3
229,157,,296.278412,-14.780069,17.65,,16.54,,15.76,,C,0.053012498,Sibbons,18874,296.27832,-14.78013,296.27832,-14.78013,14.87,-0.03,14.94,0.0, ,14.87,0.09, ,14.45,0.08, ,11.6
230,353,,296.278717,-14.858888,16.683,,15.688,,15.117,,C,0.075148158,Kacharov,18925,296.27877806,-14.8589,296.278778,-14.8589,14.55,0.0,14.63,0.02, ,14.37,-0.2, ,14.0,-0.01,>,12.47
231,73,21234.0,296.28125,-14.67393,20.16,,18.21,,16.25,,LPV,0.137637459,Whitelock,19169,296.28121889,-14.67392,296.281219,-14.67392,14.03,-0.05,13.23,-0.04, ,12.64,-0.05, ,12.27,0.07, ,11.37
232,355,,296.281311,-14.863727,18.471,,17.403,,17.179,,C,0.080522605,Kacharov,19182,296.28134194,-14.86371,296.281342,-14.86371,16.98,-0.09,17.08,-0.26, ,16.56,0.0,>,16.76,0.0,>,12.43
233,3,11029.0,296.28308,-14.80497,17.46,0.03,16.55,0.02,16.22,0.05,S,0.053182482,Whitelock,19359,296.28314194,-14.8049,296.283142,-14.8049,16.09,0.02,16.17,-0.1, ,15.71,-0.47, ,15.74,0.0,>,12.72
234,123,,296.283356,-14.789384,17.47,,16.75,,16.45,,C,0.054752247,Sibbons,19380,296.28341694,-14.7894,296.283417,-14.7894,15.84,-0.08,15.83,-0.05, ,15.51,-0.53, ,15.53,-0.52,>,12.46
235,327,,296.283783,-14.741738,18.103,,17.246,,16.869,,C,0.080526118,Kacharov,19419,296.28384389,-14.7417,296.283844,-14.7417,16.4,-0.1,16.35,-0.28, ,16.5,0.03, ,16.9,0.0, ,10.09
236,9,10371.0,296.28415,-14.81194,17.33,0.16,15.94,0.12,15.04,0.07,LAV,0.055115292,Whitelock,19448,296.28421,-14.81188,296.28421,-14.81188,13.8,-0.07,13.63,0.0, ,13.34,-0.07, ,13.07,-0.16,>,10.94
237,79,12177.0,296.28424,-14.80892,20.5,,18.1,,16.1,,LPV,0.054722391,Whitelock,19457,296.28427111,-14.80885,296.284271,-14.80885,14.05,-0.03,13.32,-0.03, ,12.61,-0.02, ,12.07,-0.02, ,10.15
238,84,40590.0,296.28567,-14.73952,18.01,,17.04,,16.39,,C,0.08343723,Whitelock,19590,296.285645,-14.73944,296.285645,-14.73944,15.86,-0.01,15.63,-0.11, ,15.58,0.14, ,15.78,0.24, ,11.58
239,101,,296.28564,-14.74075,16.67,,15.62,,15.09,,C,0.082504885,Sibbons,19606,296.28573611,-14.74072,296.285736,-14.74072,14.42,-0.06,14.78,0.17, ,14.6,-0.01, ,14.1,-0.03,>,12.4
240,74,12147.0,296.28897,-14.81087,19.93,,17.89,,16.24,,LPV,0.059683339,Whitelock,19898,296.28906194,-14.81079,296.289062,-14.81079,13.74,-0.02,12.91,-0.06, ,12.31,-0.02, ,11.84,0.18, ,8.26
241,357,,296.289734,-14.876258,17.404,,16.537,,15.991,,C,0.09555899,Kacharov,19971,296.289795,-14.87625,296.289795,-14.87625,15.6,0.13,15.77,0.19, ,15.73,0.26, ,15.07,-0.39,>,12.64
242,156,,296.290405,-14.774523,17.63,,16.84,,16.69,,C,0.066224796,Sibbons,20034,296.29043611,-14.77454,296.290436,-14.77454,16.21,-0.03,16.3,-0.05, ,16.01,-0.19, ,16.05,0.0, ,11.69
243,85,20578.0,296.29065,-14.69641,17.8,,16.82,,16.14,,C,0.12148288,Whitelock,20048,296.29058806,-14.69638,296.290588,-14.69638,15.36,0.07,15.29,-0.02, ,15.19,0.01, ,15.06,0.2,>,12.1
244,70,20569.0,296.29114,-14.6977,19.24,,17.62,,16.03,,LPV,0.120614512,Whitelock,20097,296.29113806,-14.69768,296.291138,-14.69768,14.56,0.03,13.98,-0.05, ,13.62,0.0, ,13.17,0.02, ,11.52
245,284,,296.293854,-14.708783,17.537,,16.573,,16.344,,C,0.112717914,Kacharov,20339,296.293915,-14.70877,296.293915,-14.70877,15.98,-0.04,16.17,-0.1, ,15.91,-0.34, ,15.62,-0.17,>,12.5
246,340,,296.297028,-14.802626,16.821,,15.758,,14.954,,C,0.067034817,Kacharov,20626,296.29715,-14.80258,296.29715,-14.80258,14.12,-0.04,13.9,-0.03, ,13.71,-0.04, ,13.59,0.27,>,12.88
247,194,,296.297241,-14.869897,17.49,,16.7,,16.21,,C ,0.095792879,Sibbons,20636,296.29724111,-14.86994,296.297241,-14.86994,15.89,-0.02,15.97,-0.05, ,15.88,-0.52, ,15.45,-0.54,>,12.17
248,81,40623.0,296.29793,-14.74687,20.4,,18.08,,16.11,,LPV,0.087278433,Whitelock,20696,296.29794306,-14.74684,296.297943,-14.74684,14.14,-0.06,13.07,-0.07, ,12.19,0.0, ,11.47,0.06, ,9.85
249,92,20588.0,296.29919,-14.69143,17.56,,16.22,,15.16,,C,0.130154192,Whitelock,20786,296.29919389,-14.69142,296.299194,-14.69142,14.08,-0.01,13.68,-0.04, ,13.49,-0.02, ,13.36,-0.03,>,12.09
250,7,10293.0,296.29922,-14.8365,17.87,0.88,16.35,0.72,14.98,0.07,LAV,0.07748895,Whitelock,20794,296.29928611,-14.83644,296.299286,-14.83644,13.93,-0.04,13.82,-0.02, ,13.74,0.01, ,13.37,0.08,>,12.5
251,72,21141.0,296.29965,-14.69757,18.16,,16.62,,15.42,,LPV,0.125251477,Whitelock,20828,296.29962194,-14.69756,296.299622,-14.69756,13.84,-0.08,13.43,-0.04, ,13.12,-0.03, ,12.9,0.03, ,11.57
252,89,30583.0,296.30014,-14.87872,18.37,,17.07,,15.88,,C,0.104193676,Whitelock,20877,296.30014,-14.87876,296.30014,-14.87876,14.54,-0.05,14.2,-0.06, ,13.91,-0.06, ,13.96,0.28,>,12.54
253,334,,296.301117,-14.779015,17.097,,16.157,,15.672,,C,0.074638306,Kacharov,20950,296.30117806,-14.77902,296.301178,-14.77902,15.05,-0.1,15.12,-0.09, ,14.84,-0.2, ,14.74,-0.25,>,12.78
254,27,30961.0,296.30179,-14.90356,19.75,0.26,17.75,0.18,15.96,0.44,LAV,0.124640989,Whitelock,21004,296.30181889,-14.90358,296.301819,-14.90358,14.43,-0.05,13.84,-0.09, ,13.39,-0.06, ,12.91,-0.03, ,11.62
255,54,20840.0,296.30347,-14.74166,18.7,,17.18,,15.98,,LPV,0.094863275,Whitelock,21157,296.30352806,-14.74166,296.303528,-14.74166,14.39,0.05,14.0,-0.02, ,13.68,0.05, ,13.31,-0.03, ,11.09
256,188,,296.304626,-14.767883,17.76,,17.03,,16.59,,C ,0.08191826,Sibbons,21259,296.30462611,-14.76789,296.304626,-14.76789,16.34,-0.03,16.48,-0.08, ,16.28,0.21, ,15.76,-0.2,>,12.24
257,258,,296.306183,-14.863027,17.451,,16.284,,15.489,,C,0.097818868,Kacharov,21392,296.30627389,-14.86306,296.306274,-14.86306,14.7,0.12,14.55,-0.05, ,14.44,-0.05, ,14.06,-0.08,>,12.73
258,335,,296.307007,-14.784284,16.947,,16.062,,15.609,,C,0.078945241,Kacharov,21467,296.30706806,-14.78427,296.307068,-14.78427,15.25,0.07,15.16,-0.08, ,14.84,-0.07, ,14.81,-0.21,>,12.09
259,133,,296.30838,-14.840508,17.25,,16.46,,16.08,,C,0.087474651,Sibbons,21573,296.30856306,-14.84051,296.308563,-14.84051,15.66,-0.05,15.79,-0.16, ,15.65,-0.19, ,15.92,0.0,>,12.82
260,356,,296.309265,-14.868592,17.326,,16.568,,16.129,,C,0.103737622,Kacharov,21622,296.30932611,-14.86859,296.309326,-14.86859,15.69,-0.04,15.79,-0.06, ,15.9,0.35, ,15.61,0.3,>,12.49
261,100,,296.31088,-14.73645,17.18,,16.31,,15.91,,C,0.103900062,Sibbons,21768,296.31097389,-14.73647,296.310974,-14.73647,15.34,-0.04,15.45,0.01, ,15.63,0.31, ,14.96,0.05,>,0.0
262,325,,296.31192,-14.728691,17.538,,16.72,,15.967,,C,0.109712446,Kacharov,21849,296.31192,-14.72875,296.31192,-14.72875,14.98,0.01,14.64,-0.02, ,14.37,-0.01, ,14.01,0.02,>,12.69
263,262,,296.313934,-14.783896,17.388,,16.359,,15.668,,C,0.085795288,Kacharov,22039,296.31402611,-14.78391,296.314026,-14.78391,14.97,-0.02,15.16,-0.03, ,15.09,-0.15, ,14.5,-0.08,>,12.76
264,259,,296.316101,-14.679276,17.443,,16.601,,16.179,,C,0.149645158,Kacharov,22200,296.31610111,-14.67925,296.316101,-14.67925,15.68,-0.08,15.63,-0.19, ,15.37,-0.21, ,15.02,-0.23,>,13.0
265,326,,296.318024,-14.739033,17.173,,16.378,,15.97,,C,0.108035264,Kacharov,22351,296.318085,-14.73903,296.318085,-14.73903,15.58,-0.07,15.66,-0.04, ,15.43,-0.36, ,15.06,-0.26,>,12.33
266,175,,296.32608,-14.666169,17.58,,16.8,,16.51,,C ,0.166108059,Sibbons,22964,296.32617194,-14.66617,296.326172,-14.66617,16.28,-0.03,16.28,-0.11, ,15.89,-0.51, ,15.75,0.27, ,11.56
267,322,,296.326508,-14.641376,16.649,,15.697,,15.114,,C,0.187104143,Kacharov,22998,296.32656889,-14.64138,296.326569,-14.64138,14.44,-0.07,14.55,-0.08, ,14.48,0.0, ,13.92,0.0,>,11.98
268,332,,296.330048,-14.767764,17.105,,16.08,,15.383,,C,0.105637205,Kacharov,23250,296.33007806,-14.76777,296.330078,-14.76777,14.63,-0.08,14.69,-0.12, ,14.76,-0.09, ,14.37,0.18,>,12.33
269,189,,296.333038,-14.770712,18.24,,17.51,,17.25,,C ,0.10758823,Sibbons,23483,296.33325194,-14.77077,296.333252,-14.77077,17.12,-0.42,17.22,-0.53, ,16.09,-0.77, ,16.63,0.0,>,12.44
270,176,,296.335388,-14.681108,18.39,,17.51,,17.1,,C ,0.160130654,Sibbons,23637,296.33541889,-14.68113,296.335419,-14.68113,16.76,0.41,16.65,0.24, ,16.41,0.3, ,15.93,0.05, ,12.16
271,282,,296.335785,-14.902986,17.233,,16.411,,16.022,,C,0.146476613,Kacharov,23672,296.33587611,-14.903,296.335876,-14.903,15.62,0.01,15.56,-0.05, ,15.43,-0.28, ,15.39,-0.23, ,12.44
272,351,,296.337067,-14.850516,16.924,,16.08,,15.693,,C,0.117682939,Kacharov,23756,296.33712806,-14.85053,296.337128,-14.85053,15.24,-0.11,15.18,-0.11, ,14.98,0.02, ,14.8,-0.19,>,12.29
273,128,,296.338257,-14.808908,17.41,,16.5,,16.05,,C,0.108498694,Sibbons,23851,296.33831806,-14.80884,296.338318,-14.80884,15.59,0.01,15.68,0.06, ,15.31,-0.29, ,15.4,0.18,>,12.47
274,328,,296.339813,-14.745103,18.044,,16.882,,16.328,,C,0.123526193,Kacharov,23958,296.33987389,-14.74514,296.339874,-14.74514,15.62,0.0,15.75,0.02, ,15.64,-0.31, ,15.12,-0.21,>,12.93
275,181,,296.341431,-14.712852,17.32,,16.39,,15.85,,C ,0.142497386,Sibbons,24075,296.34149194,-14.71285,296.341492,-14.71285,15.44,-0.08,15.52,-0.07, ,15.48,-0.23, ,15.19,-0.22,>,12.36
276,186,,296.342804,-14.764064,18.2,,17.41,,17.02,,C ,0.118907332,Sibbons,24168,296.34289611,-14.76401,296.342896,-14.76401,16.55,-0.11,16.54,-0.12, ,16.12,0.2, ,15.43,0.0,>,12.83
277,260,,296.343781,-14.74656,17.437,,16.532,,16.128,,C,0.126424792,Kacharov,24244,296.34381111,-14.74659,296.343811,-14.74659,15.63,-0.06,15.75,-0.07, ,15.61,-0.15, ,15.02,-0.22,>,13.27
278,279,,296.345673,-14.834577,17.219,,16.341,,15.898,,C,0.120262686,Kacharov,24388,296.34573389,-14.83459,296.345734,-14.83459,15.6,0.0,15.67,-0.03, ,15.64,0.02, ,15.11,-0.4,>,12.89
279,280,,296.346741,-14.855356,17.32,,16.481,,16.022,,C,0.128493765,Kacharov,24463,296.34674111,-14.85536,296.346741,-14.85536,15.51,-0.06,15.46,-0.14, ,15.29,0.22, ,15.21,0.04,>,12.23
280,154,,296.350891,-14.757086,16.98,,16.22,,15.85,,C,0.128850172,Sibbons,24728,296.35104389,-14.75709,296.351044,-14.75709,15.27,0.71,15.27,0.72, ,14.96,0.81, ,14.86,1.31,>,12.4
281,116,,296.350922,-14.720666,17.05,,16.13,,15.75,,C,0.145546481,Sibbons,24736,296.35116611,-14.72065,296.351166,-14.72065,15.11,0.06,15.16,0.01, ,15.04,-0.37, ,14.68,-0.05, ,11.73
282,158,,296.352264,-14.780713,17.09,,16.3,,15.76,,C,0.124047094,Sibbons,24805,296.35226389,-14.78074,296.352264,-14.78074,15.51,-0.02,15.47,-0.05, ,15.03,-0.23, ,15.09,-0.04,>,12.94
283,144,,296.35376,-14.912353,17.22,,16.35,,15.96,,C,0.166033925,Sibbons,24901,296.35391194,-14.91241,296.353912,-14.91241,15.44,0.06,15.56,0.02, ,15.48,-0.14, ,15.11,0.01,>,12.3
284,336,,296.356781,-14.748176,17.254,,16.329,,15.885,,C,0.137604615,Kacharov,25096,296.35687306,-14.74817,296.356873,-14.74817,15.44,0.44,15.5,0.5, ,15.31,0.38, ,15.13,0.45,>,12.51
285,261,,296.363739,-14.759742,16.528,,15.565,,14.986,,C,0.140157331,Kacharov,25536,296.36386111,-14.75976,296.363861,-14.75976,14.43,-0.02,14.47,-0.04, ,14.34,-0.11, ,14.11,-0.04,>,12.47
286,193,,296.364624,-14.865284,17.45,,16.57,,16.19,,C ,0.148897154,Sibbons,25587,296.364655,-14.8653,296.364655,-14.8653,15.72,0.01,15.73,0.05, ,15.36,-0.17, ,15.19,0.0,>,12.6
287,281,,296.365631,-14.891643,15.562,,14.712,,14.318,,C,0.16276028,Kacharov,25649,296.36572306,-14.89167,296.365723,-14.89167,14.1,-0.05,14.11,-0.08, ,13.98,-0.11, ,13.91,-0.13,>,13.67
288,240,,296.3658333,-14.8525,17.512,,,,15.837,,C,0.145032322,demmers,25662,296.36590611,-14.85248,296.365906,-14.85248,15.0,-0.02,15.09,-0.07, ,15.47,0.28, ,14.67,0.21, ,12.05
289,196,,296.368011,-14.913227,16.96,,15.87,,15.15,,C ,0.177459856,Sibbons,25802,296.368225,-14.91326,296.368225,-14.91326,14.53,0.02,14.7,0.03, ,14.74,-0.01, ,14.6,0.52,>,12.67
290,241,,296.3695417,-14.87288889,17.162,,,,15.447,,C,0.1566653,demmers,25884,296.36962889,-14.87292,296.369629,-14.87292,14.63,-0.07,14.72,-0.1, ,14.51,-0.16, ,14.12,0.05,>,12.43
291,242,,296.3714583,-14.90411111,17.497,,,,15.546,,C,0.174655752,demmers,26001,296.37155194,-14.9042,296.371552,-14.9042,14.54,-0.08,14.73,-0.07, ,14.65,-0.11, ,14.16,-0.06,>,12.52
292,179,,296.374054,-14.711063,17.55,,16.85,,16.52,,C ,0.170179856,Sibbons,26147,296.374115,-14.71107,296.374115,-14.71107,16.25,0.0,16.1,0.03, ,15.74,-0.13, ,15.55,-0.03,>,12.74
293,124,,296.374786,-14.798067,17.73,,16.79,,16.55,,C,0.144830823,Sibbons,26196,296.37487806,-14.79806,296.374878,-14.79806,16.18,-0.13,16.21,-0.09, ,16.15,0.0, ,15.71,-0.75,>,12.53
294,117,,296.375854,-14.73088,16.15,,15.33,,15.03,,C,0.162125302,Sibbons,26256,296.375885,-14.7309,296.375885,-14.7309,14.72,-0.07,14.76,-0.1, ,14.65,-0.19, ,14.65,0.09,>,12.42
295,243,,296.3826667,-14.75219444,17.15,,,,15.626,,C,0.160483495,demmers,26647,296.38275111,-14.7522,296.382751,-14.7522,14.74,-0.03,14.46,-0.09, ,14.35,-0.03, ,13.9,-0.02, ,12.36
296,244,,296.4017917,-14.73822222,17.502,,,,15.908,,C,0.183133855,demmers,27651,296.40191694,-14.73825,296.401917,-14.73825,15.24,0.14,15.2,-0.06, ,14.91,-0.25, ,14.67,-0.01, ,11.77
297,245,,296.4022917,-14.87413889,17.212,,,,15.705,,C,0.186912198,demmers,27671,296.40237389,-14.8741,296.402374,-14.8741,15.02,-0.07,14.92,-0.11, ,14.79,-0.17, ,14.7,0.13,>,12.62
298,246,,296.4063333,-14.80080556,17.37,,,,15.431,,C,0.176335419,demmers,27875,296.40640306,-14.80079,296.406403,-14.80079,14.82,-0.01,14.71,-0.1, ,14.63,-0.11, ,14.16,0.11,>,12.58
299,247,,296.4102083,-14.84980556,17.29,,,,15.674,,C,0.186526308,demmers,28037,296.41024806,-14.84979,296.410248,-14.84979,14.83,-0.08,14.97,-0.05, ,14.87,-0.36, ,14.74,-0.08,>,13.27
300,248,,296.4211667,-14.74713889,17.534,,,,15.979,,C,0.198792226,demmers,28407,296.42117306,-14.74717,296.421173,-14.74717,15.55,-0.03,15.53,0.01, ,14.85,-0.28, ,14.72,-0.05,>,12.41
301,140,,296.431213,-14.889406,17.33,,16.48,,16.18,,C,0.219509173,Sibbons,28645,296.431305,-14.88937,296.431305,-14.88937,15.81,-0.05,15.79,-0.05, ,15.44,-0.41, ,15.46,0.0,>,11.89
302,132,,296.434357,-14.834667,17.48,,16.72,,16.32,,C,0.20700383,Sibbons,28699,296.43444806,-14.83468,296.434448,-14.83468,15.93,-0.13,16.12,-0.04, ,15.47,-0.44, ,15.63,-0.46,>,12.45
303,251,,296.436125,-14.89513889,17.603,,,,15.882,,C,0.226327084,demmers,28723,296.43631,-14.89512,296.43631,-14.89512,15.1,-0.03,15.13,-0.15, ,14.91,-0.38, ,14.43,0.06,>,12.33
