Id-main,Ra(J2000) deg,Dec(J2000) deg,Types,RUN,DCG,imag,e_imag,J,eJ,H,eH,Ks,eKs,IRAC1,e_IRAC1,IRAC2,e_IRAC2,IRAC3,e_IRAC3,IRAC4,e_IRAC4,WISE1,e_WISE1,WISE2,e_WISE2,WISE3,e_WISE3,WISE4,e_WISE4,VmagLGGS,e_VmagLGGS,BmagLGGS,RmagLGSS,ImagLGSS
1,296.204498,-14.674287,C,C,0.129910664,20.699,0.083,18.32,,17.55,,17.28,,16.83,0.06,16.96,0.07,16.67,0.09,16.17,0,,,,,,,,,,,,,
2,296.333038,-14.770712,C,C,0.10758823,20.586,0.022,18.24,,17.51,,17.25,,17.12,0.07,17.22,0.06,16.09,0.07,16.63,0.17,,,,,,,,,,,,,
3,296.003693,-14.974893,C,C,0.284993098,20.566,0.028,18.392,,17.56,,17.21,,,,,,,,,,,,,,,,,,,,,,
4,296.199615,-14.7809,C,C/O,0.03680545,20.491,0.043,18.414,,17.421,,17.201,,16.85,0.04,16.95,0.07,16.41,0.12,15.71,0.15,,,,,,,,,,,,,
5,296.281311,-14.863727,C,C/O,0.080522605,20.426,0.034,18.471,,17.403,,17.179,,16.98,0.04,17.08,0.08,16.56,0.1,16.76,0,,,,,,,,,21.608,0.015,22.798,20.611,19.661
6,296.22033,-14.72841,C,C,0.073895443,20.562,0.029,18.26,,17.25,,17.15,,16.63,0.06,16.7,0.07,16.92,0.19,15.36,0.11,,,,,,,,,,,,,
7,296.275116,-14.926181,C,C/O,0.132432785,20.414,0.007,18.321,,17.4,,17.123,,16.72,0.03,16.77,0.06,16.75,0.12,15.98,0.23,,,,,,,,,,,,,
8,296.18398,-14.78018,O,C/O,0.050790358,20.915,0.084,18.23,,17.51,,17.12,,16.38,0.06,16.23,0.05,15.79,0.04,16.42,0.17,,,,,,,,,,,,,
9,296.294617,-14.567719,C,C/O,0.242710583,20.975,0.049,18.624,,17.757,,17.118,,,,,,,,,,,,,,,,,,,,,,
10,296.335388,-14.681108,C,C,0.160130654,,,18.39,,17.51,,17.1,,16.76,0.04,16.65,0.05,16.41,0.13,15.93,0.11,16.327,0.079,15.988,0.192,12.503,,8.611,,,,,,
11,296.075775,-14.711885,C,C,0.178456428,20.446,0.026,18.14,,17.39,,17.1,,,,,,,,,,,,,,,,,,,,,,
12,296.06134,-14.955141,C,C,0.228034084,20.596,0.029,18.23,,17.2,,17.1,,,,,,,,,,,,,,,,,,,,,,
13,296.264984,-14.824442,C,C/O,0.041742595,20.805,0.045,18.374,,17.308,,17.061,,17.12,0.06,16.87,0.06,16.28,0.09,16.29,0.15,,,,,,,,,,,,,
14,295.976105,-14.796489,C,C/O,0.253947856,20.35,0.018,18.25,,17.411,,17.052,,,,,,,,,,,,,,,,,,,,,,
15,296.096558,-14.8814,C,C,0.155446583,20.337,0.023,17.98,,17.19,,17.03,,16.52,0.08,16.58,0.05,16.34,0.1,16.36,0.12,,,,,,,,,,,,,
16,296.247101,-14.722958,C,C,0.080548266,20.308,0.039,18.13,,17.27,,17.03,,16.7,0.08,16.59,0.05,16.12,0.09,15.83,0.11,,,,,,,,,21.811,0.026,23.361,20.666,19.572
17,296.342804,-14.764064,C,C,0.118907332,20.448,0.028,18.2,,17.41,,17.02,,16.55,0.04,16.54,0.04,16.12,0.1,15.43,0.11,,,,,,,,,,,,,
18,296.171387,-14.745203,C,C,0.081387996,20.393,0.028,18.02,,17.23,,16.97,,16.59,0.06,16.59,0.06,15.99,0.09,16.36,0.18,,,,,,,,,,,,,
19,296.187256,-14.854028,C,C,0.067590012,,,18.166,,17.224,,16.937,,16.37,0.07,16.23,0.05,16.11,0.08,16.26,0.27,,,,,,,,,,,,,
20,296.153625,-14.886689,C,C,0.114286355,20.412,0.067,18,,17.21,,16.92,,16.6,0.05,16.53,0.04,16.2,0.06,15.91,0.16,,,,,,,,,,,,,
21,296.257843,-14.793209,C,C,0.029100192,,,17.91,,17.14,,16.88,,16.46,0.05,16.51,0.06,16.42,0.13,15.69,0.08,,,,,,,,,,,,,
22,296.283783,-14.741738,C,C,0.080526118,20.556,0.039,18.103,,17.246,,16.869,,16.4,0.05,16.35,0.08,16.5,0.1,16.9,0.23,,,,,,,,,,,,,
23,296.236908,-14.87212,C,C,0.070787873,20.596,0.029,18.02,,17.07,,16.82,,16.27,0.05,16.37,0.09,16.16,0.1,15.77,0.1,,,,,,,,,,,,,
24,296.183685,-14.962144,C,C,0.167023902,20.073,0.06,18.24,,17.33,,16.82,,,,,,,,,,,,,,,,,,20.722,0.008,21.43,20.267,19.751
25,296.521149,-14.614511,C,C,0.346115922,20.598,0.047,18.27,,17.226,,16.797,,,,,,,,,,,,,,,,,,,,,,
26,296.261414,-14.883708,C,C,0.087846872,20.248,0.045,17.94,,17.07,,16.79,,16.32,0.04,16.18,0.06,16.19,0.08,15.79,0.09,,,,,,,,,,,,,
27,296.184326,-14.799191,C,C,0.045741226,20.38,0.042,17.83,,17.03,,16.78,,16.39,0.03,16.55,0.04,16.58,0.07,16.59,0,,,,,,,,,,,,,
28,296.251007,-14.9064,C,C,0.106816043,20.423,0.012,17.96,,17.09,,16.77,,16.27,0.05,16.22,0.05,16.02,0.1,15.71,0.13,16.133,0.087,16.542,0.34,11.663,,8.896,0.526,,,,,
29,296.090485,-15.010141,C,C/O,0.250847749,20.181,0.033,18.2,,16.77,,16.74,,,,,,,,,,,,,,,,,,,,,,
30,296.213776,-14.783867,C,C,0.024086614,20.232,0.023,17.89,,17.08,,16.72,,16.26,0.04,16.31,0.04,16.36,0.08,15.61,0.06,,,,,,,,,,,,,
31,296.178711,-14.876316,C,C,0.090568134,20.337,0.052,18.07,,17.083,,16.72,,16.18,0.05,16.22,0.05,15.8,0.08,15.46,0.09,,,,,,,,,,,,,
32,296.25427,-14.81764,S,C/O,0.029052948,20.558,0.041,18.17,0.07,17.25,0.1,16.7,0.05,15.92,0.03,15.68,0.05,15.7,0.06,14.84,0.05,,,,,,,,,,,,,
33,296.0039167,-14.86283333,C,C/O,0.234210613,20.466,0.024,18.406,,,,16.695,,,,,,,,,,16.341,0.086,16.464,0.28,11.9,,8.674,,,,,,
34,296.290405,-14.774523,C,C,0.066224796,19.941,0.02,17.63,,16.84,,16.69,,16.21,0.04,16.3,0.05,16.01,0.08,16.05,0.15,,,,,,,,,21.528,0.02,23.767,20.309,19.314
35,296.257324,-14.837327,C,C,0.044922407,20.463,0.037,18.011,,17.107,,16.687,,15.99,0.06,16,0.04,15.81,0.09,15.51,0.09,,,,,,,,,21.955,0.025,23.289,20.641,19.492
36,296.234772,-14.862573,C,C,0.061089667,20.039,0.021,17.71,,16.99,,16.68,,16.16,0.05,16.21,0.05,16.22,0.11,15.35,0.1,,,,,,,,,21.569,0.033,23.457,20.45,19.441
37,296.173828,-14.855554,C,C,0.077838159,20.488,0.026,17.84,,16.97,,16.65,,16.37,0.05,16.6,0.09,15.88,0.11,16.41,0.2,,,,,,,,,22.102,0.027,24.362,20.731,19.596
38,296.261169,-14.861171,C,C,0.067170496,20.629,0.069,18.091,,17.198,,16.647,,16,0.06,15.93,0.03,15.89,0.13,15.63,0.14,,,,,,,,,,,,,
39,296.040436,-14.607334,C,C,0.271479264,20.151,0.025,18.163,,17.085,,16.646,,,,,,,,,,,,,,,,,,,,,,
40,296.24728,-14.76419,LAV,C/O,0.041271646,20.227,0.035,18.94,1.05,17.79,0.92,16.8,0.63,16.43,0.05,15.87,0.03,15.41,0.06,15.34,0.07,,,,,,,,,,,,,
41,296.167816,-14.842195,C,C,0.074223483,,,17.72,,16.99,,16.6,,16.34,0.05,16.13,0.03,16.03,0.08,16,0.17,,,,,,,,,,,,,
42,295.969788,-14.97507,C,C/O,0.312694491,20.156,0.033,17.69,,16.93,,16.6,,,,,,,,,,,,,,,,,,,,,,
43,296.203827,-14.755259,C,C/O,0.053282331,20.216,0.057,17.967,,17.164,,16.598,,16.31,0.04,16.23,0.06,15.8,0.06,15.78,0.09,,,,,,,,,,,,,
44,296.304626,-14.767883,C,C,0.08191826,20.102,0.031,17.76,,17.03,,16.59,,16.34,0.04,16.48,0.06,16.28,0.12,15.76,0.14,,,,,,,,,21.435,0.015,23.001,20.387,19.407
45,296.182983,-14.828946,C,C,0.054356034,20.171,0.024,17.6,,16.81,,16.58,,16.11,0.05,16.09,0.05,15.48,0.06,15.62,0.11,,,,,,,,,,,,,
46,296.106384,-14.767224,C,C,0.128325533,20.333,0.034,17.62,,16.8,,16.58,,16.31,0.06,16.33,0.05,16.68,0.16,15.29,0.06,,,,,,,,,,,,,
47,296.436554,-14.743853,C,C,0.214493264,19.735,0.022,17.45,,16.68,,16.56,,,,,,,,,,,,,,,,,,,,,,
48,296.374786,-14.798067,C,C,0.144830823,20.17,0.029,17.73,,16.79,,16.55,,16.18,0.07,16.21,0.05,16.15,0.11,15.71,0.11,,,,,,,,,21.72,0.023,24.102,20.511,19.446
49,296.28244,-14.868937,C,C,0.085292455,19.938,0.023,17.48,,16.72,,16.55,,,,,,,,,,,,,,,,,,,,,,
50,296.23346,-14.74996,LAV,C/O,0.051825628,19.877,0.035,17.71,0.18,16.93,0.23,16.52,0.18,15.85,0.07,15.82,0.06,15.8,0.07,15.58,0.14,,,,,,,,,,,,,
51,296.374054,-14.711063,C,C,0.170179856,19.871,0.025,17.55,,16.85,,16.52,,16.25,0.06,16.1,0.05,15.74,0.08,15.55,0.11,,,,,,,,,,,,,
52,296.19156,-14.89296,S,C/O,0.099053004,19.923,0.027,17.76,0.06,16.85,0.04,16.51,0.1,16.22,0.06,16.2,0.07,16.66,0.14,15.98,0.12,,,,,,,,,,,,,
53,296.32608,-14.666169,C,C,0.166108059,20.107,0.016,17.58,,16.8,,16.51,,16.28,0.07,16.28,0.08,15.89,0.08,15.75,0.09,,,,,,,,,21.464,0.014,23.42,20.3,19.233
54,296.22171,-14.839417,C,C,0.038646605,20.421,0.049,17.929,,17,,16.501,,16.02,0.04,16.07,0.06,15.74,0.06,15.95,0.09,,,,,,,,,,,,,
55,296.187347,-14.717557,C,C/O,0.094309465,20.168,0.035,17.671,,16.723,,16.491,,16.37,0.04,16.45,0.07,16.04,0.1,16.2,0.17,,,,,,,,,,,,,
56,296.129822,-14.832311,C,C,0.10475926,20.456,0.057,17.56,,16.74,,16.49,,15.99,0.03,16.01,0.03,15.81,0.06,15.81,0.11,,,,,,,,,,,,,
57,296.332458,-14.951111,C,C,0.181191209,20.558,0.035,17.76,,16.91,,16.48,,,,,,,,,,16.072,0.066,16.012,0.187,12.313,,8.489,,,,,,
58,296.21267,-14.87307,C,C,0.073473049,,,17.66,,16.8,,16.47,,15.79,0.05,15.98,0.08,15.75,0.06,15.33,0.12,,,,,,,,,,,,,
59,296.470612,-14.886045,C,C/O,0.254977009,19.981,0.026,17.665,,16.743,,16.467,,,,,,,,,,,,,,,,,,,,,,
60,296.24578,-14.7865,C,C,0.021889205,,,17.58,,16.73,,16.46,,16.05,0.05,16.19,0.03,16.64,0.23,15.9,0.11,,,,,,,,,21.616,0.021,23.343,20.388,19.307
61,296.073059,-14.801702,C,C,0.156941003,20.073,0.02,17.62,,16.74,,16.46,,15.87,0.06,15.98,0.05,15.71,0.12,15.07,0.1,,,,,,,,,,,,,
62,295.99939,-14.635953,C,C,0.283977281,20.148,0.04,17.817,,16.896,,16.458,,,,,,,,,,15.789,0.06,16.091,0.209,12.349,,8.767,,,,,,
63,296.26511,-14.96155,LAV,C/O,0.163689726,20.284,0.053,18.07,0.4,17.09,0.3,16.45,0.2,,,,,,,,,,,,,,,,,,,,,
64,296.283356,-14.789384,C,C,0.054752247,19.906,0.02,17.47,,16.75,,16.45,,15.84,0.07,15.83,0.06,15.51,0.05,15.53,0.11,,,,,,,,,21.725,0.023,23.937,20.351,19.147
65,296.208191,-14.797331,C,C,0.022236443,20.015,0.02,17.67,,16.91,,16.45,,15.98,0.05,16.19,0.04,16.05,0.12,15.51,0.11,,,,,,,,,,,,,
66,296.252136,-14.757003,C,C,0.049851212,19.809,0.021,17.914,,16.978,,16.427,,15.8,0.03,15.77,0.05,15.47,0.07,15.02,0.07,,,,,,,,,21.694,0.023,22.531,20.498,19.347
67,296.12738,-14.73369,C,C,0.123094049,20.097,0.016,17.56,,16.81,,16.41,,16.11,0.06,16.15,0.06,15.87,0.08,15.81,0.13,,,,,,,,,,,,,
68,296.274109,-14.800164,C,C,0.044134702,19.935,0.018,17.57,,16.75,,16.4,,15.99,0.06,16.15,0.05,16.03,0.12,16.27,0.25,,,,,,,,,,,,,
69,296.190338,-14.641755,C,C,0.164760072,20.066,0.022,17.59,,16.78,,16.4,,,,,,,,,,15.714,0.051,15.833,0.169,12.514,,8.668,,,,,,
70,296.18011,-14.71067,C,C/O,0.103778669,19.703,0.084,17.88,,16.89,,16.39,,16.07,0.06,15.97,0.03,15.92,0.1,15.96,0.16,,,,,,,,,,,,,
71,296.28567,-14.73952,C,C/O,0.08343723,20.382,0.075,18.01,,17.04,,16.39,,15.86,0.04,15.63,0.06,15.58,0.05,15.78,0.13,,,,,,,,,22.238,0.037,23.899,20.873,19.748
72,296.034485,-14.951339,C,C,0.246225354,19.864,0.033,17.57,,16.71,,16.39,,,,,,,,,,,,,,,,,,,,,,
73,296.0195,-14.78566667,C,C/O,0.211107453,20.227,0.04,17.926,,,,16.385,,,,,,,,,,,,,,,,,,,,,,
74,296.22287,-14.71018,C,C,0.091767407,20.12,0.032,17.6,,16.76,,16.37,,16.05,0.04,16.02,0.08,15.76,0.09,14.86,0.07,,,,,,,,,,,,,
75,296.160095,-14.802064,C,C,0.06990611,20.122,0.023,17.38,,16.61,,16.35,,15.99,0.04,16.01,0.07,15.85,0.07,15.17,0.08,,,,,,,,,,,,,
76,296.293854,-14.708783,C,C,0.112717914,19.916,0.011,17.537,,16.573,,16.344,,15.98,0.03,16.17,0.07,15.91,0.07,15.62,0.09,,,,,,,,,21.303,0.013,23.379,20.069,18.999
77,296.339813,-14.745103,C,C,0.123526193,20.177,0.037,18.044,,16.882,,16.328,,15.62,0.04,15.75,0.09,15.64,0.04,15.12,0.1,,,,,,,,,,,,,
78,296.22512,-14.86821,C,C,0.066718708,19.899,0.024,17.31,,16.58,,16.32,,15.94,0.04,15.81,0.03,15.66,0.06,15.42,0.11,,,,,,,,,22.188,0.045,22.249,21.884,21.884
79,296.434357,-14.834667,C,C,0.20700383,19.789,0.018,17.48,,16.72,,16.32,,15.93,0.08,16.12,0.07,15.47,0.09,15.63,0.12,,,,,,,,,21.425,0.014,23.51,20.148,19.101
80,296.089813,-14.905375,C,C,0.17437638,20.528,0.045,17.896,,16.855,,16.316,,15.63,0.03,15.81,0.04,15.11,0.06,15.06,0.07,15.929,0.061,16.12,0.232,12.087,,8.576,,,,,,
81,296.233093,-14.830748,C,C,0.029242037,19.897,0.029,17.39,,16.6,,16.31,,15.83,0.04,15.82,0.05,15.89,0.09,15.85,0.16,,,,,,,,,,,,,
82,296.51123,-14.584842,C,C,0.355112228,20.393,0.066,17.755,,16.79,,16.308,,,,,,,,,,,,,,,,,,21.836,0.022,23.847,20.514,19.381
83,296.22888,-14.72012,C,C,0.081557691,20.093,0.022,17.5,,16.56,,16.3,,15.93,0.05,15.96,0.05,16.01,0.19,16.08,0.17,,,,,,,,,,,,,
84,296.066071,-14.844581,C,C,0.169452268,19.972,0.012,17.44,,16.78,,16.3,,15.77,0.06,15.98,0.07,15.41,0.07,14.93,0.07,,,,,,,,,,,,,
85,296.21027,-14.75973,LPV,C/O,0.046349072,20.395,0.075,17.89,,16.91,,16.29,,15.66,0.04,15.64,0.06,15.39,0.05,15.17,0.07,,,,,,,,,,,,,
86,296.162018,-14.82305,C,C,0.071264695,20.223,0.015,17.45,,16.64,,16.28,,15.85,0.06,15.91,0.04,15.73,0.12,15.65,0.1,,,,,,,,,21.759,0.017,23.916,20.451,19.315
87,296.0726667,-14.85652778,C,C/O,0.166622757,20.131,0.024,17.853,,,,16.275,,16.15,0.07,16.13,0.04,16.3,0.15,15.56,0.17,,,,,,,,,,,,,
88,296.27341,-14.80861,S,C/O,0.043961252,20.104,0.023,17.6,0.03,16.62,0.03,16.27,0.05,15.96,0.06,16.12,0.03,15.61,0.06,15.69,0.08,,,,,,,,,,,,,
89,296.099152,-14.708244,C,C,0.16077816,20.17,0.053,17.48,,16.63,,16.27,,15.9,0.08,15.92,0.05,15.82,0.1,15.28,0.09,,,,,,,,,,,,,
90,296.106625,-14.87427778,C,C/O,0.143154743,20.286,0.023,17.896,,,,16.268,,15.92,0.04,15.9,0.04,15.67,0.06,15.48,0.09,,,,,,,,,21.738,0.019,24.11,20.492,19.453
91,296.212616,-14.82485,C,C,0.0289744,19.713,0.029,17.39,,16.56,,16.25,,15.82,0.05,15.96,0.05,15.98,0.16,15.37,0.09,,,,,,,,,,,,,
92,296.241516,-14.846167,C,C,0.045963042,20.288,0.046,18.41,,17.3,,16.36,,15.51,0.03,15.28,0.05,15.03,0.07,15.07,0.11,,,,,,,,,,,,,
93,296.28308,-14.80497,S,C/O,0.053182482,19.624,0.014,17.46,0.03,16.55,0.02,16.22,0.05,16.09,0.07,16.17,0.03,15.71,0.07,15.74,0.11,,,,,,,,,21.455,0.02,23.538,20.213,18.946
94,296.23651,-14.79789,C,C,0.007527848,19.719,0.016,17.25,,16.52,,16.22,,15.82,0.05,15.79,0.04,15.53,0.06,14.66,0.11,,,,,,,,,,,,,
95,296.244446,-14.75467,C,C,0.04916998,19.605,0.021,17.25,,16.49,,16.22,,15.78,0.04,15.9,0.04,16.01,0.08,15.62,0.12,,,,,,,,,21.136,0.014,22.917,20.001,18.93
96,295.977081,-14.726664,C,C/O,0.263806597,20.291,0.037,17.58,,16.77,,16.22,,,,,,,,,,15.998,0.067,15.625,0.137,12.38,,9.015,,,,,,
97,296.216919,-14.990644,C,C,0.1894262,20.467,0.053,17.631,,16.691,,16.218,,,,,,,,,,,,,,,,,,,,,,
98,296.259827,-14.684196,C,C,0.121201446,19.659,0.025,17.31,,16.47,,16.21,,15.93,0.05,15.88,0.08,16.04,0.09,15.3,0.13,,,,,,,,,21.103,0.011,23.259,19.941,18.881
99,296.297241,-14.869897,C,C,0.095792879,19.911,0.029,17.49,,16.7,,16.21,,15.89,0.04,15.97,0.08,15.88,0.08,15.45,0.1,,,,,,,,,,,,,
100,296.21545,-14.83469,S,C/O,0.036083554,19.59,0.018,17.45,0.03,16.53,0.04,16.2,0.06,15.96,0.04,16.11,0.05,16.11,0.07,15.85,0.13,,,,,,,,,21.041,0.013,21.859,20.089,18.945
101,296.207458,-14.896397,C,C,0.097372205,20.209,0.016,17.39,,16.58,,16.2,,15.69,0.05,15.82,0.04,15.48,0.07,15.05,0.09,,,,,,,,,21.767,0.018,24.211,20.491,19.383
102,296.19754,-14.883656,C,C,0.088177978,20.541,0.038,17.866,,16.778,,16.2,,,,,,,,,,15.475,0.056,16.407,0.324,11.874,0.373,8.746,,,,,,
103,296.17892,-14.82286,S,C/O,0.055300836,19.819,0.046,17.52,0.04,16.53,0.04,16.19,0.05,15.94,0.03,16.01,0.05,16.12,0.07,15.53,0.12,,,,,,,,,,,,,
104,296.364624,-14.865284,C,C,0.148897154,19.883,0.025,17.45,,16.57,,16.19,,15.72,0.05,15.73,0.06,15.36,0.05,15.19,0.06,,,,,,,,,,,,,
105,296.053,-14.92319444,C,C/O,0.214702561,20.103,0.035,17.944,,,,16.189,,,,,,,,,,,,,,,,,,21.708,0.015,24.202,20.508,19.38
106,296.17764,-14.6424,LAV,C/O,0.167655905,20.723,0.048,18.63,0.79,17.47,0.64,16.42,0.45,,,,,,,,,15.149,0.04,14.665,0.068,12.43,,8.957,,,,,,
107,296.188385,-14.861088,C,C,0.07254176,19.907,0.044,17.551,,16.547,,16.182,,15.59,0.08,15.75,0.05,15.87,0.09,15.45,0.1,,,,,,,,,,,,,
108,296.131714,-14.759347,C,C,0.107011093,20.043,0.02,17.37,,16.47,,16.18,,15.84,0.07,15.8,0.05,15.58,0.06,15.33,0.09,16.006,0.078,15.913,0.178,12.367,,8.594,,,,,,
109,296.431213,-14.889406,C,C,0.219509173,20.023,0.032,17.33,,16.48,,16.18,,15.81,0.08,15.79,0.08,15.44,0.07,15.46,0.22,15.884,0.066,15.455,0.142,12.356,,8.809,,,,,,
110,296.316101,-14.679276,C,C,0.149645158,20.281,0.069,17.443,,16.601,,16.179,,15.68,0.06,15.63,0.04,15.37,0.06,15.02,0.06,,,,,,,,,,,,,
111,296.0854167,-14.8265,C,C/O,0.146699896,20.334,0.07,18.069,,,,16.191,,15.7,0.05,15.79,0.05,15.51,0.07,14.95,0.05,15.977,0.062,16.384,0.272,12.071,,8.669,,,,,,
112,296.084503,-14.832314,C,C,0.148689044,20.218,0.073,17.5,,16.6,,16.15,,15.67,0.1,15.91,0.04,15.46,0.08,15.6,0.11,15.904,0.064,16.04,0.22,12.393,,8.615,,,,,,
113,296.251343,-14.803117,C,C,0.021391995,19.819,0.026,17.41,,16.5,,16.15,,,,,,,,,,,,,,,,,,,,,,
114,296.0848333,-14.78113889,C,C/O,0.146611382,20.079,0.072,17.931,,,,16.142,,15.74,0.06,15.83,0.1,15.77,0.07,15.35,0.06,,,,,,,,,21.979,0.021,23.986,20.595,19.371
115,296.29065,-14.69641,C,C/O,0.12148288,19.546,0.052,17.8,,16.82,,16.14,,15.36,0.04,15.29,0.04,15.19,0.06,15.06,0.07,,,,,,,,,,,,,
116,296.0672917,-14.90311111,C,C/O,0.191740162,20.272,0.022,18.114,,,,16.186,,15.64,0.04,15.65,0.09,16.31,0.23,15.76,0.12,15.9,0.057,16.342,0.268,12.067,,8.844,,,,,,
117,295.969452,-14.694445,C,C/O,0.281748932,19.872,0.014,17.32,,16.4,,16.13,,,,,,,,,,15.851,0.05,16.624,0.341,11.696,,8.694,0.522,,,,,
118,296.309265,-14.868592,C,C,0.103737622,19.672,0.017,17.326,,16.568,,16.129,,15.69,0.04,15.79,0.06,15.9,0.16,15.61,0.13,,,,,,,,,21.239,0.012,23.57,19.969,18.921
119,296.343781,-14.74656,C,C,0.126424792,19.761,0.024,17.437,,16.532,,16.128,,15.63,0.04,15.75,0.07,15.61,0.06,15.02,0.05,,,,,,,,,,,,,
120,296.325409,-14.997616,C,C,0.217939699,20.09,0.028,17.49,,16.614,,16.124,,,,,,,,,,,,,,,,,,,,,,
121,296.076875,-14.878,C,C/O,0.171095104,19.939,0.028,17.83,,,,16.111,,15.62,0.08,15.61,0.04,15.73,0.08,15.56,0.13,15.88,0.06,15.64,0.13,11.87,,8.472,,,,,,
122,296.411377,-14.685686,C,C,0.215290279,19.716,0.021,17.47,,16.58,,16.11,,,,,,,,,,,,,,,,,,21.431,0.014,23.401,20.209,19.167
123,296.248596,-14.689795,C,C,0.113409994,19.841,0.012,17.26,,16.43,,16.11,,15.68,0.06,15.92,0.03,15.54,0.08,15.17,0.08,,,,,,,,,21.892,0.018,24.669,20.471,19.277
124,296.1207083,-14.84447222,C,C/O,0.117374212,20.225,0.02,17.811,,,,16.104,,15.9,0.05,16.04,0.07,15.54,0.07,15.48,0.12,,,,,,,,,,,,,
125,296.170105,-14.696488,C,C,0.121039928,20.16,0.021,17.366,,16.439,,16.089,,15.68,0.05,15.75,0.05,15.96,0.16,15.28,0.11,,,,,,,,,,,,,
126,296.19916,-14.8616,LPV,C/O,0.067399633,,,20.21,,18.61,,16.99,,14.53,0.07,13.9,0.04,13.32,0.04,12.94,0.03,,,,,,,,,,,,,
127,296.25229,-14.78475,O,C/O,0.027984469,19.978,0.06,17.49,,16.54,,16.08,,15.36,0.03,15.38,0.05,15.11,0.06,14.53,0.08,14.856,0.076,14.923,0.088,11.039,0.136,8.118,,,,,,
128,296.179413,-14.688039,C,C,0.124382671,19.926,0.025,17.24,,16.35,,16.08,,15.87,0.08,15.88,0.08,15.96,0.1,15.56,0.14,,,,,,,,,,,,,
129,296.30838,-14.840508,C,C,0.087474651,19.688,0.023,17.25,,16.46,,16.08,,15.66,0.03,15.79,0.08,15.65,0.06,15.92,0.2,,,,,,,,,21.238,0.013,23.461,19.984,18.93
130,296.261536,-14.769683,C,C,0.044918676,19.855,0.023,17.345,,16.483,,16.072,,15.65,0.03,15.6,0.03,15.54,0.06,15.01,0.06,,,,,,,,,,,,,
131,296.193542,-14.678253,C,C,0.128689322,19.929,0.039,17.488,,16.498,,16.071,,15.67,0.07,15.58,0.06,15.08,0.07,14.8,0.06,15.773,0.056,15.891,0.167,12.335,,8.776,,,,,,
132,296.281311,-14.988667,C,C,0.193908991,19.492,0.013,17.16,,16.35,,16.07,,,,,,,,,,,,,,,,,,,,,,
133,296.103516,-14.723016,C,C/O,0.148945137,20.04,0.029,17.447,,16.545,,16.07,,15.73,0.07,15.71,0.03,15.63,0.04,15.49,0.09,,,,,,,,,,,,,
134,296.1187083,-14.84547222,C,C/O,0.119601325,20.235,0.065,18.291,,,,16.169,,15.08,0.06,14.76,0.06,14.6,0.07,14.3,0.07,,,,,,,,,,,,,
135,296.22778,-14.76111,LAV,C/O,0.040620709,20.242,0.059,18.35,0.34,17.01,0.15,16.18,0.09,15.14,0.06,15.03,0.05,14.9,0.03,14.84,0.09,,,,,,,,,,,,,
136,296.251434,-14.798083,C,C,0.021732071,20.177,0.044,17.625,,16.616,,16.058,,15.54,0.05,15.68,0.05,15.31,0.06,14.57,0.08,,,,,,,,,,,,,
137,296.338257,-14.808908,C,C,0.108498694,19.956,0.024,17.41,,16.5,,16.05,,15.59,0.03,15.68,0.05,15.31,0.08,15.4,0.1,15.717,0.066,16.501,0.327,11.476,,8.77,,,,,,
138,296.264954,-14.715384,C,C,0.093097024,20.161,0.043,17.411,,16.435,,16.041,,15.65,0.03,15.69,0.03,15.62,0.05,15.39,0.12,,,,,,,,,,,,,
139,296.23639,-14.83054,LPV,C/O,0.029568717,19.187,0.018,17.7,,16.76,,16.04,,14.94,0.07,14.69,0.05,14.74,0.08,14.17,0.05,15.187,0.103,15.384,0.148,12.409,,8.822,,20.169,0.007,20.929,19.612,19.027
140,296.184784,-14.717754,C,C,0.095322514,20.137,0.062,17.435,,16.459,,16.039,,15.58,0.04,15.69,0.03,15.55,0.06,14.97,0.07,,,,,,,,,,,,,
141,296.212219,-14.830112,C,C,0.033542679,19.653,0.024,17.27,,16.343,,16.036,,15.54,0.04,15.72,0.09,15.49,0.07,15.7,0.15,,,,,,,,,,,,,
142,296.121368,-14.679315,C,C,0.163620468,19.903,0.017,17.359,,16.399,,16.029,,15.64,0.09,15.51,0.08,15.56,0.07,14.89,0.06,,,,,,,,,,,,,
143,296.276062,-14.751641,C,C,0.068004475,20.468,0.045,17.531,,16.642,,16.026,,15.6,0.04,15.73,0.06,15.6,0.13,15.3,0.08,,,,,,,,,,,,,
144,296.346741,-14.855356,C,C,0.128493765,19.924,0.012,17.32,,16.481,,16.022,,15.51,0.08,15.46,0.06,15.29,0.04,15.21,0.05,15.73,0.065,15.724,0.158,12.37,,8.914,,,,,,
145,296.335785,-14.902986,C,C/O,0.146476613,19.781,0.017,17.233,,16.411,,16.022,,15.62,0.06,15.56,0.05,15.43,0.05,15.39,0.11,15.619,0.046,16.171,0.225,11.86,,8.841,,,,,,
146,296.17703,-14.71031,C,C/O,0.105605258,20.78,0.01,17.84,,16.76,,16.02,,15.39,0.04,15.29,0.07,15.2,0.05,14.76,0.06,,,,,,,,,,,,,
147,296.1295,-14.78983333,C,C/O,0.101194648,19.612,0.072,17.657,,,,16.016,,15.82,0.04,15.7,0.04,15.73,0.05,15.61,0.12,,,,,,,,,,,,,
148,296.233887,-14.671288,C,C,0.130439928,19.534,0.023,17.14,,16.26,,16.01,,15.77,0.04,15.82,0.06,15.62,0.07,15.18,0.06,16.037,0.066,16.555,0.327,12.381,,8.641,,21.152,0.015,23.432,19.93,18.887
149,296.259796,-14.82215,C,C,0.036155664,19.729,0.026,17.409,,16.47,,16.006,,15.42,0.04,15.4,0.07,15.21,0.06,15.1,0.05,,,,,,,,,21.115,0.015,22.544,20.004,18.985
150,296.244781,-14.845008,C,C,0.045789302,20.146,0.078,17.719,,16.678,,16.005,,15.03,0.05,14.67,0.05,14.24,0.06,14.17,0.05,,,,,,,,,21.672,0.021,24.177,20.374,19.256
151,296.27563,-14.74923,LPV,C/O,0.069512952,,,19.93,,18.27,,16.57,,14.29,0.05,13.58,0.06,13.17,0.04,12.75,0.02,15.333,0.077,14.425,0.064,12.078,,8.622,,,,,,
152,296.0642083,-14.73602778,C,,0.178313737,20.002,0.036,17.69,,,,15.998,,15.6,0.04,15.71,0.05,15.4,0.07,15.12,0.09,15.898,0.056,16.414,0.276,12.459,,9.008,,,,,,
153,296.219086,-14.802538,C,C,0.010948462,19.993,0.038,17.309,,16.477,,15.994,,15.66,0.06,15.65,0.07,15.33,0.08,14.93,0.07,,,,,,,,,,,,,
154,296.289734,-14.876258,C,C,0.09555899,20.088,0.028,17.404,,16.537,,15.991,,15.6,0.03,15.77,0.03,15.73,0.08,15.07,0.07,,,,,,,,,,,,,
155,296.24905,-14.81619,LAV,C/O,0.023952722,17.931,0.007,17.49,0.09,16.92,0.21,15.98,0.27,14,0.04,13.3,0.05,12.79,0.05,12.38,0.04,14.69,0.072,13.939,0.062,12.241,,8.776,,17.938,0.003,18.002,17.833,17.761
156,296.152313,-14.788395,C,C,0.078813042,19.95,0.019,17.14,,16.3,,15.98,,,,,,,,,,,,,,,,,,,,,,
157,296.4211667,-14.74713889,C,,0.198792226,,,17.534,,,,15.979,,15.55,0.06,15.53,0.08,14.85,0.08,14.72,0.08,,,,,,,,,,,,,
158,296.488861,-14.638191,C,,0.306160743,20.089,0.04,17.496,,16.557,,15.974,,,,,,,,,,,,,,,,,,,,,,
159,296.22229,-14.90997,LPV,C/O,0.108574095,20.298,0.054,18.95,,17.42,,16.28,,14.45,0.05,13.93,0.03,13.57,0.05,13.33,0.04,14.865,0.044,14.386,0.061,12.433,,8.648,,,,,,
160,296.318024,-14.739033,C,C,0.108035264,19.684,0.011,17.173,,16.378,,15.97,,15.58,0.06,15.66,0.08,15.43,0.06,15.06,0.07,,,,,,,,,21.354,0.015,23.727,20.039,18.939
161,296.4267083,-14.75402778,C,C,0.202395495,20.11,0.026,17.489,,,,15.967,,,,,,,,,,,,,,,,,,,,,,
162,296.31192,-14.728691,C,C,0.109712446,20.076,0.046,17.538,,16.72,,15.967,,14.98,0.05,14.64,0.07,14.37,0.06,14.01,0.04,,,,,,,,,,,,,
163,296.2731,-14.75146,LAV,C/O,0.066171399,19.427,0.053,17.31,0.16,16.57,0.17,15.96,0.2,15.47,0.04,14.95,0.04,14.88,0.09,14.61,0.09,,,,,,,,,21.489,0.017,23.123,19.958,18.234
164,296.35376,-14.912353,C,C,0.166033925,19.445,0.032,17.22,,16.35,,15.96,,15.44,0.05,15.56,0.08,15.48,0.04,15.11,0.11,15.397,0.046,15.449,0.124,12.376,,8.857,,,,,,
165,296.0819167,-14.75133333,C,,0.156404744,19.937,0.014,17.459,,,,15.951,,15.7,0.05,15.78,0.07,15.48,0.05,15.89,0.17,,,,,,,,,,,,,
166,296.27774,-14.82287,LAV,C/O,0.052235501,20.68,0.035,18.46,0.18,17.17,0.22,16.13,0.2,14.68,0.04,14.33,0.06,13.75,0.07,13.37,0.02,,,,,,,,,,,,,
167,296.181671,-14.7577,C,C,0.065337992,19.892,0.016,17.175,,16.282,,15.944,,15.71,0.04,15.59,0.05,15.41,0.05,14.92,0.04,,,,,,,,,,,,,
168,296.229034,-14.781347,,C,0.020345945,,,17.61,,16.51,,15.94,,15.34,0.07,15.52,0.05,15.2,0.03,14.99,0.05,,,,,,,,,,,,,
169,296.23649,-14.85697,C,C/O,0.05567953,,,19.18,,17.73,,16.32,,14.34,0.06,13.63,0.03,13.08,0.04,12.53,0.04,,,,,,,,,,,,,
170,295.9795,-14.88288889,C,C/O,0.263337726,19.863,0.012,17.659,,,,15.924,,,,,,,,,,,,,,,,,,,,,,
171,296.112915,-14.776258,C,C,0.119810963,20.063,0.018,17.35,,16.46,,15.92,,15.44,0.05,15.43,0.04,15.65,0.06,15.17,0.08,15.649,0.057,15.915,0.185,11.99,,8.69,,21.964,0.025,23.095,21.071,20.066
172,296.159454,-14.733295,C,C,0.098243976,20.194,0.019,17.518,,16.572,,15.92,,15.28,0.04,15.18,0.08,15.1,0.06,14.6,0.03,15.714,0.06,16.301,0.27,12.555,,8.585,,21.862,0.024,23.242,20.77,20.72
173,296.0719583,-14.84902778,C,C/O,0.164984661,19.761,0.019,17.452,,,,15.915,,15.68,0.08,15.82,0.06,15.66,0.06,15.31,0.07,15.843,0.065,16.275,0.23,12.445,,8.909,,21.582,0.017,23.835,20.224,18.993
174,296.048125,-14.89977778,C,C,0.20664862,19.892,0.026,17.64,,,,15.913,,,,,,,,,,15.563,0.045,15.771,0.16,12.474,,8.983,,,,,,
175,296.31088,-14.73645,C,C,0.103900062,20.051,0.03,17.18,,16.31,,15.91,,15.34,0.04,15.45,0.05,15.63,0.06,14.96,0.06,15.563,0.06,15.815,0.156,12.323,,8.247,,,,,,
176,296.1097083,-14.74066667,C,C/O,0.134875866,20.031,0.019,17.474,,,,15.91,,15.5,0.08,15.58,0.08,15.3,0.04,15.04,0.07,,,,,,,,,,,,,
177,296.4017917,-14.73822222,C,C/O,0.183133855,20.12,0.025,17.502,,,,15.908,,15.24,0.11,15.2,0.09,14.91,0.07,14.67,0.06,15.588,0.05,15.736,0.147,12.472,,8.462,,,,,,
178,296.226807,-14.881382,C,C,0.079775925,20.076,0.026,17.365,,16.369,,15.908,,15.34,0.03,15.32,0.02,15.08,0.05,14.89,0.1,,,,,,,,,,,,,
179,296.194275,-14.821965,C,C,0.041087257,19.767,0.017,17.296,,16.408,,15.902,,15.46,0.06,15.29,0.04,15.1,0.06,14.85,0.06,,,,,,,,,,,,,
180,296.08786,-14.740214,C,C,0.154856771,19.748,0.027,17.23,,18.14,,15.9,,15.55,0.08,15.61,0.08,15.32,0.09,14.78,0.07,15.529,0.045,15.828,0.16,12.295,0.451,8.435,,,,,,
181,296.345673,-14.834577,C,C,0.120262686,19.883,0.052,17.219,,16.341,,15.898,,15.6,0.05,15.67,0.04,15.64,0.15,15.11,0.05,,,,,,,,,,,,,
182,296.180084,-14.825297,C,C,0.055225376,19.669,0.012,17.231,,16.366,,15.897,,15.45,0.05,15.42,0.04,15.09,0.05,14.86,0.06,15.467,0.063,15.837,0.182,12.19,,8.989,,21.796,0.021,23.887,20.33,19.074
183,295.9715833,-14.87727778,C,C/O,0.269250306,19.748,0.095,17.725,,,,15.896,,,,,,,,,,15.731,0.056,15.579,0.132,12.553,,8.969,,,,,,
184,296.1280417,-14.7905,C,C/O,0.102568337,19.743,0.032,17.8,,,,15.905,,15.41,0.05,15.37,0.04,15.26,0.04,14.72,0.04,,,,,,,,,,,,,
185,296.356781,-14.748176,C,C/O,0.137604615,19.594,0.034,17.254,,16.329,,15.885,,15.44,0.06,15.5,0.05,15.31,0.05,15.13,0.1,14.701,0.038,14.91,0.093,12.281,,8.844,,21.494,0.018,23.471,20.199,19.067
186,296.436125,-14.89513889,C,C/O,0.226327084,19.943,0.018,17.603,,,,15.882,,15.1,0.1,15.13,0.08,14.91,0.06,14.43,0.07,15.239,0.043,15.535,0.126,12.226,,8.866,,,,,,
187,296.17438,-14.83893,LPV,C/O,0.066946934,,,18.58,,17.16,,16.11,,14.93,0.03,14.85,0.1,14.5,0.04,14.08,0.05,,,,,,,,,,,,,
188,296.179321,-14.742605,C,C,0.077826957,19.728,0.018,17.415,,16.49,,15.87,,15.21,0.07,15.08,0.04,14.77,0.06,14.56,0.13,15.268,0.057,15.854,0.21,11.721,,8.959,,21.535,0.017,23.084,20.238,18.997
189,296.24246,-14.82114,LAV,C/O,0.023115633,,,19.99,0.74,18.4,0.44,16.77,0.21,14.64,0.06,14,0.06,13.51,0.03,13.23,0.04,,,,,,,,,,,,,
190,296.0774167,-14.78311111,C,C/O,0.153707826,20.066,0.023,17.557,,,,15.866,,15.66,0.05,15.84,0.09,15.71,0.1,15.37,0.14,,,,,,,,,,,,,
191,296.21802,-14.92573,C,C/O,0.124637089,20.329,0.062,17.67,,16.56,,15.86,,15.22,0.04,15.26,0.07,15.25,0.11,14.65,0.08,,,,,,,,,,,,,
192,296.227081,-14.876891,C,C,0.075277616,20.058,0.027,17.543,,16.457,,15.858,,15.43,0.05,15.37,0.04,15.24,0.05,15.05,0.04,,,,,,,,,,,,,
193,296.350891,-14.757086,C,C,0.128850172,,,16.98,,16.22,,15.85,,15.27,0.04,15.27,0.07,14.96,0.06,14.86,0.1,,,,,,,,,,,,,
194,296.341431,-14.712852,C,C,0.142497386,19.971,0.023,17.32,,16.39,,15.85,,15.44,0.06,15.52,0.05,15.48,0.05,15.19,0.05,15.316,0.038,15.601,0.122,12.419,,9.17,,22.004,0.029,24.261,20.443,19.177
195,296.3658333,-14.8525,C,C,0.145032322,19.927,0.024,17.512,,,,15.837,,15,0.05,15.09,0.06,15.47,0.06,14.67,0.05,15.328,0.046,15.912,0.187,12.399,,8.13,,,,,,
196,296.17462,-14.78854,LPV,C/O,0.056915211,21.167,0.052,18.42,,17.09,,16.03,,14.36,0.07,13.95,0.04,13.74,0.03,13.46,0.04,14.921,0.047,14.178,0.052,12.315,,8.57,,,,,,
197,296.16803,-14.836925,C,C,0.071296535,20.425,0.038,18.081,,16.862,,15.934,,15.13,0.04,15.02,0.07,14.76,0.04,14.26,0.03,15.307,0.055,15.291,0.107,12.444,,8.593,,,,,,
198,296.179565,-14.858191,C,C,0.075751651,20.096,0.024,17.341,,16.375,,15.818,,15.1,0.05,15.25,0.03,15.37,0.12,14.69,0.04,,,,,,,,,,,,,
199,296.4300833,-14.76258333,C,C/O,0.203865384,20.049,0.028,17.477,,,,15.811,,,,,,,,,,15.286,0.043,15.493,0.119,11.962,,8.675,,,,,,
200,296.18011,-14.75091,LAV,C/O,0.071172956,19.405,0.098,17.02,0.16,16.27,0.2,15.81,0.12,,,,,,,,,,,,,,,,,,,,,
201,296.223907,-14.922441,C,C,0.120924601,20.059,0.034,17.22,,16.33,,15.81,,15.16,0.06,14.97,0.06,14.62,0.04,14.5,0.09,15.579,0.052,15.366,0.121,12.362,,8.759,,,,,,
202,296.198029,-14.719869,C,C,0.087826809,20.442,0.046,17.606,,16.479,,15.802,,15.09,0.04,15.25,0.07,15.03,0.06,14.56,0.06,,,,,,,,,,,,,
203,296.178772,-14.868636,C,C,0.084313422,20.41,0.021,17.478,,16.402,,15.788,,15.12,0.04,15.14,0.03,14.97,0.05,14.54,0.04,,,,,,,,,,,,,
204,296.1095,-14.93286111,C,C/O,0.178132977,20.128,0.066,17.901,,,,15.859,,15.01,0.04,15.04,0.06,15.09,0.05,14.73,0.08,15.116,0.04,15.168,0.101,12.175,,8.678,,,,,,
205,296.18048,-14.80431,LPV,C/O,0.049590322,20.528,0.071,18.2,,16.91,,15.94,,15.52,0.08,14.05,0.06,13.69,0.06,13.52,0.04,,,,,,,,,,,,,
206,296.17468,-14.79389,C,C/O,0.055864397,,,18,,16.75,,15.88,,15,0.04,14.84,0.06,14.87,0.05,14.46,0.05,,,,,,,,,,,,,
207,296.134644,-14.67692,C,C,0.157020156,19.882,0.021,17.35,,16.321,,15.771,,15.32,0.06,15.26,0.04,14.98,0.04,14.67,0.03,15.393,0.047,15.686,0.153,12.196,,8.33,,,,,,
208,296.0512917,-14.86669444,C,C,0.19017054,20.133,0.028,17.677,,,,15.785,,15.45,0.07,15.77,0.07,15.34,0.08,14.94,0.11,15.732,0.05,16.054,0.203,12.545,,8.191,,,,,,
209,296.170349,-14.798781,C,C,0.059720919,19.965,0.02,17.4,,16.44,,15.76,,15.56,0.04,15.43,0.06,15.2,0.03,15.2,0.12,,,,,,,,,,,,,
210,296.352264,-14.780713,C,C,0.124047094,18.918,0.015,17.09,,16.3,,15.76,,15.51,0.05,15.47,0.04,15.03,0.07,15.09,0.07,15.522,0.052,15.882,0.161,11.791,,8.75,,19.594,0.005,20.339,19.119,18.773
211,296.208893,-14.769947,C,C,0.038103204,19.455,0.017,17.025,,16.201,,15.758,,15.26,0.07,15.2,0.07,14.99,0.02,14.9,0.06,,,,,,,,,21.155,0.017,22.87,19.993,18.806
212,296.155457,-14.878673,C,C,0.107173322,20.453,0.035,17.625,,16.429,,15.762,,15.05,0.04,15.28,0.04,15.08,0.03,14.84,0.07,15.512,0.058,15.405,0.124,12.343,,9.002,,,,,,
213,296.2677,-14.68061,LAV,C/O,0.126794375,20.764,0.042,19.6,1.62,17.6,0.76,16.3,0.53,14.36,0.08,13.99,0.06,13.71,0.06,13.42,0.05,,,,,,,,,,,,,
215,295.9872917,-14.71725,C,C/O,0.256970923,20.212,0.024,17.919,,,,15.837,,,,,,,,,,15.858,0.058,16.275,0.229,12.146,,9.002,,22.088,0.028,23.791,20.397,19.002
216,296.01275,-14.74005556,C,C/O,0.225818294,20.04,0.027,17.553,,,,15.745,,,,,,,,,,15.807,0.048,16.016,0.183,12.363,,8.942,,,,,,
217,296.278412,-14.780069,C,C,0.053012498,20.2,0.036,17.65,,16.54,,15.76,,14.87,0.07,14.94,0.05,14.87,0.05,14.45,0.04,,,,,,,,,,,,,
218,296.4752083,-14.89816667,C,C,0.263512272,19.744,0.018,17.27,,,,15.744,,,,,,,,,,15.164,0.04,15.185,0.099,11.857,,8.529,,,,,,
219,296.5227083,-14.84297222,C,C/O,0.295607886,20.228,0.026,17.62,,,,15.747,,,,,,,,,,15.251,0.042,14.585,0.068,12.545,,8.874,,20.859,0.009,23.537,19.564,18.543
220,296.21112,-14.91074,LAV,C/O,0.110692002,,,19.46,0.36,17.55,0.2,16.25,0.13,14.63,0.04,14.12,0.05,13.66,0.05,13.28,0.03,15.275,0.057,14.395,0.064,11.736,,8.838,,,,,,
221,296.118591,-14.89873,C,C,0.147758617,19.494,0.014,16.89,,16.03,,15.73,,15.43,0.06,15.47,0.06,15.34,0.06,14.8,0.06,15.407,0.044,15.466,0.123,12.511,,8.74,,21.284,0.013,23.484,19.912,18.755
222,296.299103,-14.783449,C,C,0.071464883,20.252,0.052,17.48,,16.529,,15.729,,,,,,,,,,,,,,,,,,,,,,
223,296.539612,-14.704988,C,C/O,0.324356285,20.419,0.057,17.59,,16.48,,15.73,,,,,,,,,,15.174,0.041,15.152,0.109,12.123,,8.626,,,,,,
224,296.345795,-14.960103,C,C,0.196238369,19.475,0.015,16.91,,16.07,,15.72,,,,,,,,,,15.599,0.048,15.683,0.148,11.711,,8.126,,21.23,0.013,23.699,19.85,18.771
225,296.259552,-14.815343,C,C,0.032561812,20.113,0.039,17.428,,16.335,,15.717,,14.97,0.03,15.11,0.03,15.03,0.05,14.73,0.04,,,,,,,,,,,,,
226,296.202637,-14.773767,C,C,0.039080829,19.959,0.049,17.296,,16.414,,15.714,,15.17,0.04,15.48,0.07,15.43,0.06,14.78,0.05,15.14,0.069,15.578,0.167,12.46,,8.568,,,,,,
227,296.021149,-14.796692,C,C,0.208910317,19.927,0.022,17.356,,16.289,,15.713,,,,,,,,,,15.059,0.035,15.139,0.081,12.131,,8.851,,22.28,0.08,23.977,20.764,19.268
228,296.19489,-14.82267,LPV,C/O,0.040911027,20.357,0.04,18.1,,16.85,,15.86,,14.9,0.04,14.72,0.06,14.63,0.04,14.09,0.03,,,,,,,,,,,,,
229,296.4022917,-14.87413889,C,C/O,0.186912198,19.48,0.02,17.212,,,,15.705,,15.02,0.04,14.92,0.09,14.79,0.07,14.7,0.17,,,,,,,,,,,,,
230,296.311035,-14.973057,C,C,0.189578941,20.328,0.032,17.364,,16.349,,15.704,,,,,,,,,,15.553,0.05,15.689,0.163,12.365,,8.627,,,,,,
231,296.337067,-14.850516,C,C,0.117682939,19.436,0.015,16.924,,16.08,,15.693,,15.24,0.05,15.18,0.04,14.98,0.06,14.8,0.04,15.487,0.055,15.577,0.131,12.286,,8.8,,,,,,
232,296.21661,-14.79057,LPV,C/O,0.017392588,,,20.26,,18.34,,16.43,,14.73,0.08,14,0.05,13.51,0.06,12.88,0.07,,,,,,,,,21.207,0.012,23.753,19.836,18.706
233,295.968842,-14.682981,C,C/O,0.286863347,19.671,0.032,16.82,,16.02,,15.68,,,,,,,,,,15.277,0.039,15.262,0.095,12.283,,8.764,,,,,,
234,296.156006,-14.687428,C,C,0.136111523,19.805,0.031,17.31,,16.25,,15.68,,15.03,0.04,15.06,0.04,14.89,0.06,14.47,0.05,15.224,0.044,15.475,0.12,12.446,0.531,8.631,,,,,,
235,296.4102083,-14.84980556,C,C/O,0.186526308,19.742,0.021,17.29,,,,15.674,,14.83,0.05,14.97,0.06,14.87,0.08,14.74,0.1,15.068,0.042,15.234,0.114,11.612,,8.82,,,,,,
236,296.301117,-14.779015,C,C,0.074638306,20.003,0.031,17.097,,16.157,,15.672,,15.05,0.03,15.12,0.04,14.84,0.06,14.74,0.08,15.538,0.069,15.389,0.119,11.813,,8.576,,,,,,
237,296.313934,-14.783896,C,C,0.085795288,20.069,0.067,17.388,,16.359,,15.668,,14.97,0.05,15.16,0.05,15.09,0.08,14.5,0.06,,,,,,,,,,,,,
238,296.24622,-14.86655,LAV,C/O,0.066876773,20.567,0.071,17.98,0.08,16.67,0.06,15.79,0.08,14.93,0.03,14.92,0.03,14.94,0.06,14.46,0.05,,,,,,,,,,,,,
239,296.209412,-14.569217,C,C,0.233362943,,,17.453,,16.39,,15.66,,,,,,,,,,,,,,,,,,,,,,
240,296.25696,-14.83051,LPV,C/O,0.039478946,,,20.3,,18.37,,16.42,,14.38,0.05,13.54,0.06,12.91,0.06,12.19,0.04,,,,,,,,,,,,,
241,296.30347,-14.74166,LPV,C/O,0.094863275,,,18.7,,17.18,,15.98,,14.39,0.05,14,0.05,13.68,0.04,13.31,0.04,,,,,,,,,,,,,
242,296.100708,-14.828527,C,C,0.132051958,19.347,0.015,16.72,,15.96,,15.64,,15.4,0.04,15.69,0.07,15.49,0.04,14.98,0.06,,,,,,,,,21.043,0.011,23.179,19.786,18.712
243,296.191315,-14.818703,C,C,0.04226881,20.292,0.037,16.95,,16.05,,15.64,,,,,,,,,,15.117,0.066,15.358,0.149,12.163,,8.933,,21.241,0.015,23.289,20.18,19.229
244,296.30014,-14.87872,C,C/O,0.104193676,21.329,0.065,18.37,,17.07,,15.88,,14.54,0.03,14.2,0.08,13.91,0.03,13.96,0.08,15.087,0.045,14.551,0.061,12.134,,8.399,,,,,,
245,296.156158,-14.860965,C,C,0.094702365,20.134,0.087,17.108,,16.214,,15.634,,14.82,0.06,14.69,0.07,14.28,0.06,13.94,0.05,15.054,0.043,14.823,0.07,12.28,0.499,8.481,,,,,,
247,296.286987,-14.962574,C,C,0.170697438,20.028,0.033,17.446,,16.297,,15.629,,,,,,,,,,15.225,0.046,15.631,0.142,12.265,,8.457,,,,,,
248,296.24295,-14.83836,LPV,C/O,0.038908336,20.173,0.022,18.4,,17.06,,15.88,,14.25,0.05,13.64,0.04,13.04,0.04,12.61,0.04,13.856,0.044,13.375,0.043,11.78,,8.497,,21.576,0.026,23.226,20.502,19.397
249,296.3826667,-14.75219444,C,C/O,0.160483495,19.452,0.019,17.15,,,,15.626,,14.74,0.05,14.46,0.07,14.35,0.08,13.9,0.05,14.663,0.037,14.441,0.056,12.318,,8.568,,21.325,0.013,23.893,19.906,18.649
250,296.171783,-14.865685,C,C,0.086528257,19.773,0.021,17.105,,16.145,,15.625,,15.08,0.04,15.1,0.06,14.99,0.1,14.62,0.04,15.298,0.059,15.64,0.144,12.424,,8.159,,,,,,
251,296.234558,-14.767653,C,C,0.034321009,19.51,0.025,16.96,,16.04,,15.62,,15.07,0.05,15.17,0.04,15.16,0.04,15.03,0.09,15.124,0.07,16.099,0.284,12.506,,8.891,,22.305,0.053,23.036,21.457,20.745
252,296.461375,-14.85475,C,C,0.237385503,,,17.42,,,,15.618,,,,,,,,,,,,,,,,,,,,,,
253,296.307007,-14.784284,C,C,0.078945241,19.748,0.041,16.947,,16.062,,15.609,,15.25,0.05,15.16,0.06,14.84,0.05,14.81,0.04,15.133,0.041,15.117,0.089,12.442,,8.85,0.48,,,,,
254,296.275482,-14.853798,C,C,0.069180494,20.369,0.027,17.352,,16.271,,15.605,,14.8,0.03,14.93,0.04,14.86,0.05,14.45,0.04,15.409,0.064,16.429,0.315,12.25,,8.857,,,,,,
255,296.1127917,-14.86825,C,C,0.134798672,20.08,0.018,17.534,,,,15.622,,15.01,0.06,15.33,0.05,14.92,0.07,14.71,0.07,15.21,0.042,15.48,0.118,12.549,,8.598,,,,,,
256,296.257874,-14.842669,C,C,0.049576989,20.069,0.038,17.395,,16.265,,15.595,,14.93,0.07,15.04,0.03,14.91,0.07,14.48,0.05,15.283,0.051,15.991,0.249,12.402,,8.366,,,,,,
257,296.266968,-14.910404,C,C,0.114846488,20.125,0.035,17.84,,16.579,,15.701,,15.15,0.05,15.32,0.05,15.24,0.07,14.7,0.05,,,,,,,,,,,,,
258,296.202057,-14.847754,C,C,0.053893843,20.08,0.025,17.178,,16.174,,15.577,,14.86,0.02,15.07,0.07,14.97,0.04,14.4,0.06,,,,,,,,,,,,,
259,296.0927917,-14.89219444,C,C,0.164380023,20.237,0.044,17.852,,,,15.69,,15.75,0.12,15.19,0.03,15.11,0.07,14.81,0.11,15.587,0.047,15.756,0.167,12.039,,8.561,,,,,,
260,296.194489,-14.842676,C,C,0.054245029,19.752,0.011,17.014,,16.111,,15.568,,15.01,0.06,15.14,0.05,15.24,0.05,14.71,0.06,15.256,0.062,15.845,0.222,12.546,,8.703,,,,,,
261,296.4646,-14.807542,C,C/O,0.234673476,19.521,0.031,17.144,,16.231,,15.567,,,,,,,,,,,,,,,,,,,,,,
262,296.263336,-14.708953,C,C,0.098527818,19.662,0.014,17.071,,16.053,,15.567,,15.4,0.06,15.28,0.06,15.18,0.04,14.85,0.05,,,,,,,,,,,,,
263,296.204712,-14.849141,C,C,0.053786418,20.298,0.033,17.306,,16.262,,15.565,,15.01,0.03,15.08,0.06,15.26,0.04,14.57,0.04,,,,,,,,,,,,,
264,296.08905,-14.945495,C,C/O,0.201376595,20.732,0.076,18.64,,,,15.9,,14.94,0.07,14.61,0.07,14.32,0.04,13.91,0.07,14.476,0.031,13.95,0.04,12.522,,8.829,,,,,,
265,296.22876,-14.79337,LPV,C/O,0.008392115,21.033,0.02,18.75,,17.25,,15.93,,14.19,0.05,13.55,0.04,13.13,0.05,12.66,0.04,,,,,,,,,22.307,0.128,23.912,21.545,20.521
266,296.168549,-14.87782,C,C,0.097852174,20.058,0.039,17.222,,16.157,,15.564,,14.97,0.05,15.11,0.03,14.97,0.06,14.6,0.1,15.262,0.051,15.736,0.152,12.105,,9.015,,,,,,
267,296.250244,-15.015092,C,C,0.214379966,20.29,0.04,18.436,,17.14,,15.842,,,,,,,,,,14.901,0.035,14.262,0.053,12.346,,8.768,,,,,,
268,296.18323,-14.76308,LAV,C/O,0.060635147,20.34,0.062,18.39,0.32,16.94,0.18,15.82,0.14,14.58,0.06,14.25,0.04,14.06,0.06,13.65,0.03,,,,,,,,,,,,,
269,296.28897,-14.81087,LPV,C/O,0.059683339,,,19.93,,17.89,,16.24,,13.74,0.04,12.91,0.06,12.31,0.04,11.84,0.03,14.432,0.042,13.375,0.036,10.497,0.1,7.482,0.163,,,,,
270,296.256256,-14.807403,C,C,0.026874613,20.286,0.023,17.424,,16.327,,15.554,,14.97,0.04,15.02,0.03,14.72,0.07,13.48,0.08,,,,,,,,,,,,,
271,296.138214,-14.72313,C,C,0.120802324,20.053,0.03,17.227,,16.188,,15.542,,14.96,0.05,15.03,0.05,14.92,0.08,14.74,0.05,15.317,0.056,15.523,0.136,11.772,,8.587,,,,,,
272,296.18609,-14.7787,C,C,0.049555111,19.521,0.009,16.72,,15.9,,15.54,,15.16,0.07,15.29,0.05,15.14,0.05,15,0.06,14.901,0.048,15.035,0.11,12.198,,8.343,,,,,,
273,296.197662,-14.763362,C,C,0.050132316,20.136,0.048,17.175,,16.255,,15.536,,14.79,0.04,14.72,0.08,14.77,0.08,14.18,0.05,15.292,0.063,15.461,0.147,12.579,,8.494,,,,,,
274,296.27051,-14.73481,LAV,C/O,0.07817493,,,19.39,0.38,17.7,0.27,16.08,0.21,14.01,0.06,13.47,0.05,13.07,0.03,12.67,0.03,14.153,0.058,13.5,0.052,12.078,,8.013,,,,,,
275,296.334747,-14.99367,C,C,0.218714275,20.131,0.029,17.319,,16.239,,15.529,,,,,,,,,,15.136,0.04,15.181,0.092,12.026,,8.605,0.486,,,,,
276,296.25522,-14.82579,S,C/O,0.034897318,19.095,0.012,16.82,0.03,15.86,0.03,15.52,0.02,15.35,0.03,15.45,0.04,15.14,0.06,15.27,0.09,,,,,,,,,20.998,0.011,23.055,19.623,18.388
277,296.29114,-14.6977,LPV,C/O,0.120614512,,,19.24,,17.62,,16.03,,14.56,0.05,13.98,0.05,13.62,0.04,13.17,0.06,,,,,,,,,,,,,
278,296.21259,-14.80142,LPV,C/O,0.017411795,20.781,0.077,18.38,,16.9,,15.79,,14.47,0.06,14.02,0.04,13.67,0.05,13.43,0.05,14.62,0.061,14.181,0.075,11.767,,8.548,,,,,,
279,296.170105,-14.844587,C,C,0.073683648,20.427,0.032,17.354,,16.234,,15.509,,14.8,0.06,14.98,0.07,14.9,0.04,14.18,0.05,15.135,0.046,15.274,0.115,12.073,,8.321,,,,,,
280,296.3714583,-14.90411111,C,C/O,0.174655752,20.097,0.034,17.497,,,,15.546,,14.54,0.05,14.73,0.07,14.65,0.07,14.16,0.06,14.762,0.034,14.531,0.062,12.509,,8.712,,,,,,
281,296.21729,-14.77647,LPV,C/O,0.028223821,,,18.37,,16.99,,15.78,,14.29,0.04,13.83,0.05,13.72,0.04,13.24,0.04,,,,,,,,,,,,,
282,296.0783333,-14.78972222,C,C/O,0.152136575,20.247,0.028,17.493,,,,15.54,,15.07,0.07,15.16,0.08,15.4,0.09,14.48,0.03,15.428,0.049,15.556,0.139,12.288,,8.378,,,,,,
283,296.26569,-14.72024,LPV,C/O,0.088907936,,,19.78,,17.78,,16.16,,13.91,0.05,13.28,0.04,12.85,0.06,12.51,0.06,14.401,0.039,13.586,0.038,11.075,0.16,6.545,0.075,,,,,
284,296.545625,-14.90069444,C,C/O,0.330794468,19.993,0.028,17.423,,,,15.513,,,,,,,,,,15.011,0.04,15.015,0.089,12.243,,8.892,,,,,,
285,296.151001,-14.726998,C,C,0.108704874,19.733,0.019,16.872,,16,,15.486,,15.18,0.07,15.1,0.09,14.91,0.08,14.54,0.07,15.375,0.049,15.598,0.153,12.39,,8.903,,,,,,
286,296.244385,-14.810474,C,C,0.016865309,19.436,0.016,16.872,,15.96,,15.476,,15.01,0.05,15.1,0.04,15.04,0.05,14.51,0.06,,,,,,,,,,,,,
287,296.28125,-14.67393,LPV,C/O,0.137637459,,,20.16,,18.21,,16.25,,14.03,0.06,13.23,0.09,12.64,0.04,12.27,0.02,14.687,0.034,13.384,0.031,11.63,,8.613,,,,,,
288,296.24048,-14.84939,LPV,C/O,0.048857229,20.988,0.122,19.1,,17.38,,15.96,,14.7,0.06,14.04,0.06,13.41,0.04,13.1,0.05,14.436,0.044,13.785,0.052,11.869,,8.775,,,,,,
290,296.1002083,-14.78658333,C,C/O,0.130665577,20.396,0.025,17.618,,,,15.548,,15.02,0.05,15.15,0.08,15.08,0.05,14.52,0.06,15.014,0.046,14.895,0.093,12.309,,8.57,,,,,,
291,296.22632,-14.72554,LPV,C/O,0.076218891,20.316,0.019,18.04,,16.71,,15.66,,14.43,0.05,14.16,0.05,13.76,0.02,13.51,0.04,14.394,0.036,14.056,0.051,12.419,0.528,6.959,0.09,,,,,
292,296.20415,-14.63486,O,C/O,0.168801062,19.92,0.013,16.58,,15.91,,15.46,,,,,,,,,,,,,,,,,,20.508,0.007,22.37,19.277,17.864
293,296.1151667,-14.76961111,C,C/O,0.119224407,20.288,0.025,17.448,,,,15.497,,15.05,0.08,15.2,0.04,14.97,0.05,14.79,0.09,,,,,,,,,,,,,
295,296.110779,-14.725801,C,C,0.141314373,19.841,0.087,17.15,,16.18,,15.45,,15.15,0.09,15.19,0.03,15.18,0.05,14.58,0.06,,,,,,,,,,,,,
296,296.3695417,-14.87288889,C,C,0.1566653,20.208,0.054,17.162,,,,15.447,,14.63,0.05,14.72,0.05,14.51,0.05,14.12,0.05,15.043,0.047,15.155,0.111,11.891,,8.092,,,,,,
297,296.306183,-14.863027,C,C/O,0.097818868,20.197,0.02,17.451,,16.284,,15.489,,14.7,0.08,14.55,0.05,14.44,0.04,14.06,0.05,14.902,0.043,14.865,0.071,12.075,,8.981,,,,,,
298,296.0512083,-14.72680556,C,C,0.193832805,19.839,0.022,17.588,,,,15.526,,14.9,0.05,15.03,0.08,15.09,0.06,14.64,0.07,,,,,,,,,,,,,
299,296.262543,-14.847853,C,C,0.056497047,19.839,0.021,17.049,,16.052,,15.442,,14.86,0.08,14.94,0.04,14.85,0.05,14.36,0.06,,,,,,,,,,,,,
300,296.163086,-14.894488,C,C,0.114423182,19.389,0.01,16.75,,15.88,,15.44,,14.89,0.05,14.88,0.07,14.65,0.06,14.44,0.04,,,,,,,,,,,,,
301,296.18378,-14.68249,LAV,C/O,0.127828638,,,19.57,1.4,17.64,0.95,16.06,0.67,14.08,0.11,13.64,0.07,13.03,0.05,12.39,0.02,14.551,0.03,13.333,0.031,11.584,0.24,8.984,,,,,,
302,296.4063333,-14.80080556,C,C/O,0.176335419,20.087,0.04,17.37,,,,15.431,,14.82,0.07,14.71,0.06,14.63,0.06,14.16,0.05,15.03,0.038,14.915,0.086,11.994,,8.315,,,,,,
303,296.24246,-14.91158,LPV,C/O,0.110614012,,,18.95,,17.21,,15.86,,14.04,0.08,13.53,0.04,13.14,0.04,12.87,0.03,14.837,0.044,14.07,0.047,11.933,,8.123,,23.382,0.181,23.441,21.682,20.213
304,296.479218,-14.974156,C,C,0.303085849,19.493,0.015,16.882,,15.943,,15.387,,,,,,,,,,,,,,,,,,,,,,
305,296.27222,-14.76143,LAV,C/O,0.058324832,,,18.09,0.24,16.73,0.17,15.62,0.07,14.62,0.05,14.49,0.06,14.37,0.08,13.95,0.04,14.938,0.05,14.68,0.081,12.334,,8.686,,,,,,
307,296.330048,-14.767764,C,C,0.105637205,19.908,0.032,17.105,,16.08,,15.383,,14.63,0.03,14.69,0.05,14.76,0.03,14.37,0.04,15.377,0.041,15.465,0.111,12.003,,8.902,,,,,,
308,296.20285,-14.700215,C,C,0.105024947,20.138,0.056,17.115,,15.986,,15.382,,15,0.05,15.12,0.07,15.98,0.11,14.77,0.06,,,,,,,,,,,,,
309,296.207184,-14.745038,C,C,0.06105533,19.73,0.015,17.006,,15.993,,15.379,,14.72,0.06,14.75,0.04,14.61,0.04,14.26,0.07,,,,,,,,,,,,,
310,296.20154,-14.81282,LAV,C/O,0.030566225,,,19.18,0.6,17.3,0.3,15.91,0.2,14.36,0.03,13.83,0.04,13.44,0.04,13,0.04,14.407,0.052,14.056,0.05,12.039,,8.251,,,,,,
311,296.19168,-14.82965,LAV,C/O,0.047447896,20.732,0.008,18.32,0.31,16.8,0.19,15.67,0.1,14.84,0.04,14.02,0.06,13.71,0.04,13.4,0.03,14.137,0.035,13.499,0.04,12.475,,8.821,,,,,,
312,296.18277,-14.74815,C,C/O,0.071379712,18.721,0.007,18.03,,16.62,,15.59,,14.54,0.07,14.14,0.04,14.01,0.05,13.69,0.05,,,,,,,,,,,,,
313,296.0104583,-14.74452778,C,C/O,0.226856323,19.272,0.011,16.983,,,,15.361,,,,,,,,,,15.162,0.043,15.28,0.106,11.884,,8.942,,,,,,
314,296.179535,-14.737016,C,C/O,0.082017412,19.942,0.023,17.065,,16.054,,15.353,,15,0.05,15.1,0.04,14.96,0.05,14.48,0.04,15.13,0.06,15.567,0.175,12.314,,8.429,,21.761,0.021,23.627,20.353,19.026
315,296.22934,-14.65254,C,C/O,0.14913146,20.846,0.048,17.98,,16.59,,15.56,,14.6,0.04,14.26,0.05,14.14,0.06,13.65,0.02,,,,,,,,,,,,,
316,296.0429167,-14.78219444,C,C,0.188094281,19.577,0.04,17.033,,,,15.322,,15.04,0.08,14.95,0.06,14.85,0.14,14.33,0.05,14.997,0.04,15.107,0.093,12.477,,8.798,,,,,,
317,296.0052083,-14.88833333,C,C/O,0.240918744,19.474,0.037,16.932,,,,15.307,,,,,,,,,,15.147,0.041,15.608,0.129,12.555,,8.874,,21.354,0.012,23.785,19.856,18.573
318,296.1045,-14.84272222,C,C/O,0.132043685,21.056,0.143,18.09,,,,15.562,,15.11,0.04,14.95,0.04,15.12,0.07,14.93,0.06,,,,,,,,,,,,,
319,296.244141,-14.813117,C,C,0.018193452,20.198,0.012,17.32,,16.187,,15.349,,14.65,0.07,14.79,0.06,14.84,0.05,14.33,0.05,,,,,,,,,,,,,
320,296.080383,-14.858717,C,C,0.160123724,,,16.31,,15.7,,15.29,,15.17,0.05,14.89,0.09,14.69,0.1,14.86,0.09,,,,,,,,,21.267,0.016,23.193,20.138,18.579
321,296.4425,-14.76263889,C,C,0.216054802,19.939,0.037,17.174,,,,15.292,,,,,,,,,,14.615,0.034,14.629,0.063,12.294,,8.612,0.505,,,,,
322,296.17276,-14.922873,C,C,0.13403949,19.363,0.027,16.532,,15.67,,15.261,,14.87,0.05,14.93,0.05,14.93,0.03,14.64,0.12,14.973,0.035,15.066,0.082,12.375,,8.643,,21.166,0.01,23.901,19.722,18.473
323,296.117004,-14.632751,C,C,0.203228257,19.008,0.019,16.46,,15.59,,15.26,,,,,,,,,,15.009,0.038,15.073,0.092,11.961,,8.963,,20.607,0.008,22.887,19.353,18.22
324,296.179443,-14.752915,C,C,0.070235748,19.358,0.018,16.663,,15.734,,15.234,,14.65,0.04,14.55,0.05,14.41,0.06,14.16,0.14,14.596,0.038,14.748,0.092,11.68,,8.831,,21.185,0.011,23.494,19.721,18.452
325,296.30179,-14.90356,LAV,C/O,0.124640989,,,19.75,0.26,17.75,0.18,15.96,0.44,14.43,0.04,13.84,0.08,13.39,0.06,12.91,0.05,14.515,0.036,13.6,0.038,12.2,,8.622,,,,,,
326,296.23456,-14.7733,LAV,C/O,0.028734135,20.482,0.066,18,0.37,16.56,0.32,15.48,0.27,14.13,0.04,13.91,0.06,13.65,0.03,13.32,0.02,14.768,0.06,14.781,0.105,12.563,,8.845,,,,,,
327,296.248871,-14.764977,C,C,0.041261252,20.19,0.043,17.11,,15.994,,15.228,,14.5,0.04,14.56,0.04,14.62,0.04,14.12,0.04,,,,,,,,,,,,,
328,296.111,-14.85966667,C,C/O,0.132380564,20.356,0.035,17.429,,,,15.315,,14.78,0.07,14.88,0.05,14.97,0.07,14.5,0.06,15.188,0.045,15.299,0.107,12.112,,8.147,,,,,,
329,296.163879,-14.827393,C,C/O,0.070948287,20.361,0.032,17.105,,15.991,,15.211,,14.61,0.06,14.55,0.05,14.36,0.03,14.07,0.06,15.236,0.06,14.917,0.091,12.428,,8.378,,,,,,
330,296.2464,-14.73473,LPV,C/O,0.068919689,,,19.15,,17.32,,15.77,,13.56,0.02,12.9,0.04,12.46,0.03,12.05,0.04,14.275,0.035,13.377,0.035,11.928,0.302,8.635,,,,,,
331,296.29793,-14.74687,LPV,C/O,0.087278433,,,20.4,,18.08,,16.11,,14.14,0.07,13.07,0.08,12.19,0.07,11.47,0.02,14.116,0.035,12.553,0.028,10.904,0.133,8.848,,23.11,0.195,23.56,22.372,21.801
332,296.33786,-14.988564,C,C,0.215784955,19.537,0.053,16.73,,15.73,,15.19,,,,,,,,,,14.719,0.035,14.842,0.069,12.202,,8.834,,,,,,
333,296.17957,-14.77527,LPV,C/O,0.056922271,,,18.02,,16.56,,15.45,,14.11,0.09,13.7,0.06,13.31,0.04,13.04,0.06,14.095,0.033,13.623,0.045,11.606,,8.844,,,,,,
334,296.103625,-14.72475,C,C/O,0.147943662,20.254,0.049,17.362,,,,15.267,,14.75,0.05,14.91,0.05,14.91,0.06,14.24,0.07,,,,,,,,,,,,,
335,296.25732,-14.77645,LPV,C/O,0.037181054,20.756,0.049,19.06,,17.3,,15.73,,13.54,0.05,12.96,0.05,12.59,0.04,11.99,0.05,14.449,0.054,13.622,0.054,11.923,,8.484,,,,,,
336,296.25348,-14.76936,LAV,C/O,0.039940537,,,18.38,0.35,16.83,0.3,15.54,0.27,13.89,0.04,13.41,0.06,13.07,0.04,12.69,0.03,,,,,,,,,,,,,
337,296.294189,-14.884681,C,C,0.104933569,19.774,0.045,16.906,,15.826,,15.156,,,,,,,,,,14.507,0.036,14.632,0.071,12.408,0.532,8.842,,,,,,
338,296.368011,-14.913227,C,C,0.177459856,19.887,0.041,16.96,,15.87,,15.15,,14.53,0.05,14.7,0.06,14.74,0.03,14.6,0.15,14.621,0.032,14.576,0.058,12.046,,8.909,,,,,,
339,296.206696,-14.92662,C,C,0.127104598,19.965,0.044,16.997,,15.861,,15.147,,14.53,0.06,14.7,0.05,14.82,0.04,14.38,0.16,,,,,,,,,,,,,
340,296.28424,-14.80892,LPV,C/O,0.054722391,,,20.5,,18.1,,16.1,,14.05,0.07,13.32,0.05,12.61,0.04,12.07,0.04,13.793,0.035,12.833,0.032,10.743,0.122,8.305,,,,,,
341,296.23883,-14.87026,LPV,C/O,0.069156034,,,19.49,,17.5,,15.82,,13.81,0.06,13.18,0.06,12.73,0.02,12.43,0.05,14.737,0.042,13.752,0.049,11.724,,8.838,,,,,,
342,296.22364,-14.77473,O,C/O,0.027680556,19.666,0.214,16.44,,15.58,,15.13,,14.34,0.04,14.19,0.06,14.03,0.04,13.49,0.03,14.788,0.056,14.733,0.091,12.552,,8.405,,,,,,
343,296.4792917,-14.69538889,C,C/O,0.271001893,19.421,0.025,16.708,,,,15.127,,,,,,,,,,14.65,0.032,14.933,0.081,12.577,,8.696,,,,,,
344,296.278717,-14.858888,C,C,0.075148158,19.396,0.03,16.683,,15.688,,15.117,,14.55,0.03,14.63,0.03,14.37,0.03,14,0.03,14.521,0.037,14.711,0.067,11.837,,8.762,,,,,,
345,296.26687,-14.74039,LPV,C/O,0.071516678,,,18.41,,16.86,,15.51,,13.57,0.04,13.06,0.03,12.65,0.04,12.24,0.03,14.474,0.046,13.656,0.043,10.968,0.141,8.847,,,,,,
346,296.326508,-14.641376,C,C,0.187104143,19.462,0.057,16.649,,15.697,,15.114,,14.44,0.09,14.55,0.05,14.48,0.09,13.92,0.07,15.039,0.039,14.957,0.082,12.331,0.484,8.528,,,,,,
347,296.21816,-14.88035,O,C/O,0.079565872,19.269,0.117,16.3,,15.53,,15.09,,14.29,0.05,14.21,0.05,14.02,0.04,13.84,0.03,14.894,0.045,14.649,0.071,12.042,,7.456,0.167,22.138,0.029,22.118,22.037,22.037
348,296.28564,-14.74075,C,C,0.082504885,19.459,0.021,16.67,,15.62,,15.09,,14.42,0.07,14.78,0.14,14.6,0.03,14.1,0.04,14.704,0.047,14.891,0.082,11.918,,9.005,,,,,,
349,296.29965,-14.69757,LPV,C/O,0.125251477,20.428,0.067,18.16,,16.62,,15.42,,13.84,0.03,13.43,0.08,13.12,0.06,12.9,0.02,14.663,0.035,14.078,0.046,11.714,,8.604,,,,,,
350,296.21322,-14.68097,O,C/O,0.121860816,19.235,0.096,16.35,,15.55,,15.07,,14.2,0.07,14.06,0.09,13.83,0.05,13.5,0.06,14.863,0.034,14.602,0.067,11.969,,8.352,,,,,,
351,296.164886,-14.853178,C,C,0.083023533,20.289,0.031,17.217,,16.028,,15.151,,14.63,0.05,14.7,0.04,14.79,0.02,14.28,0.08,14.608,0.037,14.583,0.066,12.016,,8.236,,,,,,
352,296.22681,-14.75065,LAV,C/O,0.051119629,19.313,0.013,17.13,0.34,15.92,0.29,15.11,0.28,14.43,0.05,14.45,0.06,14.15,0.06,13.67,0.04,14.119,0.043,14.295,0.061,12.5,,8.842,,,,,,
353,296.375854,-14.73088,C,C,0.162125302,18.618,0.01,16.15,,15.33,,15.03,,14.72,0.04,14.76,0.07,14.65,0.07,14.65,0.08,14.859,0.033,15.116,0.093,12.363,,8.792,,20.175,0.006,22.515,18.98,17.919
354,296.201691,-14.886331,C,C,0.089268608,19.24,0.057,16.685,,15.619,,15.007,,14.34,0.05,14.41,0.05,14.49,0.07,14.09,0.05,14.554,0.036,14.643,0.074,11.678,,8.508,,,,,,
355,296.363739,-14.759742,C,C,0.140157331,19.283,0.038,16.528,,15.565,,14.986,,14.43,0.05,14.47,0.06,14.34,0.04,14.11,0.03,14.626,0.036,14.679,0.073,12.14,,8.255,,,,,,
356,296.26105,-14.73764,LAV,C/O,0.07116139,20.692,0.098,18.29,0.15,16.78,0.16,15.38,0.19,13.9,0.05,13.51,0.05,13.18,0.05,12.74,0.03,14.011,0.036,13.372,0.04,12.384,,8.704,,,,,,
357,296.0288333,-14.90255556,C,C,0.225046523,20.582,0.02,17.471,,,,15.156,,,,,,,,,,14.741,0.033,14.605,0.071,12.483,,8.576,,,,,,
358,296.29919,-14.69143,C,C/O,0.130154192,20.384,0.049,17.56,,16.22,,15.16,,14.08,0.04,13.68,0.04,13.49,0.09,13.36,0.02,,,,,,,,,,,,,
359,296.297028,-14.802626,C,C,0.067034817,20.485,0.02,16.821,,15.758,,14.954,,,,,,,,,,14.942,0.043,14.881,0.08,12.37,,8.894,,,,,,
360,296.1269167,-14.78975,C,C/O,0.103770194,19.865,0.018,16.994,,,,14.984,,14.81,0.05,14.76,0.05,14.75,0.04,14.31,0.03,,,,,,,,,,,,,
361,296.19647,-14.70265,LPV,C/O,0.104542916,,,18.21,,16.6,,15.31,,13.78,0.05,13.52,0.04,13.16,0.11,12.75,0.05,14.826,0.037,13.992,0.043,12.28,,8.661,,,,,,
362,296.19858,-14.71837,LPV,C/O,0.089028683,21.428,0.096,19.11,,17.07,,15.55,,13.11,0.04,12.57,0.04,11.96,0.03,11.61,0.03,13.62,0.031,12.704,0.028,11.635,0.364,8.811,,,,,,
363,296.262299,-14.882443,C,C,0.086991396,19.254,0.019,16.354,,15.396,,14.905,,14.07,0.05,14.06,0.06,14.19,0.1,13.67,0.04,14.094,0.034,14.207,0.062,11.732,,8.67,,21.136,0.011,23.276,19.777,18.569
364,296.21631,-14.83196,LPV,C/O,0.033240039,,,20.37,,18,,15.89,,14.12,0.05,13.12,0.03,12.45,0.05,11.91,0.06,13.982,0.05,12.743,0.033,10.685,0.109,8.596,,,,,,
365,296.19682,-14.75119,LPV,C/O,0.060408135,,,19.69,,17.43,,15.69,,13.94,0.04,13.22,0.03,12.59,0.03,11.91,0.02,13.63,0.033,12.649,0.029,10.791,0.118,8.442,,,,,,
366,296.28415,-14.81194,LAV,C/O,0.055115292,19.6,0.031,17.33,0.16,15.94,0.12,15.04,0.07,13.8,0.05,13.63,0.08,13.34,0.05,13.07,0.02,13.931,0.049,13.718,0.054,11.496,0.26,8,,,,,,
367,296.18801,-14.87231,O,C/O,0.082177672,21.112,0.088,15.88,,15.19,,14.68,,13.84,0.04,13.82,0.05,13.53,0.09,13.21,0.04,,,,,,,,,,,,,
368,296.29922,-14.8365,LAV,C/O,0.07748895,19.85,0.03,17.87,0.88,16.35,0.72,14.98,0.07,13.93,0.04,13.82,0.09,13.74,0.03,13.37,0.04,14.421,0.035,14.392,0.063,12.113,,8.949,,19.785,0.005,21.701,18.398,16.831
369,296.365631,-14.891643,C,C/O,0.16276028,18.234,0.026,15.562,,14.712,,14.318,,14.1,0.04,14.11,0.06,13.98,0.06,13.91,0.04,14.248,0.031,14.229,0.048,12.551,,8.761,,20.237,0.006,22.284,18.732,17.103
370,296.25088,-14.76786,O,C/O,0.039737772,19.442,0.019,15.5,,14.68,,14.19,,13.35,0.04,13.14,0.07,12.95,0.02,12.76,0.02,13.697,0.047,13.076,0.037,11.728,,8.707,,,,,,
371,296.26702,-14.76311,O,C/O,0.053454223,18.855,0.008,15.46,,14.67,,14.18,,13.83,0.07,13.63,0.06,13.37,0.04,13.19,0.04,13.308,0.05,13.184,0.059,11.421,,8.063,,,,,,
372,296.25891,-14.88796,LPV,C/O,0.091004133,20.691,0.041,16.73,,15.44,,14.45,,12.98,0.06,12.43,0.07,12.07,0.04,11.07,0.03,13.507,0.029,12.889,0.03,10.105,0.068,8.497,0.334,,,,,
373,296.24005,-14.80796,RSG,C/O,0.011856079,,,14.74,,13.94,,13.66,,13.4,0.05,13.25,0.04,12.98,0.04,12.62,0.05,13.411,0.037,13.444,0.046,12.415,,8.746,,,,,,
374,296.22696,-14.80191,RSG,C/O,0.003049459,16.393,0.006,14.48,,13.66,,13.34,,13.3,0.06,13.09,0.05,12.76,0.03,12.48,0.04,12.951,0.032,12.921,0.036,11.7,,8.647,,18.559,0.003,20.561,17.347,16.098
375,296.24301,-14.74652,RSG,C/O,0.056663768,16.311,0.008,14.1,,13.3,,12.99,,,,,,,,,,12.527,0.025,12.403,0.024,11.142,0.168,8.192,,17.891,0.004,20.002,16.712,15.562
376,296.21293,-14.73224,O,C/O,0.071497621,15.903,0.012,13.72,,12.97,,12.57,,12.38,0.06,12.11,0.07,11.74,0.05,11.14,0.03,12.255,0.024,11.999,0.022,10.537,0.099,8.189,,18.809,0.005,20.785,17.414,15.773
