Id-main,Ra(J2000) deg,Dec(J2000) deg,J,eJ,H,eH,Ks,eKs,Types,DCG,Catalog
10870,296.17892,-14.82286,17.52,0.04,16.53,0.04,16.19,0.05,S,0.055300836,Whitelock
10784,296.21545,-14.83469,17.45,0.03,16.53,0.04,16.2,0.06,S,0.036083554,Whitelock
11004,296.27341,-14.80861,17.6,0.03,16.62,0.03,16.27,0.05,S,0.043961252,Whitelock
11029,296.28308,-14.80497,17.46,0.03,16.55,0.02,16.22,0.05,S,0.053182482,Whitelock
12050,296.25427,-14.81764,18.17,0.07,17.25,0.1,16.7,0.05,S,0.029052948,Whitelock
30528,296.19156,-14.89296,17.76,0.06,16.85,0.04,16.51,0.1,S,0.099053004,Whitelock
10326,296.25522,-14.82579,16.82,0.03,15.86,0.03,15.52,0.02,S,0.034897318,Whitelock
10293,296.29922,-14.8365,17.87,0.88,16.35,0.72,14.98,0.07,LAV,0.07748895,Whitelock
10310,296.19168,-14.82965,18.32,0.31,16.8,0.19,15.67,0.1,LAV,0.047447896,Whitelock
10371,296.28415,-14.81194,17.33,0.16,15.94,0.12,15.04,0.07,LAV,0.055115292,Whitelock
10501,296.23456,-14.7733,18,0.37,16.56,0.32,15.48,0.27,LAV,0.028734135,Whitelock
10968,296.20154,-14.81282,19.18,0.6,17.3,0.3,15.91,0.2,LAV,0.030566225,Whitelock
11391,296.18323,-14.76308,18.39,0.32,16.94,0.18,15.82,0.14,LAV,0.060635147,Whitelock
11401,296.27222,-14.76143,18.09,0.24,16.73,0.17,15.62,0.07,LAV,0.058324832,Whitelock
11403,296.22778,-14.76111,18.35,0.34,17.01,0.15,16.18,0.09,LAV,0.040620709,Whitelock
11991,296.27774,-14.82287,18.46,0.18,17.17,0.22,16.13,0.2,LAV,0.052235501,Whitelock
12070,296.24905,-14.81619,17.49,0.09,16.92,0.21,15.98,0.27,LAV,0.023952722,Whitelock
12660,296.25348,-14.76936,18.38,0.35,16.83,0.3,15.54,0.27,LAV,0.039940537,Whitelock
12711,296.24728,-14.76419,18.94,1.05,17.79,0.92,16.8,0.63,LAV,0.041271646,Whitelock
13390,296.24246,-14.82114,19.99,0.74,18.4,0.44,16.77,0.21,LAV,0.023115633,Whitelock
14105,296.17993,-14.75767,19.23,0.39,17.44,0.33,15.98,0.26,LAV,0.066655869,Whitelock
20438,296.27051,-14.73481,19.39,0.38,17.7,0.27,16.08,0.21,LAV,0.07817493,Whitelock
20608,296.18378,-14.68249,19.57,1.4,17.64,0.95,16.06,0.67,LAV,0.127828638,Whitelock
20614,296.2677,-14.68061,19.6,1.62,17.6,0.76,16.3,0.53,LAV,0.126794375,Whitelock
21316,296.17764,-14.6424,18.63,0.79,17.47,0.64,16.42,0.45,LAV,0.167655905,Whitelock
30767,296.26511,-14.96155,18.07,0.4,17.09,0.3,16.45,0.2,LAV,0.163689726,Whitelock
30924,296.21112,-14.91074,19.46,0.36,17.55,0.2,16.25,0.13,LAV,0.110692002,Whitelock
30961,296.30179,-14.90356,19.75,0.26,17.75,0.18,15.96,0.44,LAV,0.124640989,Whitelock
40030,296.18011,-14.75091,17.02,0.16,16.27,0.2,15.81,0.12,LAV,0.071172956,Whitelock
40275,296.22681,-14.75065,17.13,0.34,15.92,0.29,15.11,0.28,LAV,0.051119629,Whitelock
40327,296.23346,-14.74996,17.71,0.18,16.93,0.23,16.52,0.18,LAV,0.051825628,Whitelock
40419,296.24622,-14.86655,17.98,0.08,16.67,0.06,15.79,0.08,LAV,0.066876773,Whitelock
40493,296.26105,-14.73764,18.29,0.15,16.78,0.16,15.38,0.19,LAV,0.07116139,Whitelock
40538,296.2731,-14.75146,17.31,0.16,16.57,0.17,15.96,0.2,LAV,0.066171399,Whitelock
12557,296.18398,-14.78018,18.23,,17.51,,17.12,,O,0.050790358,Whitelock
11226,296.25229,-14.78475,17.49,,16.54,,16.08,,O,0.027984469,Whitelock
20331,296.20415,-14.63486,16.58,,15.91,,15.46,,O,0.168801062,Whitelock
10184,296.22364,-14.77473,16.44,,15.58,,15.13,,O,0.027680556,Whitelock
30133,296.21816,-14.88035,16.3,,15.53,,15.09,,O,0.079565872,Whitelock
20134,296.21322,-14.68097,16.35,,15.55,,15.07,,O,0.121860816,Whitelock
40139,296.20428,-14.74271,15.25,,14.32,,13.92,,O,0.064325734,Whitelock
40363,296.23649,-14.85697,19.18,,17.73,,16.32,,C,0.05567953,Whitelock
10198,296.25088,-14.76786,15.5,,14.68,,14.19,,O,0.039737772,Whitelock
30292,296.18801,-14.87231,15.88,,15.19,,14.68,,O,0.082177672,Whitelock
10091,296.26702,-14.76311,15.46,,14.67,,14.18,,O,0.053454223,Whitelock
20004,296.21293,-14.73224,13.72,,12.97,,12.57,,O,0.071497621,Whitelock
10817,296.23639,-14.83054,17.7,,16.76,,16.04,,LPV,0.029568717,Whitelock
12751,296.21027,-14.75973,17.89,,16.91,,16.29,,LPV,0.046349072,Whitelock
11032,296.18048,-14.80431,18.2,,16.91,,15.94,,LPV,0.049590322,Whitelock
10748,296.17438,-14.83893,18.58,,17.16,,16.11,,LPV,0.066946934,Whitelock
12208,296.23352,-14.80653,17.87,,16.61,,15.62,,LPV,0.006000833,Whitelock
21419,296.27563,-14.74923,19.93,,18.27,,16.57,,LPV,0.069512952,Whitelock
13364,296.19489,-14.82267,18.1,,16.85,,15.86,,LPV,0.040911027,Whitelock
20239,296.22632,-14.72554,18.04,,16.71,,15.66,,LPV,0.076218891,Whitelock
20558,296.19647,-14.70265,18.21,,16.6,,15.31,,LPV,0.104542916,Whitelock
20840,296.30347,-14.74166,18.7,,17.18,,15.98,,LPV,0.094863275,Whitelock
12466,296.17462,-14.78854,18.42,,17.09,,16.03,,LPV,0.056915211,Whitelock
40114,296.19916,-14.8616,20.21,,18.61,,16.99,,LPV,0.067399633,Whitelock
11059,296.21259,-14.80142,18.38,,16.9,,15.79,,LPV,0.017411795,Whitelock
11296,296.21729,-14.77647,18.37,,16.99,,15.78,,LPV,0.028223821,Whitelock
30928,296.22229,-14.90997,18.95,,17.42,,16.28,,LPV,0.108574095,Whitelock
13106,296.24048,-14.84939,19.1,,17.38,,15.96,,LPV,0.048857229,Whitelock
11305,296.17957,-14.77527,18.02,,16.56,,15.45,,LPV,0.056922271,Whitelock
30920,296.24246,-14.91158,18.95,,17.21,,15.86,,LPV,0.110614012,Whitelock
11140,296.22876,-14.79337,18.75,,17.25,,15.93,,LPV,0.008392115,Whitelock
20439,296.2464,-14.73473,19.15,,17.32,,15.77,,LPV,0.068919689,Whitelock
10753,296.24295,-14.83836,18.4,,17.06,,15.88,,LPV,0.038908336,Whitelock
40520,296.26687,-14.74039,18.41,,16.86,,15.51,,LPV,0.071516678,Whitelock
31168,296.23883,-14.87026,19.49,,17.5,,15.82,,LPV,0.069156034,Whitelock
21671,296.26569,-14.72024,19.78,,17.78,,16.16,,LPV,0.088907936,Whitelock
11174,296.21774,-14.78943,19.12,,17.42,,15.9,,LPV,0.017324122,Whitelock
20569,296.29114,-14.6977,19.24,,17.62,,16.03,,LPV,0.120614512,Whitelock
12445,296.21661,-14.79057,20.26,,18.34,,16.43,,LPV,0.017392588,Whitelock
21141,296.29965,-14.69757,18.16,,16.62,,15.42,,LPV,0.125251477,Whitelock
21234,296.28125,-14.67393,20.16,,18.21,,16.25,,LPV,0.137637459,Whitelock
12147,296.28897,-14.81087,19.93,,17.89,,16.24,,LPV,0.059683339,Whitelock
11299,296.25732,-14.77645,19.06,,17.3,,15.73,,LPV,0.037181054,Whitelock
13293,296.25696,-14.83051,20.3,,18.37,,16.42,,LPV,0.039478946,Whitelock
21029,296.19858,-14.71837,19.11,,17.07,,15.55,,LPV,0.089028683,Whitelock
40102,296.19682,-14.75119,19.69,,17.43,,15.69,,LPV,0.060408135,Whitelock
12177,296.28424,-14.80892,20.5,,18.1,,16.1,,LPV,0.054722391,Whitelock
10807,296.21631,-14.83196,20.37,,18,,15.89,,LPV,0.033240039,Whitelock
40623,296.29793,-14.74687,20.4,,18.08,,16.11,,LPV,0.087278433,Whitelock
30268,296.25891,-14.88796,16.73,,15.44,,14.45,,LPV,0.091004133,Whitelock
20540,296.18011,-14.71067,17.88,,16.89,,16.39,,C,0.103778669,Whitelock
40590,296.28567,-14.73952,18.01,,17.04,,16.39,,C,0.08343723,Whitelock
20578,296.29065,-14.69641,17.8,,16.82,,16.14,,C,0.12148288,Whitelock
20542,296.17703,-14.71031,17.84,,16.76,,16.02,,C,0.105605258,Whitelock
30430,296.21802,-14.92573,17.67,,16.56,,15.86,,C,0.124637089,Whitelock
12400,296.17468,-14.79389,18,,16.75,,15.88,,C,0.055864397,Whitelock
30583,296.30014,-14.87872,18.37,,17.07,,15.88,,C,0.104193676,Whitelock
20375,296.18277,-14.74815,18.03,,16.62,,15.59,,C,0.071379712,Whitelock
20657,296.22934,-14.65254,17.98,,16.59,,15.56,,C,0.14913146,Whitelock
20588,296.29919,-14.69143,17.56,,16.22,,15.16,,C,0.130154192,Whitelock
10032,296.22696,-14.80191,14.48,,13.66,,13.34,,s,0.0030494589684059346,Whitelock
10074,296.24005,-14.80796,14.74,,13.94,,13.66,,s,0.0118560786097075,Whitelock
20022,296.20816,-14.72616,14.09,,13.21,,12.83,,s,0.07860499793270027,Whitelock
40397,296.24301,-14.74652,14.1,,13.3,,12.99,,s,0.05666376796507755,Whitelock
,296.22287,-14.71018,17.6,,16.76,,16.37,,C,0.091767407,Sibbons
,296.22888,-14.72012,17.5,,16.56,,16.3,,C,0.081557691,Sibbons
,296.22033,-14.72841,18.26,,17.25,,17.15,,C,0.073895443,Sibbons
,296.12738,-14.73369,17.56,,16.81,,16.41,,C,0.123094049,Sibbons
,296.31088,-14.73645,17.18,,16.31,,15.91,,C,0.103900062,Sibbons
,296.28564,-14.74075,16.67,,15.62,,15.09,,C,0.082504885,Sibbons
,296.18609,-14.7787,16.72,,15.9,,15.54,,C,0.049555111,Sibbons
,296.24578,-14.7865,17.58,,16.73,,16.46,,C,0.021889205,Sibbons
,296.23651,-14.79789,17.25,,16.52,,16.22,,C,0.007527848,Sibbons
,296.22512,-14.86821,17.31,,16.58,,16.32,,C,0.066718708,Sibbons
,296.21267,-14.87307,17.66,,16.8,,16.47,,C,0.073473049,Sibbons
,296.117004,-14.632751,16.46,,15.59,,15.26,,C,0.203228257,Sibbons
,296.233887,-14.671288,17.14,,16.26,,16.01,,C,0.130439928,Sibbons
,295.968842,-14.682981,16.82,,16.02,,15.68,,C,0.286863347,Sibbons
,296.259827,-14.684196,17.31,,16.47,,16.21,,C,0.121201446,Sibbons
,296.411377,-14.685686,17.47,,16.58,,16.11,,C,0.215290279,Sibbons
,296.156006,-14.687428,17.31,,16.25,,15.68,,C,0.136111523,Sibbons
,296.179413,-14.688039,17.24,,16.35,,16.08,,C,0.124382671,Sibbons
,296.248596,-14.689795,17.26,,16.43,,16.11,,C,0.113409994,Sibbons
,295.969452,-14.694445,17.32,,16.4,,16.13,,C,0.281748932,Sibbons
,296.350922,-14.720666,17.05,,16.13,,15.75,,C,0.145546481,Sibbons
,296.375854,-14.73088,16.15,,15.33,,15.03,,C,0.162125302,Sibbons
,296.436554,-14.743853,17.45,,16.68,,16.56,,C,0.214493264,Sibbons
,296.485382,-14.756809,16.74,,15.93,,15.63,,C,0.259292258,Sibbons
,296.131714,-14.759347,17.37,,16.47,,16.18,,C,0.107011093,Sibbons
,296.112915,-14.776258,17.35,,16.46,,15.92,,C,0.119810963,Sibbons
,296.152313,-14.788395,17.14,,16.3,,15.98,,C,0.078813042,Sibbons
,296.283356,-14.789384,17.47,,16.75,,16.45,,C,0.054752247,Sibbons
,296.374786,-14.798067,17.73,,16.79,,16.55,,C,0.144830823,Sibbons
,296.170349,-14.798781,17.4,,16.44,,15.76,,C,0.059720919,Sibbons
,296.073059,-14.801702,17.62,,16.74,,16.46,,C,0.156941003,Sibbons
,296.160095,-14.802064,17.38,,16.61,,16.35,,C,0.06990611,Sibbons
,296.338257,-14.808908,17.41,,16.5,,16.05,,C,0.108498694,Sibbons
,296.100708,-14.828527,16.72,,15.96,,15.64,,C,0.132051958,Sibbons
,296.129822,-14.832311,17.56,,16.74,,16.49,,C,0.10475926,Sibbons
,296.084503,-14.832314,17.5,,16.6,,16.15,,C,0.148689044,Sibbons
,296.434357,-14.834667,17.48,,16.72,,16.32,,C,0.20700383,Sibbons
,296.30838,-14.840508,17.25,,16.46,,16.08,,C,0.087474651,Sibbons
,296.173828,-14.855554,17.84,,16.97,,16.65,,C,0.077838159,Sibbons
,296.080383,-14.858717,16.31,,15.7,,15.29,,C,0.160123724,Sibbons
,296.28244,-14.868937,17.48,,16.72,,16.55,,C,0.085292455,Sibbons
,296.236908,-14.87212,18.02,,17.07,,16.82,,C,0.070787873,Sibbons
,296.096558,-14.8814,17.98,,17.19,,17.03,,C,0.155446583,Sibbons
,296.261414,-14.883708,17.94,,17.07,,16.79,,C,0.087846872,Sibbons
,296.431213,-14.889406,17.33,,16.48,,16.18,,C,0.219509173,Sibbons
,296.163086,-14.894488,16.75,,15.88,,15.44,,C,0.114423182,Sibbons
,296.118591,-14.89873,16.89,,16.03,,15.73,,C,0.147758617,Sibbons
,296.251007,-14.9064,17.96,,17.09,,16.77,,C,0.106816043,Sibbons
,296.35376,-14.912353,17.22,,16.35,,15.96,,C,0.166033925,Sibbons
,296.223907,-14.922441,17.22,,16.33,,15.81,,C,0.120924601,Sibbons
,296.332458,-14.951111,17.76,,16.91,,16.48,,C,0.181191209,Sibbons
,296.034485,-14.951339,17.57,,16.71,,16.39,,C,0.246225354,Sibbons
,296.345795,-14.960103,16.91,,16.07,,15.72,,C,0.196238369,Sibbons
,296.33786,-14.988564,16.73,,15.73,,15.19,,C,0.215784955,Sibbons
,296.281311,-14.988667,17.16,,16.35,,16.07,,C,0.193908991,Sibbons
,296.204498,-14.674287,18.32,,17.55,,17.28,,C,0.129910664,Sibbons
,296.247101,-14.722958,18.13,,17.27,,17.03,,C,0.080548266,Sibbons
,296.244446,-14.75467,17.25,,16.49,,16.22,,C,0.04916998,Sibbons
,296.350891,-14.757086,16.98,,16.22,,15.85,,C,0.128850172,Sibbons
,296.234558,-14.767653,16.96,,16.04,,15.62,,C,0.034321009,Sibbons
,296.290405,-14.774523,17.63,,16.84,,16.69,,C,0.066224796,Sibbons
,296.278412,-14.780069,17.65,,16.54,,15.76,,C,0.053012498,Sibbons
,296.352264,-14.780713,17.09,,16.3,,15.76,,C,0.124047094,Sibbons
,296.229034,-14.781347,17.61,,16.51,,15.94,,C,0.020345945,Sibbons
,296.213776,-14.783867,17.89,,17.08,,16.72,,C,0.024086614,Sibbons
,296.257843,-14.793209,17.91,,17.14,,16.88,,C,0.029100192,Sibbons
,296.208191,-14.797331,17.67,,16.91,,16.45,,C,0.022236443,Sibbons
,296.184326,-14.799191,17.83,,17.03,,16.78,,C,0.045741226,Sibbons
,296.274109,-14.800164,17.57,,16.75,,16.4,,C,0.044134702,Sibbons
,296.251343,-14.803117,17.41,,16.5,,16.15,,C,0.021391995,Sibbons
,296.191315,-14.818703,16.95,,16.05,,15.64,,C ,0.04226881,Sibbons
,296.212616,-14.82485,17.39,,16.56,,16.25,,C ,0.0289744,Sibbons
,296.182983,-14.828946,17.6,,16.81,,16.58,,C ,0.054356034,Sibbons
,296.233093,-14.830748,17.39,,16.6,,16.31,,C ,0.029242037,Sibbons
,296.241516,-14.846167,18.41,,17.3,,16.36,,C ,0.045963042,Sibbons
,296.234772,-14.862573,17.71,,16.99,,16.68,,C ,0.061089667,Sibbons
,296.153625,-14.886689,18,,17.21,,16.92,,C ,0.114286355,Sibbons
,296.183685,-14.962144,18.24,,17.33,,16.82,,C ,0.167023902,Sibbons
,296.190338,-14.641755,17.59,,16.78,,16.4,,C ,0.164760072,Sibbons
,296.32608,-14.666169,17.58,,16.8,,16.51,,C ,0.166108059,Sibbons
,296.335388,-14.681108,18.39,,17.51,,17.1,,C ,0.160130654,Sibbons
,296.539612,-14.704988,17.59,,16.48,,15.73,,C ,0.324356285,Sibbons
,296.099152,-14.708244,17.48,,16.63,,16.27,,C ,0.16077816,Sibbons
,296.374054,-14.711063,17.55,,16.85,,16.52,,C ,0.170179856,Sibbons
,296.075775,-14.711885,18.14,,17.39,,17.1,,C ,0.178456428,Sibbons
,296.341431,-14.712852,17.32,,16.39,,15.85,,C ,0.142497386,Sibbons
,296.110779,-14.725801,17.15,,16.18,,15.45,,C ,0.141314373,Sibbons
,295.977081,-14.726664,17.58,,16.77,,16.22,,C ,0.263806597,Sibbons
,296.08786,-14.740214,17.23,,18.14,,15.9,,C ,0.154856771,Sibbons
,296.171387,-14.745203,18.02,,17.23,,16.97,,C ,0.081387996,Sibbons
,296.342804,-14.764064,18.2,,17.41,,17.02,,C ,0.118907332,Sibbons
,296.106384,-14.767224,17.62,,16.8,,16.58,,C ,0.128325533,Sibbons
,296.304626,-14.767883,17.76,,17.03,,16.59,,C ,0.08191826,Sibbons
,296.333038,-14.770712,18.24,,17.51,,17.25,,C ,0.10758823,Sibbons
,296.162018,-14.82305,17.45,,16.64,,16.28,,C ,0.071264695,Sibbons
,296.167816,-14.842195,17.72,,16.99,,16.6,,C ,0.074223483,Sibbons
,296.066071,-14.844581,17.44,,16.78,,16.3,,C ,0.169452268,Sibbons
,296.364624,-14.865284,17.45,,16.57,,16.19,,C ,0.148897154,Sibbons
,296.297241,-14.869897,17.49,,16.7,,16.21,,C ,0.095792879,Sibbons
,296.207458,-14.896397,17.39,,16.58,,16.2,,C ,0.097372205,Sibbons
,296.368011,-14.913227,16.96,,15.87,,15.15,,C ,0.177459856,Sibbons
,296.08905,-14.945495,18.64,, ,,15.9,,C ,0.201376595,Sibbons
,296.06134,-14.955141,18.23,,17.2,,17.1,,C ,0.228034084,Sibbons
,295.969788,-14.97507,17.69,,16.93,,16.6,,C ,0.312694491,Sibbons
,296.090485,-15.010141,18.2,,16.77,,16.74,,C ,0.250847749,Sibbons
,295.9715833,-14.87727778,17.725,,,,15.896,,C,0.269250306,demmers
,295.9795,-14.88288889,17.659,,,,15.924,,C,0.263337726,demmers
,295.9872917,-14.71725,17.919,,,,15.837,,C,0.256970923,demmers
,296.0039167,-14.86283333,18.406,,,,16.695,,C,0.234210613,demmers
,296.0052083,-14.88833333,16.932,,,,15.307,,C,0.240918744,demmers
,296.0104583,-14.74452778,16.983,,,,15.361,,C,0.226856323,demmers
,296.01275,-14.74005556,17.553,,,,15.745,,C,0.225818294,demmers
,296.0195,-14.78566667,17.926,,,,16.385,,C,0.211107453,demmers
,296.0288333,-14.90255556,17.471,,,,15.156,,C,0.225046523,demmers
,296.0429167,-14.78219444,17.033,,,,15.322,,C,0.188094281,demmers
,296.048125,-14.89977778,17.64,,,,15.913,,C,0.20664862,demmers
,296.0512083,-14.72680556,17.588,,,,15.526,,C,0.193832805,demmers
,296.0512917,-14.86669444,17.677,,,,15.785,,C,0.19017054,demmers
,296.053,-14.92319444,17.944,,,,16.189,,C,0.214702561,demmers
,296.0642083,-14.73602778,17.69,,,,15.998,,C,0.178313737,demmers
,296.0672917,-14.90311111,18.114,,,,16.186,,C,0.191740162,demmers
,296.0719583,-14.84902778,17.452,,,,15.915,,C,0.164984661,demmers
,296.0726667,-14.85652778,17.853,,,,16.275,,C,0.166622757,demmers
,296.076875,-14.878,17.83,,,,16.111,,C,0.171095104,demmers
,296.0774167,-14.78311111,17.557,,,,15.866,,C,0.153707826,demmers
,296.0783333,-14.78972222,17.493,,,,15.54,,C,0.152136575,demmers
,296.0819167,-14.75133333,17.459,,,,15.951,,C,0.156404744,demmers
,296.0848333,-14.78113889,17.931,,,,16.142,,C,0.146611382,demmers
,296.0854167,-14.8265,18.069,,,,16.191,,C,0.146699896,demmers
,296.0927917,-14.89219444,17.852,,,,15.69,,C,0.164380023,demmers
,296.1002083,-14.78658333,17.618,,,,15.548,,C,0.130665577,demmers
,296.103625,-14.72475,17.362,,,,15.267,,C,0.147943662,demmers
,296.1045,-14.84272222,18.09,,,,15.562,,C,0.132043685,demmers
,296.106625,-14.87427778,17.896,,,,16.268,,C,0.143154743,demmers
,296.1095,-14.93286111,17.901,,,,15.859,,C,0.178132977,demmers
,296.1097083,-14.74066667,17.474,,,,15.91,,C,0.134875866,demmers
,296.111,-14.85966667,17.429,,,,15.315,,C,0.132380564,demmers
,296.1127917,-14.86825,17.534,,,,15.622,,C,0.134798672,demmers
,296.1151667,-14.76961111,17.448,,,,15.497,,C,0.119224407,demmers
,296.1187083,-14.84547222,18.291,,,,16.169,,C,0.119601325,demmers
,296.1207083,-14.84447222,17.811,,,,16.104,,C,0.117374212,demmers
,296.1269167,-14.78975,16.994,,,,14.984,,C,0.103770194,demmers
,296.1280417,-14.7905,17.8,,,,15.905,,C,0.102568337,demmers
,296.1295,-14.78983333,17.657,,,,16.016,,C,0.101194648,demmers
,296.3658333,-14.8525,17.512,,,,15.837,,C,0.145032322,demmers
,296.3695417,-14.87288889,17.162,,,,15.447,,C,0.1566653,demmers
,296.3714583,-14.90411111,17.497,,,,15.546,,C,0.174655752,demmers
,296.3826667,-14.75219444,17.15,,,,15.626,,C,0.160483495,demmers
,296.4017917,-14.73822222,17.502,,,,15.908,,C,0.183133855,demmers
,296.4022917,-14.87413889,17.212,,,,15.705,,C,0.186912198,demmers
,296.4063333,-14.80080556,17.37,,,,15.431,,C,0.176335419,demmers
,296.4102083,-14.84980556,17.29,,,,15.674,,C,0.186526308,demmers
,296.4211667,-14.74713889,17.534,,,,15.979,,C,0.198792226,demmers
,296.4267083,-14.75402778,17.489,,,,15.967,,C,0.202395495,demmers
,296.4300833,-14.76258333,17.477,,,,15.811,,C,0.203865384,demmers
,296.436125,-14.89513889,17.603,,,,15.882,,C,0.226327084,demmers
,296.4425,-14.76263889,17.174,,,,15.292,,C,0.216054802,demmers
,296.461375,-14.85475,17.42,,,,15.618,,C,0.237385503,demmers
,296.4752083,-14.89816667,17.27,,,,15.744,,C,0.263512272,demmers
,296.4792917,-14.69538889,16.708,,,,15.127,,C,0.271001893,demmers
,296.5227083,-14.84297222,17.62,,,,15.747,,C,0.295607886,demmers
,296.545625,-14.90069444,17.423,,,,15.513,,C,0.330794468,demmers
,296.306183,-14.863027,17.451,,16.284,,15.489,,C,0.097818868,Kacharov
,296.316101,-14.679276,17.443,,16.601,,16.179,,C,0.149645158,Kacharov
,296.343781,-14.74656,17.437,,16.532,,16.128,,C,0.126424792,Kacharov
,296.363739,-14.759742,16.528,,15.565,,14.986,,C,0.140157331,Kacharov
,296.313934,-14.783896,17.388,,16.359,,15.668,,C,0.085795288,Kacharov
,296.193542,-14.678253,17.488,,16.498,,16.071,,C,0.128689322,Kacharov
,296.184784,-14.717754,17.435,,16.459,,16.039,,C,0.095322514,Kacharov
,296.138214,-14.72313,17.227,,16.188,,15.542,,C,0.120802324,Kacharov
,296.197662,-14.763362,17.175,,16.255,,15.536,,C,0.050132316,Kacharov
,296.208893,-14.769947,17.025,,16.201,,15.758,,C,0.038103204,Kacharov
,296.199615,-14.7809,18.414,,17.421,,17.201,,C,0.03680545,Kacharov
,296.180084,-14.825297,17.231,,16.366,,15.897,,C,0.055225376,Kacharov
,296.212219,-14.830112,17.27,,16.343,,16.036,,C,0.033542679,Kacharov
,296.194489,-14.842676,17.014,,16.111,,15.568,,C,0.054245029,Kacharov
,296.202057,-14.847754,17.178,,16.174,,15.577,,C,0.053893843,Kacharov
,296.164886,-14.853178,17.217,,16.028,,15.151,,C,0.083023533,Kacharov
,296.179565,-14.858191,17.341,,16.375,,15.818,,C,0.075751651,Kacharov
,296.188385,-14.861088,17.551,,16.547,,16.182,,C,0.07254176,Kacharov
,296.178772,-14.868636,17.478,,16.402,,15.788,,C,0.084313422,Kacharov
,296.168549,-14.87782,17.222,,16.157,,15.564,,C,0.097852174,Kacharov
,296.206696,-14.92662,16.997,,15.861,,15.147,,C,0.127104598,Kacharov
,296.345673,-14.834577,17.219,,16.341,,15.898,,C,0.120262686,Kacharov
,296.346741,-14.855356,17.32,,16.481,,16.022,,C,0.128493765,Kacharov
,296.365631,-14.891643,15.562,,14.712,,14.318,,C,0.16276028,Kacharov
,296.335785,-14.902986,17.233,,16.411,,16.022,,C,0.146476613,Kacharov
,296.275116,-14.926181,18.321,,17.4,,17.123,,C,0.132432785,Kacharov
,296.293854,-14.708783,17.537,,16.573,,16.344,,C,0.112717914,Kacharov
,296.299103,-14.783449,17.48,,16.529,,15.729,,C,0.071464883,Kacharov
,296.134644,-14.67692,17.35,,16.321,,15.771,,C,0.157020156,Kacharov
,296.121368,-14.679315,17.359,,16.399,,16.029,,C,0.163620468,Kacharov
,296.170105,-14.696488,17.366,,16.439,,16.089,,C,0.121039928,Kacharov
,296.20285,-14.700215,17.115,,15.986,,15.382,,C,0.105024947,Kacharov
,296.187347,-14.717557,17.671,,16.723,,16.491,,C,0.094309465,Kacharov
,296.198029,-14.719869,17.606,,16.479,,15.802,,C,0.087826809,Kacharov
,296.103516,-14.723016,17.447,,16.545,,16.07,,C,0.148945137,Kacharov
,296.151001,-14.726998,16.872,,16,,15.486,,C,0.108704874,Kacharov
,296.159454,-14.733295,17.518,,16.572,,15.92,,C,0.098243976,Kacharov
,296.179535,-14.737016,17.065,,16.054,,15.353,,C,0.082017412,Kacharov
,296.179321,-14.742605,17.415,,16.49,,15.87,,C,0.077826957,Kacharov
,296.207184,-14.745038,17.006,,15.993,,15.379,,C,0.06105533,Kacharov
,296.179443,-14.752915,16.663,,15.734,,15.234,,C,0.070235748,Kacharov
,296.203827,-14.755259,17.967,,17.164,,16.598,,C,0.053282331,Kacharov
,296.181671,-14.7577,17.175,,16.282,,15.944,,C,0.065337992,Kacharov
,296.202637,-14.773767,17.296,,16.414,,15.714,,C,0.039080829,Kacharov
,296.194275,-14.821965,17.296,,16.408,,15.902,,C,0.041087257,Kacharov
,296.163879,-14.827393,17.105,,15.991,,15.211,,C,0.070948287,Kacharov
,296.170105,-14.844587,17.354,,16.234,,15.509,,C,0.073683648,Kacharov
,296.156158,-14.860965,17.108,,16.214,,15.634,,C,0.094702365,Kacharov
,296.171783,-14.865685,17.105,,16.145,,15.625,,C,0.086528257,Kacharov
,296.178711,-14.876316,18.07,,17.083,,16.72,,C,0.090568134,Kacharov
,296.155457,-14.878673,17.625,,16.429,,15.762,,C,0.107173322,Kacharov
,296.19754,-14.883656,17.866,,16.778,,16.2,,C,0.088177978,Kacharov
,296.201691,-14.886331,16.685,,15.619,,15.007,,C,0.089268608,Kacharov
,296.089813,-14.905375,17.896,,16.855,,16.316,,C,0.17437638,Kacharov
,296.17276,-14.922873,16.532,,15.67,,15.261,,C,0.13403949,Kacharov
,296.209412,-14.569217,17.453,,16.39,,15.66,,C,0.233362943,Kacharov
,296.040436,-14.607334,18.163,,17.085,,16.646,,C,0.271479264,Kacharov
,295.99939,-14.635953,17.817,,16.896,,16.458,,C,0.283977281,Kacharov
,296.021149,-14.796692,17.356,,16.289,,15.713,,C,0.208910317,Kacharov
,296.4646,-14.807542,17.144,,16.231,,15.567,,C,0.234673476,Kacharov
,296.51123,-14.584842,17.755,,16.79,,16.308,,C,0.355112228,Kacharov
,296.521149,-14.614511,18.27,,17.226,,16.797,,C,0.346115922,Kacharov
,296.488861,-14.638191,17.496,,16.557,,15.974,,C,0.306160743,Kacharov
,296.294617,-14.567719,18.624,,17.757,,17.118,,C,0.242710583,Kacharov
,296.326508,-14.641376,16.649,,15.697,,15.114,,C,0.187104143,Kacharov
,296.263336,-14.708953,17.071,,16.053,,15.567,,C,0.098527818,Kacharov
,296.264954,-14.715384,17.411,,16.435,,16.041,,C,0.093097024,Kacharov
,296.31192,-14.728691,17.538,,16.72,,15.967,,C,0.109712446,Kacharov
,296.318024,-14.739033,17.173,,16.378,,15.97,,C,0.108035264,Kacharov
,296.283783,-14.741738,18.103,,17.246,,16.869,,C,0.080526118,Kacharov
,296.339813,-14.745103,18.044,,16.882,,16.328,,C,0.123526193,Kacharov
,296.276062,-14.751641,17.531,,16.642,,16.026,,C,0.068004475,Kacharov
,296.252136,-14.757003,17.914,,16.978,,16.427,,C,0.049851212,Kacharov
,296.248871,-14.764977,17.11,,15.994,,15.228,,C,0.041261252,Kacharov
,296.330048,-14.767764,17.105,,16.08,,15.383,,C,0.105637205,Kacharov
,296.261536,-14.769683,17.345,,16.483,,16.072,,C,0.044918676,Kacharov
,296.301117,-14.779015,17.097,,16.157,,15.672,,C,0.074638306,Kacharov
,296.307007,-14.784284,16.947,,16.062,,15.609,,C,0.078945241,Kacharov
,296.356781,-14.748176,17.254,,16.329,,15.885,,C,0.137604615,Kacharov
,296.479218,-14.974156,16.882,,15.943,,15.387,,C,0.303085849,Kacharov
,296.470612,-14.886045,17.665,,16.743,,16.467,,C,0.254977009,Kacharov
,296.251434,-14.798083,17.625,,16.616,,16.058,,C,0.021732071,Kacharov
,296.297028,-14.802626,16.821,,15.758,,14.954,,C,0.067034817,Kacharov
,296.256256,-14.807403,17.424,,16.327,,15.554,,C,0.026874613,Kacharov
,296.244385,-14.810474,16.872,,15.96,,15.476,,C,0.016865309,Kacharov
,296.244141,-14.813117,17.32,,16.187,,15.349,,C,0.018193452,Kacharov
,296.259552,-14.815343,17.428,,16.335,,15.717,,C,0.032561812,Kacharov
,296.259796,-14.82215,17.409,,16.47,,16.006,,C,0.036155664,Kacharov
,296.264984,-14.824442,18.374,,17.308,,17.061,,C,0.041742595,Kacharov
,296.257324,-14.837327,18.011,,17.107,,16.687,,C,0.044922407,Kacharov
,296.257874,-14.842669,17.395,,16.265,,15.595,,C,0.049576989,Kacharov
,296.244781,-14.845008,17.719,,16.678,,16.005,,C,0.045789302,Kacharov
,296.262543,-14.847853,17.049,,16.052,,15.442,,C,0.056497047,Kacharov
,296.337067,-14.850516,16.924,,16.08,,15.693,,C,0.117682939,Kacharov
,296.275482,-14.853798,17.352,,16.271,,15.605,,C,0.069180494,Kacharov
,296.278717,-14.858888,16.683,,15.688,,15.117,,C,0.075148158,Kacharov
,296.261169,-14.861171,18.091,,17.198,,16.647,,C,0.067170496,Kacharov
,296.281311,-14.863727,18.471,,17.403,,17.179,,C,0.080522605,Kacharov
,296.309265,-14.868592,17.326,,16.568,,16.129,,C,0.103737622,Kacharov
,296.289734,-14.876258,17.404,,16.537,,15.991,,C,0.09555899,Kacharov
,296.262299,-14.882443,16.354,,15.396,,14.905,,C,0.086991396,Kacharov
,296.294189,-14.884681,16.906,,15.826,,15.156,,C,0.104933569,Kacharov
,296.266968,-14.910404,17.84,,16.579,,15.701,,C,0.114846488,Kacharov
,296.286987,-14.962574,17.446,,16.297,,15.629,,C,0.170697438,Kacharov
,296.311035,-14.973057,17.364,,16.349,,15.704,,C,0.189578941,Kacharov
,296.334747,-14.99367,17.319,,16.239,,15.529,,C,0.218714275,Kacharov
,296.325409,-14.997616,17.49,,16.614,,16.124,,C,0.217939699,Kacharov
,296.250244,-15.015092,18.436,,17.14,,15.842,,C,0.214379966,Kacharov
,296.216919,-14.990644,17.631,,16.691,,16.218,,C,0.1894262,Kacharov
,296.219086,-14.802538,17.309,,16.477,,15.994,,C,0.010948462,Kacharov
,296.16803,-14.836925,18.081,,16.862,,15.934,,C,0.071296535,Kacharov
,296.22171,-14.839417,17.929,,17,,16.501,,C,0.038646605,Kacharov
,296.204712,-14.849141,17.306,,16.262,,15.565,,C,0.053786418,Kacharov
,296.187256,-14.854028,18.166,,17.224,,16.937,,C,0.067590012,Kacharov
,296.227081,-14.876891,17.543,,16.457,,15.858,,C,0.075277616,Kacharov
,296.226807,-14.881382,17.365,,16.369,,15.908,,C,0.079775925,Kacharov
,295.976105,-14.796489,18.25,,17.411,,17.052,,C,0.253947856,Kacharov
,296.003693,-14.974893,18.392,,17.56,,17.21,,C,0.284993098,Kacharov
